date,rho_63,rho_21,rho_126
2000-02-01,0.570903101799794,0.850155345074897,0.5766248471662337
2000-02-02,0.5708179076193236,0.9093057154443583,0.5738511022263335
2000-02-03,0.5827034102943965,0.8603438690245393,0.5738879736037854
2000-02-04,0.5816183381797918,0.892240642098214,0.5719758269706698
2000-02-07,0.5764466046551014,0.9357615988307597,0.5708906460237659
2000-02-08,0.5841628078470201,0.6055256932672461,0.5730051987855502
2000-02-09,0.6085930523902836,0.7870606927892864,0.5899967928048641
2000-02-10,0.5867334545892207,0.7316814193370567,0.5814637977751216
2000-02-11,0.5967158674542496,0.751963760259097,0.579858145167758
2000-02-14,0.6046638779620245,0.7425131768092308,0.5795259836136716
2000-02-15,0.6023821362274145,0.705095243503104,0.5808073635992949
2000-02-16,0.6147998467234372,0.7193170073613365,0.5820091848966346
2000-02-17,0.6099044654018899,0.6795940401277017,0.5765379326194338
2000-02-18,0.6157116127040172,0.6409776537005636,0.575975411436893
2000-02-22,0.6117177724924738,0.6363552563342048,0.5696476388678737
2000-02-23,0.6090719037302557,0.5946258476102478,0.5666869951404898
2000-02-24,0.617711749151947,0.6105433687824116,0.5777958030428838
2000-02-25,0.6112504561621508,0.6606400223860235,0.5723893597874752
2000-02-28,0.6168079432216418,0.6918273442794266,0.572178615842818
2000-02-29,0.6183550667603736,0.6028504887076805,0.5660677613203893
2000-03-01,0.6197551411735237,0.5219410625372652,0.5629869291904644
2000-03-02,0.5974592059397247,0.49170603702173454,0.5425862120419352
2000-03-03,0.6089660755721259,0.5314901717181836,0.543583264219563
2000-03-06,0.5991639820295386,0.5006834242352292,0.5322092285067608
2000-03-07,0.5769893027147894,0.4488243227698399,0.5203336251547824
2000-03-08,0.5633723867097269,0.4159617356800225,0.5134434507512096
2000-03-09,0.5958353823239451,0.4985419461746418,0.5322818708538227
2000-03-10,0.597455133619803,0.45128211143880964,0.5320756256605353
2000-03-13,0.6064865585002707,0.48654637298403525,0.5331726372742246
2000-03-14,0.6191922212917578,0.4674019119395476,0.5365120715436519
2000-03-15,0.572583754139504,0.37953113401280586,0.5081060345403112
2000-03-16,0.5888980786071779,0.4531720300499763,0.5222584257059664
2000-03-17,0.5944514413165174,0.438618367030665,0.5200526851683768
2000-03-20,0.5950350806045526,0.45001999210296173,0.5197199371177565
2000-03-21,0.6051969454241602,0.4501543539990538,0.5160855081213782
2000-03-22,0.5970535479265636,0.44064592584842593,0.514589577307211
2000-03-23,0.6028695366939003,0.46528208181140385,0.5138810626596384
2000-03-24,0.597895317154884,0.4155891196407661,0.5152284295057068
2000-03-27,0.6016706410685342,0.4466690833243951,0.5179588716763455
2000-03-28,0.5980575899672671,0.4383550640670987,0.5155228265189596
2000-03-29,0.5812628750072293,0.40403318136252686,0.5042544724675051
2000-03-30,0.582941030782075,0.445116440510249,0.505046939139972
2000-03-31,0.5921622966235828,0.4640846139134732,0.512092560081546
2000-04-03,0.5695932949818577,0.3884309720740404,0.48999288495653986
2000-04-04,0.533224583547825,0.3827020213268473,0.48716098925150025
2000-04-05,0.53984290612381,0.4149124426093526,0.48832647714206556
2000-04-06,0.544793005623944,0.4157005432475266,0.4871978318314427
2000-04-07,0.4171329826622473,0.3281319608481193,0.4805198749340963
2000-04-10,0.42847589247282697,0.3009200667253937,0.46951614795709457
2000-04-11,0.4219189671539015,0.2792742880532421,0.4621265699376127
2000-04-12,0.41899831308462837,0.2976976481642924,0.44950607273258997
2000-04-13,0.4184538725697731,0.32891505689427597,0.45170384984408296
2000-04-14,0.47285108607295107,0.3881479639510247,0.4812156532499898
2000-04-17,0.49886464193917435,0.4738418393162104,0.49682487278305315
2000-04-18,0.4959685075440527,0.47980527467991774,0.5012246988309558
2000-04-19,0.48196638346191945,0.45118940901549043,0.5027225040943152
2000-04-20,0.48610204653843603,0.4646771839228342,0.5034739590717648
2000-04-24,0.46658332631592275,0.43434934931521335,0.5012915199402533
2000-04-25,0.5001200931826447,0.5362592169755208,0.5218755355710428
2000-04-26,0.5090107561450006,0.5436466838908196,0.5202807567462694
2000-04-27,0.5019683401293678,0.5127111642079679,0.5127591093288328
2000-04-28,0.47646642398210093,0.5163026448819636,0.49991655013097974
2000-05-01,0.464275886304181,0.5085532104755346,0.4993667631420721
2000-05-02,0.4512114592913619,0.4691016113065496,0.48096947105647864
2000-05-03,0.44874162116309235,0.5172619427699757,0.4777308431650252
2000-05-04,0.4474545626658843,0.5422757977704604,0.479388346472104
2000-05-05,0.4456972645681819,0.540416985139961,0.47691534115963014
2000-05-08,0.43995566936531993,0.5253310251273984,0.46969235618894434
2000-05-09,0.4355753745960633,0.5537621396389655,0.47024366956107916
2000-05-10,0.4245258139176232,0.5852947492606023,0.4696996456604706
2000-05-11,0.4460884317528987,0.6269435873319954,0.47620809607659625
2000-05-12,0.43878959433980574,0.6384361118103904,0.47683516016564914
2000-05-15,0.43933142536214204,0.6292777611121165,0.47907658202066816
2000-05-16,0.4339011068180485,0.5136847517953721,0.47673088427587784
2000-05-17,0.43253064627804505,0.4581861196763951,0.4798444495538435
2000-05-18,0.43991425816671575,0.47345985641629557,0.4807688709719793
2000-05-19,0.43221978751640494,0.47069125762840736,0.4798830005745174
2000-05-22,0.43369285146912623,0.4710613467089603,0.481299477689439
2000-05-23,0.43283011000443217,0.4746884932610746,0.47582291133362664
2000-05-24,0.4205324673819274,0.3062534065562203,0.4720776479124351
2000-05-25,0.43262108401746757,0.32976461661112266,0.4769287620224503
2000-05-26,0.4231024890753755,0.3713500949915751,0.4765424133127271
2000-05-30,0.43070981441067474,0.44782139837980367,0.48108023170124703
2000-05-31,0.42944625198332853,0.4280674884396459,0.4795555750190587
2000-06-01,0.4201019488502745,0.354932351238663,0.47147968444844873
2000-06-02,0.40134397908484815,0.2824243119951224,0.463783134614465
2000-06-05,0.4017216380487014,0.2858247225395344,0.46103683654806427
2000-06-06,0.4096289199202527,0.27347312061926976,0.45857886494262534
2000-06-07,0.4137235716591108,0.29589111954421027,0.4576538682061521
2000-06-08,0.39292750438668433,0.29229739706884333,0.45843170372836084
2000-06-09,0.3912486384231747,0.2637840988547869,0.45817559256293533
2000-06-12,0.39095816463859706,0.22854385434078334,0.46064077087334443
2000-06-13,0.3927200352596402,0.2596680902883083,0.4678596262712921
2000-06-14,0.4058856494790428,0.23174654885047874,0.46580498426601047
2000-06-15,0.36930152856840165,0.2211078028182166,0.4642400994334876
2000-06-16,0.3676764113081187,0.203367005808126,0.4654969023042784
2000-06-19,0.3661739908286963,0.19787543204660402,0.464575702939632
2000-06-20,0.3546798019433672,0.19828670996767478,0.46462715786147735
2000-06-21,0.35518560474131206,0.18329339747768097,0.4609379695775998
2000-06-22,0.3484751630944617,0.22165119668063712,0.4604204322162112
2000-06-23,0.3484670888939904,0.21756109853182612,0.456383050599708
2000-06-26,0.3538075034981181,0.1819432815050095,0.45957658487474373
2000-06-27,0.35379677945607035,0.18499805629714403,0.4587208994790341
2000-06-28,0.36541021347795355,0.10596470629602113,0.4595772371980992
2000-06-29,0.3599531197961649,0.13209933626890685,0.45869528273615556
2000-06-30,0.3326631111295148,0.11100622716113442,0.44276510826147736
2000-07-03,0.36624829106908147,0.1882717029424709,0.45161821870461183
2000-07-05,0.3758667939802753,0.21738203950604035,0.43780888851013605
2000-07-06,0.3779531709032657,0.2497848690081766,0.44075178724607816
2000-07-07,0.3806629922525393,0.2754804545142061,0.4440291984417817
2000-07-10,0.3902473452394207,0.27110136435426857,0.3822243555279351
2000-07-11,0.40365007834786115,0.26791569531413434,0.39279066165690724
2000-07-12,0.4043786588698944,0.22720593934864883,0.39066085238662135
2000-07-13,0.4008707242115639,0.15160514441164258,0.3865909564078017
2000-07-14,0.3968277451821643,0.17631108595006828,0.3845538067523507
2000-07-17,0.3121252117142003,0.19633123709018246,0.38248682070033196
2000-07-18,0.2796749796990802,0.20959186481950298,0.3829504503775863
2000-07-19,0.27588671532557546,0.21409474639908976,0.38079745725921677
2000-07-20,0.2857234469371047,0.25008798940276056,0.3769632698671691
2000-07-21,0.3056345071007635,0.3569402582795187,0.3858916983625079
2000-07-24,0.3078533760562834,0.32092789750903755,0.3744716257340967
2000-07-25,0.24178412342425454,0.3037247994606646,0.3728213516808001
2000-07-26,0.24369485201363408,0.28729460192877776,0.3795026037602395
2000-07-27,0.24672459692462237,0.24919376827786494,0.37611548137409545
2000-07-28,0.2654309436341075,0.3014687491115643,0.3660944324297652
2000-07-31,0.2571046112697303,0.28252201966381385,0.3550305262826328
2000-08-01,0.22044189131249864,0.27290372315099914,0.3448567731124895
2000-08-02,0.21363414641835635,0.2383349601473409,0.34565720240845055
2000-08-03,0.21000708292786818,0.1878631930643958,0.3431706284550775
2000-08-04,0.20922470988973987,0.17690532999166897,0.3424952301694418
2000-08-07,0.22028080761617144,0.14900185608527333,0.34321121313898373
2000-08-08,0.21665423616318658,0.14720623115019854,0.3391923008172694
2000-08-09,0.2056435475462381,0.1494771515996678,0.32903993456134606
2000-08-10,0.17837406104751968,0.15107822472712634,0.3325705848017576
2000-08-11,0.17458730676213075,0.172531087323177,0.3266490833344604
2000-08-14,0.17178600531936655,0.18903685171286053,0.32763058872537737
2000-08-15,0.17310332099702955,0.18782098738566483,0.32531580920144587
2000-08-16,0.16861532664240786,0.17953726381869012,0.32233778981192607
2000-08-17,0.16794090689176713,0.18876982592517205,0.3256134051395269
2000-08-18,0.17103240334330394,0.1685014253412872,0.32301543877692623
2000-08-21,0.16682133359533718,0.08698867172417192,0.3228291075387247
2000-08-22,0.1774991552490954,0.10324624636157333,0.3254506762601708
2000-08-23,0.17855248756802283,0.11239422073135888,0.31793407516116196
2000-08-24,0.15856565140210516,0.08146198583291014,0.3195277727772236
2000-08-25,0.15897788157977624,0.11712394949241244,0.3140956517979683
2000-08-28,0.1297267310531337,-0.00027103457134260985,0.3144095423957782
2000-08-29,0.13708645534958716,0.011550371744126644,0.31504515818886364
2000-08-30,0.1494033200066842,0.09070436821907088,0.31859157572248
2000-08-31,0.17478836678514573,0.12405507653028548,0.31661046714567836
2000-09-01,0.17200108205707185,0.12800779703514015,0.3155330421510806
2000-09-05,0.17776962202687066,0.13015769719349538,0.32182063575420994
2000-09-06,0.18088713857528937,0.12414079134626306,0.3255548566646414
2000-09-07,0.1827617458764556,0.14038456713408207,0.31046314988682794
2000-09-08,0.17063165313549927,0.082622827295103,0.3053895375445698
2000-09-11,0.15247564477368744,0.06190190729217429,0.2993535669438187
2000-09-12,0.1323896110089763,0.07328277311462061,0.2967607241824829
2000-09-13,0.13672030183047967,0.032211760505215264,0.30179794294646034
2000-09-14,0.1483244802780765,0.04844650742287933,0.2730235668920371
2000-09-15,0.1925454781684215,0.22490112613111402,0.2871440076973777
2000-09-18,0.19082878903822162,0.1851161449402116,0.28564219970759114
2000-09-19,0.1747040044590466,0.11501812192421183,0.27303054325389564
2000-09-20,0.1800518736198883,0.11160177899878122,0.27437770021528346
2000-09-21,0.1840981553559822,0.13074727158260713,0.27092209349222707
2000-09-22,0.1970833012480857,0.2027638554151952,0.2746643548838384
2000-09-25,0.18023877165084345,0.19279719087721178,0.27194947826118954
2000-09-26,0.18709042858368674,0.2086790515377996,0.2752142066001183
2000-09-27,0.19026440057706215,0.2302811802492837,0.28352778514968063
2000-09-28,0.17901129960344767,0.20360942552091615,0.27553514952613806
2000-09-29,0.17269677692455218,0.1588460700256402,0.27085127884269933
2000-10-02,0.15686874738308282,0.135205120704105,0.28637591539765583
2000-10-03,0.14193235558531084,0.13964610038978775,0.28897803775539777
2000-10-04,0.1326535153777639,0.11568849847601587,0.2860962951263353
2000-10-05,0.11525277271743835,0.1104364046634269,0.28477140085497854
2000-10-06,0.14299396218835148,0.16184603995209973,0.29861487125491454
2000-10-09,0.14771742361457815,0.18702171024828396,0.30868551339480943
2000-10-10,0.16434176061073405,0.2227929890864539,0.3144178021712342
2000-10-11,0.16248875994673148,0.19902961305920552,0.3096193967709892
2000-10-12,0.17339836227941688,0.2202593734012461,0.30778614007517446
2000-10-13,0.1626853215161896,0.18121925796886945,0.2419605177853097
2000-10-16,0.16112305292126755,0.14206057778487907,0.22079708717853644
2000-10-17,0.18893143085464123,0.19530359364399225,0.23121372945524735
2000-10-18,0.1800004456356521,0.22474551645280524,0.23297447725364576
2000-10-19,0.1643235812896823,0.2213376143031478,0.23098182731849537
2000-10-20,0.16685690324627495,0.20811947280094292,0.23343633313849763
2000-10-23,0.17045320057637897,0.1879270582761956,0.2005890182616788
2000-10-24,0.1642662695636607,0.1903029671166662,0.19801327331117363
2000-10-25,0.157697867325791,0.15740873833595775,0.19570998082329322
2000-10-26,0.13544160515613143,0.1378521684199339,0.1938894560470059
2000-10-27,0.15765070970236994,0.18654324436976788,0.20074930864779028
2000-10-30,0.16797709669994668,0.21051793783563463,0.19882164998418567
2000-10-31,0.1587291220749652,0.1963901364149146,0.18903677632871602
2000-11-01,0.15811381768222213,0.19165894944257644,0.18653039392983173
2000-11-02,0.1514623420542392,0.18595681561730262,0.18292976955910223
2000-11-03,0.1490288303653547,0.18966570776955338,0.18724920673727694
2000-11-06,0.15029164650054075,0.1544547117945845,0.18620478083366526
2000-11-07,0.15313962790073174,0.14636082015729085,0.1812812758133846
2000-11-08,0.16091817695928481,0.14332852960637876,0.1727247770399955
2000-11-09,0.15667063061491882,0.14704932139673665,0.16861149436618825
2000-11-10,0.15739763456592046,0.13805186881488893,0.1673653799318187
2000-11-13,0.1553810813918809,0.1480340531428885,0.16747701202628798
2000-11-14,0.16770926437926567,0.1723517252658256,0.17178197354972308
2000-11-15,0.16539069769520107,0.10999914306320793,0.17005141687260242
2000-11-16,0.17157852059394182,0.13369037597171995,0.1740712918606631
2000-11-17,0.17024601331273256,0.11890032538036914,0.17327429218806598
2000-11-20,0.16746721497248923,0.11925905953576012,0.17468330100997762
2000-11-21,0.16819080128048872,0.11682843058071293,0.17499173653399272
2000-11-22,0.1861144723675882,0.17068987878655092,0.17912173987557622
2000-11-24,0.19555355610568242,0.23115852811344131,0.18442729495867324
2000-11-27,0.19922149477382167,0.25716203894491635,0.1736015285208885
2000-11-28,0.20321227502099562,0.2188989635523264,0.177672768816185
2000-11-29,0.19023894436096828,0.2107072843234193,0.17099682101146887
2000-11-30,0.16811776047013113,0.17581714899849155,0.16610729583934644
2000-12-01,0.16446493884611008,0.16390316812179778,0.16444696849041238
2000-12-04,0.16692171507632853,0.2093287939758784,0.16737663957011378
2000-12-05,0.14566898062273448,0.14016150799469795,0.15463074499377094
2000-12-06,0.1490179666703713,0.1468341301957415,0.15816329378820404
2000-12-07,0.1552460018091553,0.15148249332205527,0.15947948298867246
2000-12-08,0.14101459109817227,0.0913610048854828,0.1459072649534851
2000-12-11,0.18598049816781095,0.23712022083879664,0.16715801538577893
2000-12-12,0.1850083328008902,0.22136343894065133,0.167395682397617
2000-12-13,0.17962135206353197,0.2140813566618976,0.16773598009012697
2000-12-14,0.16578566640987305,0.19365061304097222,0.17182962650003805
2000-12-15,0.17805021477622024,0.22521102480808522,0.17995609884304328
2000-12-18,0.19310296254898102,0.22968936135565451,0.1845769940374895
2000-12-19,0.20361986424775724,0.2606160207160981,0.1928739408639919
2000-12-20,0.1990910249910523,0.2654512072137535,0.19027638989705797
2000-12-21,0.1899260020047548,0.2700243116632986,0.1907178913031427
2000-12-22,0.19780674713818827,0.2389367092447736,0.19008377854565955
2000-12-26,0.19584919995237346,0.2262355071548277,0.19053420175207259
2000-12-27,0.1937725116314459,0.21833116046159753,0.19059543009401345
2000-12-28,0.1983607694091447,0.20398163002659161,0.18958664599361047
2000-12-29,0.24901395141634522,0.2787015830414759,0.22716006185795626
2001-01-02,0.2381292969237068,0.2864504932895096,0.2150356716480885
2001-01-03,0.16208242036314904,0.1089882405248357,0.15940584830483348
2001-01-04,0.16162519681812085,0.1097536930360873,0.1572580905322144
2001-01-05,0.1785112153059368,0.16208195751922735,0.16468891436916655
2001-01-08,0.17222066527800517,0.15997517108534837,0.16636904389953933
2001-01-09,0.16734724841313017,0.1486136730259688,0.16436057475844346
2001-01-10,0.16998458257037805,0.19321261608717605,0.17086531373399735
2001-01-11,0.16254874576243203,0.08414842237581655,0.164733889513756
2001-01-12,0.15509872278119666,0.08495800239065732,0.16337768109271583
2001-01-16,0.15702880780707487,0.09505459491426128,0.164447584177077
2001-01-17,0.1529610606654685,0.08068396640478619,0.1608143371692126
2001-01-18,0.12532283341062667,0.03499610834725182,0.15302626108787296
2001-01-19,0.12550014757686068,0.03356822064683718,0.14984587499904062
2001-01-22,0.11531283008692576,0.0039491429727373855,0.1425429583912468
2001-01-23,0.11685908577147039,-0.008018815190073811,0.1442807331034557
2001-01-24,0.11676386527405577,-0.007214752039027772,0.14519337652695496
2001-01-25,0.1110587172203213,-0.05896989858532325,0.13943041762011169
2001-01-26,0.11472991541662701,-0.059607208642701956,0.1412190393152354
2001-01-29,0.11751766289443223,-0.06292234849555096,0.13382276784220784
2001-01-30,0.10837963729912052,-0.055936938036137224,0.13657977846713357
2001-01-31,0.1658396189512122,-0.03016863967730856,0.17893714913266026
2001-02-01,0.1685211481880064,-0.02234897511435112,0.17941421465514554
2001-02-02,0.18195604971770943,0.12882519201454923,0.18676087632942198
2001-02-05,0.18961207883592113,0.13758405100461862,0.18926273262195614
2001-02-06,0.1890842087383579,-0.0343280790534975,0.1879743690881126
2001-02-07,0.1868805280986425,-0.052215418031224814,0.18748278811882949
2001-02-08,0.19113867475036614,-0.004440353841017778,0.19158884775964685
2001-02-09,0.17926262329081025,-0.08926484414311656,0.1885176807409896
2001-02-12,0.18604134165174102,0.00014386439527281822,0.19087763268301802
2001-02-13,0.1792502361625914,0.019482305280571946,0.1888797501798989
2001-02-14,0.17707920354764362,-0.009826246967998787,0.18695590963802647
2001-02-15,0.1625376824243969,0.012407072326171643,0.18660350212211768
2001-02-16,0.163422983096344,0.11582794214526271,0.1857011054654603
2001-02-20,0.15090447262077353,0.10396363265550485,0.1817550759933248
2001-02-21,0.16331524257951463,0.161648931724696,0.18792629719606405
2001-02-22,0.16511176899953214,0.1554683487612598,0.18809538483175953
2001-02-23,0.16660904201068516,0.1612522308420209,0.18913044348496394
2001-02-26,0.16798594000354575,0.31862670441540625,0.19905518331367245
2001-02-27,0.1555158559261772,0.3197844793986825,0.197325663418744
2001-02-28,0.16428967242235235,0.3957480849684569,0.20381436152085142
2001-03-01,0.1567589064230448,0.3201944150616927,0.201836704589031
2001-03-02,0.16770144272787788,0.32465059606686486,0.20897818397562537
2001-03-05,0.1820824236838917,0.31164971090759286,0.2070116919078062
2001-03-06,0.1789424540003434,0.21460506800168172,0.2037287178778561
2001-03-07,0.17925871200698318,0.20031500386180845,0.20421392901906146
2001-03-08,0.1843926719601519,0.20376895399449232,0.20273676244495076
2001-03-09,0.19303798756024332,0.2640204169698789,0.2085699022352205
2001-03-12,0.23795045256430064,0.39299461299679334,0.23517003986035104
2001-03-13,0.25108275177310224,0.3978479637970335,0.23561213049638569
2001-03-14,0.2026089345776826,0.3579492622148431,0.2353587020536274
2001-03-15,0.200749655881015,0.3462176577289117,0.23388213540337838
2001-03-16,0.21606033471289227,0.38929761915433847,0.23867572200954207
2001-03-19,0.2290365219899627,0.4406238089581743,0.23773748658442956
2001-03-20,0.23058119861014398,0.4812281520366306,0.2451538188150364
2001-03-21,0.22829541252224156,0.5103523821062671,0.25036337976085105
2001-03-22,0.20701864981194895,0.42170611316843,0.24257351009544117
2001-03-23,0.24047223985514246,0.5217543639610891,0.2574999151958145
2001-03-26,0.24238264303812915,0.5217946369471204,0.25552155534364956
2001-03-27,0.23548689434854797,0.47883299612002467,0.2598405974449533
2001-03-28,0.23679800854257865,0.4695208359140068,0.25895069493966855
2001-03-29,0.2353131818694477,0.45195075599362877,0.2577824123793895
2001-03-30,0.2412270267762978,0.47801937482777745,0.26267182437016573
2001-04-02,0.2710148131293533,0.5442326779744604,0.29513550838261815
2001-04-03,0.29384354515975925,0.5394875290315364,0.3011507219806228
2001-04-04,0.3765616220745544,0.5675428402435813,0.30067374714562434
2001-04-05,0.3642912259440584,0.48768805124925607,0.2958013804459057
2001-04-06,0.33925596966537425,0.47998815939676615,0.2946128500374871
2001-04-09,0.33976745593523655,0.47835399707792203,0.29240453098472485
2001-04-10,0.3262340929529285,0.37146927490887616,0.2843624836901154
2001-04-11,0.30459354105561065,0.3608114646042913,0.278186786936471
2001-04-12,0.33152620014612044,0.38394141528549386,0.28462186394849576
2001-04-16,0.33338617071970866,0.39597363117061524,0.28367455918722206
2001-04-17,0.3400207754672045,0.3772164209568955,0.28799156022048
2001-04-18,0.35126950234511156,0.3596093424196296,0.29299925574965674
2001-04-19,0.34992923855911284,0.302353349749689,0.2786465145697861
2001-04-20,0.3536873904710791,0.29180561410500805,0.28024625064386105
2001-04-23,0.3498597638235399,0.3090547487344896,0.27354891113258867
2001-04-24,0.3483499833762389,0.25927685670052064,0.27363438863582473
2001-04-25,0.34901883679520124,0.25981445750017756,0.2749690912544674
2001-04-26,0.3570089461135091,0.24792215916150534,0.2756371690309845
2001-04-27,0.36910804285258636,0.24386342715112413,0.283092214809656
2001-04-30,0.3715647295163111,0.24933982039418387,0.28592942287199724
2001-05-01,0.3642238673479581,0.2460422672626007,0.2786462767351591
2001-05-02,0.4013705902686345,0.23305877918479345,0.3162608926096682
2001-05-03,0.4001834321490013,0.1708775494261894,0.31805954084212057
2001-05-04,0.40095330866396756,0.20592935843780713,0.32491182393594403
2001-05-07,0.402015328664391,0.2418187889587136,0.329614717761612
2001-05-08,0.40243359340184887,0.24812824800179978,0.32946005043976434
2001-05-09,0.4031330874546535,0.2495122210518574,0.32920912509350797
2001-05-10,0.3985340304749782,0.28386446941952787,0.32902641076792305
2001-05-11,0.40926735418861837,0.32996356399377547,0.3277263426582919
2001-05-14,0.40407889794182156,0.29040965427311594,0.3287847240691005
2001-05-15,0.40505225823069935,0.2750652865038239,0.32616566383099643
2001-05-16,0.4137649622995539,0.28360146832045746,0.33159130994323566
2001-05-17,0.414970919464763,0.2348343478550927,0.3252729928991785
2001-05-18,0.41613830953762093,0.3290975974051365,0.3255778626832463
2001-05-21,0.42433361649764845,0.2856079949629711,0.32210613702016005
2001-05-22,0.4132635939130379,0.28806547636177565,0.3218060037707703
2001-05-23,0.4228015421751864,0.38136585608705914,0.32766086133348016
2001-05-24,0.4218792115788933,0.38606613243827087,0.32877011880866036
2001-05-25,0.4107306960479036,0.4363861496721149,0.3223599339055843
2001-05-29,0.41028696912021395,0.33676892343354514,0.3157045930356418
2001-05-30,0.3978722650236963,0.33439192546828517,0.3153666191109636
2001-05-31,0.40148220059641654,0.35845668163364286,0.31319385306581776
2001-06-01,0.4106354313455487,0.41130216511915263,0.3212513466742648
2001-06-04,0.41061783771996063,0.40511055609577296,0.3294385723299042
2001-06-05,0.41474473350713614,0.29323195031086796,0.3296400194644423
2001-06-06,0.4160647075994515,0.2657981907104403,0.33060607152239657
2001-06-07,0.41575629443116785,0.2411192359408371,0.3329836856523152
2001-06-08,0.40472556739063803,0.2581530261868926,0.3309407149373272
2001-06-11,0.35764919980269505,0.26697603855050384,0.3296919176146479
2001-06-12,0.3636993533457488,0.2533782858891744,0.3382468294833634
2001-06-13,0.36560699695544735,0.26326083377538995,0.31284542493983125
2001-06-14,0.38636060909409975,0.33235387406017053,0.3197397450135282
2001-06-15,0.37039597396164026,0.2657908943369253,0.3226727973891365
2001-06-18,0.3555600453839256,0.2557375723160547,0.3218119672527903
2001-06-19,0.338260002791058,0.26120821653797444,0.31539039217851944
2001-06-20,0.33325197804574613,0.26433685213754343,0.3148993526542852
2001-06-21,0.3434362865401443,0.25401255965520375,0.30786619373962565
2001-06-22,0.3059446433910746,0.18058015520826856,0.30370077166696763
2001-06-25,0.3084894891980391,0.17411922139424987,0.30498919017992165
2001-06-26,0.3023243624481212,0.1488161144399325,0.29612473281951635
2001-06-27,0.2927769946475533,0.17307759509315762,0.29823226747501297
2001-06-28,0.2936350908704564,0.17581036106557849,0.2977555455242791
2001-06-29,0.28289383004870855,0.14876283938643514,0.2957415754438399
2001-07-02,0.2814425837052386,0.2018332276598113,0.3137001182730016
2001-07-03,0.2514938566713462,0.194925931381085,0.319707380017512
2001-07-05,0.28099963447293164,0.27077511399401477,0.36513178541516944
2001-07-06,0.2991602736883323,0.30428192485342337,0.3742807347339569
2001-07-09,0.30391917679539926,0.338462239729368,0.35942880857066367
2001-07-10,0.29893562618047825,0.3242732567862655,0.3574333480269891
2001-07-11,0.32209645373607004,0.33230369171284346,0.36048855719714046
2001-07-12,0.33528985268271905,0.3352160274194325,0.35346565368740096
2001-07-13,0.32304446468294107,0.35836833599095175,0.36398331943981993
2001-07-16,0.3257931903439363,0.30743589001261895,0.36667927201747574
2001-07-17,0.31830668510554166,0.3136154543509045,0.3679627488827028
2001-07-18,0.2760176466537521,0.27793524641288814,0.36493057206573
2001-07-19,0.3037106670803966,0.28124969447089243,0.37449069693137166
2001-07-20,0.299620354447296,0.2727611184201307,0.37543545129591593
2001-07-23,0.3266501291978529,0.3414798636809254,0.3823557325076158
2001-07-24,0.32293645418104117,0.3350657219565086,0.37902860814227757
2001-07-25,0.30760485613504746,0.304080681050437,0.3738025590834681
2001-07-26,0.31586249289661966,0.3203919224156687,0.38167306899209297
2001-07-27,0.2979324632608385,0.32796456948770414,0.3837776453007173
2001-07-30,0.2974155020335174,0.3385067327505991,0.38498545173852405
2001-07-31,0.30615845119201873,0.36978348232724045,0.38354483619251806
2001-08-01,0.31947899566776605,0.3432575844848463,0.3944029369850235
2001-08-02,0.31652693589055025,0.343437915890689,0.393504718034226
2001-08-03,0.2930848163910221,0.2872871667062867,0.38589784061473253
2001-08-06,0.29607523390656904,0.27468474243544916,0.386982374092296
2001-08-07,0.29831216749922834,0.27659471484699377,0.38831994292180116
2001-08-08,0.3145172247708982,0.3262446323744092,0.3933099276569209
2001-08-09,0.3192018705228587,0.33202885796932957,0.39188644287249663
2001-08-10,0.31619138259505947,0.3581130623582583,0.39734988264152155
2001-08-13,0.3181959160180344,0.3334337026706823,0.39460844281830926
2001-08-14,0.3150231350445901,0.3178740603202571,0.39447015839693855
2001-08-15,0.2974585292311068,0.319325599754455,0.39775654527012616
2001-08-16,0.30004312682868445,0.3984818427667567,0.3986796679336512
2001-08-17,0.30784871522619456,0.4140677995106746,0.4015507212760861
2001-08-20,0.3185430015686907,0.45805467636034375,0.41135497370567425
2001-08-21,0.33341710425807264,0.45059178676359013,0.40959615270306426
2001-08-22,0.3302194770465504,0.5422759295875123,0.4137188156212708
2001-08-23,0.32979682879310135,0.6532638882138206,0.4136054164586329
2001-08-24,0.3392394991078422,0.6523897803573858,0.4073241468838766
2001-08-27,0.35094524592040266,0.6553549320722583,0.4111174943582992
2001-08-28,0.36023930243542884,0.6653310849363846,0.40608462634624637
2001-08-29,0.36132284530242614,0.6406410076866698,0.4086773211059332
2001-08-30,0.3710311659580251,0.706882339951055,0.4129997244996359
2001-08-31,0.3734810245494899,0.7298973047880983,0.41348446589989374
2001-09-04,0.3784707738361345,0.7295535314490241,0.4184545252129886
2001-09-05,0.36878963758989997,0.6466815639779704,0.41526071563262684
2001-09-06,0.39374470658230604,0.6557735819433864,0.4219054362348609
2001-09-07,0.4053610216528442,0.6699024058408433,0.4188003766382471
2001-09-10,0.41475591833842934,0.676472538493339,0.39358881977523374
2001-09-17,0.5045302471382133,0.8317685141705974,0.4354054513978732
2001-09-18,0.4959938049670832,0.7815824054507468,0.4354608793887083
2001-09-19,0.49908948925420854,0.7895352481546539,0.4476546491106052
2001-09-20,0.508161145926199,0.7798932114379156,0.44713289897613806
2001-09-21,0.4982866130650312,0.7236552035561408,0.4340158087957845
2001-09-24,0.5041745331125376,0.6988072853512923,0.43254753787556
2001-09-25,0.5092078988341772,0.6927273039735992,0.43473448666554027
2001-09-26,0.5080790409890608,0.6564597424523628,0.44019362727764616
2001-09-27,0.5104976719610118,0.61970066995777,0.4202065206741136
2001-09-28,0.5188903350209683,0.6271720420004039,0.42386602021479264
2001-10-01,0.5206516804821488,0.6299726492702473,0.42231531905019876
2001-10-02,0.5274550747451409,0.644202141238277,0.4230739592772324
2001-10-03,0.5004887995534365,0.5630273599143851,0.4124976319601934
2001-10-04,0.5037652714747416,0.5493697680572021,0.40748506508726734
2001-10-05,0.5010488393107225,0.5301771639299334,0.4202728434875264
2001-10-08,0.4970399392443175,0.5198492133242293,0.40994800619352356
2001-10-09,0.48426030943696446,0.5178533750152148,0.4124359309666344
2001-10-10,0.488471888760188,0.5460434404077332,0.4225760461593903
2001-10-11,0.47837713515697,0.5199977261202713,0.420860607377424
2001-10-12,0.4794297166888061,0.5010333798037566,0.4183499745574722
2001-10-15,0.4794699002116528,0.4997509038076741,0.4293942577207232
2001-10-16,0.4873009661083755,0.35241569563763137,0.43658890651729015
2001-10-17,0.4895666807040022,0.3935400206259223,0.4340152812731546
2001-10-18,0.4830223680330417,0.3392095776603828,0.43085930246312687
2001-10-19,0.47794875713777757,0.2551375638484276,0.4248983927185284
2001-10-22,0.5012132411957945,0.2823796114836775,0.4265728314311543
2001-10-23,0.49656322688019006,0.23912910647813215,0.43538542510737266
2001-10-24,0.49755253927108917,0.238900303867778,0.43427645703839
2001-10-25,0.5012596638101444,0.3048139997678013,0.4445746306124851
2001-10-26,0.5050222835270554,0.3269261150225453,0.4445908674652584
2001-10-29,0.5244785724062454,0.3463542471681749,0.4484642156442465
2001-10-30,0.5195696558294026,0.3564728444328717,0.44991647914824523
2001-10-31,0.5135460420761994,0.3427937778996027,0.4407681514596328
2001-11-01,0.5373259226653838,0.48074575783946977,0.4555860374228144
2001-11-02,0.5369337335365841,0.4955338406593606,0.45935477047208884
2001-11-05,0.5482089932356815,0.5212487435481495,0.4695438253368372
2001-11-06,0.551539952460256,0.5444317819993238,0.4715946874467118
2001-11-07,0.5516992728149405,0.552968986916803,0.46342599446867433
2001-11-08,0.5459193930570194,0.5194180269120604,0.4601720240716709
2001-11-09,0.5454548675023656,0.5548640679638134,0.46042460606065755
2001-11-12,0.5416615603807697,0.5782112875042446,0.4619937410197291
2001-11-13,0.5514813350095993,0.6206782342949428,0.4716691726533781
2001-11-14,0.5464695605134468,0.5987445579801605,0.4669275950079565
2001-11-15,0.5423525620690763,0.5566666189253284,0.4656791695242126
2001-11-16,0.5414707418389659,0.568881822404387,0.46423668861353623
2001-11-19,0.5422542066945416,0.5944655033872113,0.4626951804788245
2001-11-20,0.5371546031420484,0.5361936994224138,0.46046126073269905
2001-11-21,0.5334519206333217,0.5457823290715718,0.4600873657490358
2001-11-23,0.537416212185379,0.5705049352403332,0.46660882717745894
2001-11-26,0.5285831591177751,0.529789565059778,0.4660217442669965
2001-11-27,0.5216207113503853,0.5264504141677434,0.459565987130205
2001-11-28,0.522052020116295,0.5142568017178409,0.46095138004430675
2001-11-29,0.5190388803008464,0.5116311384955158,0.46117072738116216
2001-11-30,0.5195535071872239,0.5432000479377802,0.4660003030129066
2001-12-03,0.5153296377696895,0.43668945908478013,0.46658922573622186
2001-12-04,0.5218573351483422,0.4666602229314393,0.47166890320534766
2001-12-05,0.5352165263359522,0.506726544386935,0.4934965859260319
2001-12-06,0.5307271422722118,0.47443626519747367,0.4909861842011707
2001-12-07,0.5318358726083849,0.47596423204551536,0.4931884596515693
2001-12-10,0.5525322899931312,0.5492716133002455,0.4997313028747952
2001-12-11,0.5465429844634923,0.5447706440745382,0.5013798416650861
2001-12-12,0.5382056467700135,0.5288041621416866,0.500630960732762
2001-12-13,0.5490031856607883,0.5134452007070799,0.5078895469293773
2001-12-14,0.49087715978030705,0.5657394624889002,0.5123024176880172
2001-12-17,0.49333326520492193,0.5615768301922902,0.5117540570232382
2001-12-18,0.46877339129710727,0.5547576866934346,0.5033266446067556
2001-12-19,0.4393517987129375,0.5233711646915153,0.500366808161148
2001-12-20,0.45008015911195615,0.5336987393841193,0.5007086483860397
2001-12-21,0.43991537896983884,0.5289447767120102,0.49993953736248964
2001-12-24,0.43847607136975014,0.4883092161488044,0.4998303367361195
2001-12-26,0.45819516628925505,0.5050623865506553,0.5076592575874345
2001-12-27,0.46511912371329045,0.5204074989221,0.5119184104283102
2001-12-28,0.45618780040075846,0.499830385198972,0.5107273174583078
2001-12-31,0.472850831001743,0.5328662422028014,0.5166322885944513
2002-01-02,0.4719361046508346,0.5288010719836126,0.5183411783222965
2002-01-03,0.49386120456408955,0.5117396925915086,0.5168829396309714
2002-01-04,0.5025119064725915,0.4753504697846379,0.522845696903308
2002-01-07,0.49931596362839137,0.4918340815635131,0.5117300599490927
2002-01-08,0.5024955290255299,0.5029853197599832,0.5104977375926453
2002-01-09,0.5113899062502933,0.5196740691942506,0.5044273995324787
2002-01-10,0.4971559899618951,0.43184947653033634,0.5010901404952679
2002-01-11,0.5194668853166065,0.46953555786636364,0.503663286973497
2002-01-14,0.5207616061097148,0.46137964955302896,0.5042369643323166
2002-01-15,0.5212251655982627,0.3614788328083355,0.5047403870272965
2002-01-16,0.5467278079564294,0.4577940244526406,0.5185298168737026
2002-01-17,0.5313031097738994,0.4707368463335838,0.5153129231327644
2002-01-18,0.5248748841294555,0.4397122668589468,0.5101051358564147
2002-01-22,0.5211368755883178,0.41505526984648244,0.5053818107851683
2002-01-23,0.5014746675255644,0.41224923387032747,0.5141219251332179
2002-01-24,0.49926204943220387,0.3964022173065926,0.5111501298070823
2002-01-25,0.4964952512476129,0.38501608342139426,0.5113702385715068
2002-01-28,0.4742907733399555,0.3666911469169063,0.5054404368045491
2002-01-29,0.5270956173707552,0.5311005130192904,0.5263252095881774
2002-01-30,0.5270711746251026,0.57835990223039,0.5376790218811474
2002-01-31,0.5300968335374487,0.5561329834198235,0.5367490974290089
2002-02-01,0.5307686054599162,0.5317002600570391,0.5345852806804918
2002-02-04,0.5237861581176334,0.6327040510584728,0.5439809891991595
2002-02-05,0.5201858858089546,0.6156277252726627,0.5429550502388376
2002-02-06,0.5327167982646722,0.6096980644022754,0.5423513977737879
2002-02-07,0.5190702018082198,0.5942688957309816,0.5402878405384959
2002-02-08,0.5456766916889993,0.6695242199207986,0.5493624228247718
2002-02-11,0.5433007704286652,0.6345274927668686,0.5452708190815743
2002-02-12,0.5409953993191032,0.6254663659494936,0.5442840074780116
2002-02-13,0.5391672350755772,0.6345529040131662,0.540333306059816
2002-02-14,0.5193199212596624,0.633148059065291,0.5397590655833879
2002-02-15,0.5289278816535106,0.5835921446160698,0.5400574056667582
2002-02-19,0.5458860528714601,0.6240818758136851,0.5436173510859001
2002-02-20,0.5600486725270284,0.6717882776794304,0.5478343393855344
2002-02-21,0.5743068267417946,0.7234932195465444,0.5513376840769735
2002-02-22,0.589897923360157,0.7591707984091366,0.5540890095055211
2002-02-25,0.5895572107487785,0.75871530709722,0.5516706199471418
2002-02-26,0.5758887556284948,0.7688986483491553,0.5495492078342388
2002-02-27,0.5808381180758164,0.7806292405311209,0.5452991511660302
2002-02-28,0.5850669347577183,0.6881943092591496,0.5416745535060504
2002-03-01,0.5885210679002064,0.668021527159256,0.5442365720925038
2002-03-04,0.5788050122598446,0.6355239373492809,0.5388050968630856
2002-03-05,0.5615076844278675,0.6053359926742118,0.5339697486231111
2002-03-06,0.5631298401691612,0.553956613044526,0.5320050912115941
2002-03-07,0.5540431088290019,0.5508492632616188,0.5328095179140326
2002-03-08,0.5791914301416228,0.5652697376933745,0.5410532467839066
2002-03-11,0.5869511359376972,0.5669664101935121,0.5403861359278466
2002-03-12,0.5821367182888534,0.508351684697788,0.5391778187390251
2002-03-13,0.56696553161348,0.5353941660903422,0.5474041255092488
2002-03-14,0.5729441052323208,0.5476636301463715,0.5455203398479117
2002-03-15,0.5688078237522561,0.5353403608039257,0.5397767322979903
2002-03-18,0.5494950761161993,0.5317355569013296,0.540791783521257
2002-03-19,0.5465758538540054,0.5334588508292265,0.50975778122664
2002-03-20,0.5736945808125529,0.5577826873482249,0.5227372033443303
2002-03-21,0.5663147803629481,0.5113069246742626,0.5085461481426429
2002-03-22,0.5696867334853487,0.4155685270862274,0.4972202700764319
2002-03-25,0.5732657006674495,0.4249849437590609,0.5059077209248899
2002-03-26,0.57510029066375,0.41018854351453266,0.5017609551229278
2002-03-27,0.5716291009365965,0.40104564550323457,0.49860112059879086
2002-03-28,0.5677862260976979,0.3966777344770351,0.5071296769418848
2002-04-01,0.5609506062776102,0.3807283062774042,0.5096735054139269
2002-04-02,0.5530697835384397,0.28399730728290395,0.49938303108923526
2002-04-03,0.5380926979834173,0.2508994378595089,0.5004886310904255
2002-04-04,0.5295518397272315,0.264234229990898,0.4975859916223039
2002-04-05,0.5354075643370793,0.2176361247178258,0.5131111970295277
2002-04-08,0.5327959935520805,0.2207235943193744,0.5174299961668547
2002-04-09,0.5443154686075312,0.2518963093351673,0.5398609127565606
2002-04-10,0.5517152399632633,0.2958293124726609,0.5437250348006207
2002-04-11,0.5751281682980949,0.43834047827148703,0.5586693141196759
2002-04-12,0.5670524544127017,0.426210607854168,0.5501990432288643
2002-04-15,0.5633387809806765,0.41873865851143904,0.5586813752209653
2002-04-16,0.5857686425479101,0.5250313615130604,0.5717921472301699
2002-04-17,0.580424908796324,0.5107665027913498,0.5698337297402415
2002-04-18,0.5603834278054162,0.4859879115305406,0.5701815493240254
2002-04-19,0.5663638292098904,0.44286091295120816,0.5645861184813034
2002-04-22,0.5894044490119502,0.5245626138856024,0.5766114323871312
2002-04-23,0.5986340612998529,0.5233661803283769,0.5809371373248916
2002-04-24,0.608953015986088,0.5390776945758852,0.5771034062092539
2002-04-25,0.6133485747747485,0.5350660422214366,0.5783245568785562
2002-04-26,0.6360716592283331,0.6115287400573785,0.5906087714340218
2002-04-29,0.6322201711270135,0.6042510606452722,0.5769729158097663
2002-04-30,0.5851639441576812,0.6097431184834183,0.5770359402727177
2002-05-01,0.5869746191934799,0.6951727760165199,0.5770429417774938
2002-05-02,0.5783502174084866,0.688611866050516,0.5751129219123076
2002-05-03,0.5849948857754793,0.7209086803266914,0.5808609482731506
2002-05-06,0.5761656881313125,0.7400741818051758,0.5693180165270271
2002-05-07,0.5732475350950981,0.7240384968122556,0.5671299144182635
2002-05-08,0.5770845827226356,0.7229622414754718,0.5648845999684411
2002-05-09,0.577852474010046,0.7102077907465807,0.5589489581515842
2002-05-10,0.5715706467206049,0.6932796274940232,0.5667123953534879
2002-05-13,0.5954604762457862,0.7638777054143798,0.5770857004017188
2002-05-14,0.6025745478003025,0.7651072048264151,0.5805545330288927
2002-05-15,0.5995798732598652,0.7198070818066408,0.5776709430785926
2002-05-16,0.5979142860226505,0.7273196238060674,0.5681456620163475
2002-05-17,0.5983338420021388,0.728791654742198,0.5742478064112639
2002-05-20,0.5928138126106761,0.7209056997986589,0.5789631204519997
2002-05-21,0.5790324929083218,0.6743242478314982,0.5769515282414379
2002-05-22,0.5590451991297658,0.6657587515853859,0.5769580177174944
2002-05-23,0.5583417904319239,0.6619897788656584,0.5824968723118916
2002-05-24,0.5643214330323982,0.6827192344028115,0.587114368567471
2002-05-28,0.5622686372780034,0.6273946902474996,0.5789562248476288
2002-05-29,0.5621562035718239,0.6457110529042692,0.5811377401700081
2002-05-30,0.5595708120407319,0.650423670345787,0.5822409911541387
2002-05-31,0.5383530871996073,0.617244501196181,0.5785677195354726
2002-06-03,0.5709501875122864,0.6810150583760123,0.5900404496790177
2002-06-04,0.5835763978657311,0.6775971468146413,0.5877528131622377
2002-06-05,0.5839698104271159,0.6555740422419136,0.5896311620578608
2002-06-06,0.5923625442143894,0.6767617504973309,0.5885950739701086
2002-06-07,0.6038242931119343,0.6720971937481222,0.5997244031133421
2002-06-10,0.5998327284555504,0.6756109577818806,0.6011204735676681
2002-06-11,0.6051734411800754,0.6550972138680984,0.6033653701453509
2002-06-12,0.6000549769503889,0.5833247551665853,0.5931643712593087
2002-06-13,0.5924468314107344,0.5275481475707604,0.5924436679197098
2002-06-14,0.5952266476939425,0.5261371019451537,0.5915631243377804
2002-06-17,0.6037889000862928,0.5856215449076668,0.5889309966706978
2002-06-18,0.6070765449082796,0.6164427071016749,0.5880568348563107
2002-06-19,0.6203253920008598,0.6848675018037657,0.6068370548495268
2002-06-20,0.6269565075818516,0.6958021907873985,0.6076966987255323
2002-06-21,0.6248817641075166,0.7026874515562278,0.6100885535638265
2002-06-24,0.6220236598652875,0.6722176033040249,0.6087644078940379
2002-06-25,0.6425686126620748,0.7052688098126618,0.6210364379166693
2002-06-26,0.6427384221770457,0.7067469994547796,0.6184990468877952
2002-06-27,0.6594565772591743,0.7463662973815012,0.6247597837260829
2002-06-28,0.6560894728988426,0.7271360953489612,0.6205222968935622
2002-07-01,0.653458876006054,0.7013860790032004,0.6173006248617177
2002-07-02,0.6717259310654642,0.6977653585112752,0.6224701598228618
2002-07-03,0.6668888537492678,0.6633370344246041,0.6138045137094056
2002-07-05,0.7274645655819721,0.8101717911121513,0.6524090524260227
2002-07-08,0.7296030174631389,0.8064149854885115,0.6532424236550373
2002-07-09,0.731441307209545,0.8258953704421917,0.6572145521278878
2002-07-10,0.7557498078083658,0.8813957009177279,0.6762446192021289
2002-07-11,0.7255408752758296,0.8378176120101952,0.6636803336870255
2002-07-12,0.7208048656325533,0.8266011136897248,0.6572636455533284
2002-07-15,0.7174887740382273,0.8314504227137587,0.6526259216467535
2002-07-16,0.7073889162727134,0.84189561389375,0.6570460403385068
2002-07-17,0.7062586718010752,0.8485757355174308,0.6543437702195668
2002-07-18,0.7357543702698649,0.868208007002078,0.6664167868637361
2002-07-19,0.7209208648724647,0.818815343381159,0.6643552532561247
2002-07-22,0.7170173553007675,0.7989442762746407,0.6718554545576552
2002-07-23,0.6899217715160945,0.7442790109953172,0.6611696060750938
2002-07-24,0.7309023108144754,0.8183115618998794,0.692057951497247
2002-07-25,0.7059811898760886,0.7603312616707477,0.6776670916953944
2002-07-26,0.7100540143703729,0.7783481070176967,0.6845447317219936
2002-07-29,0.7296204197135963,0.7888928286048471,0.6997185279200143
2002-07-30,0.7204066323273771,0.7778618110601422,0.6806262089432588
2002-07-31,0.7078412608935108,0.7791419083838544,0.6730176452351991
2002-08-01,0.7129072345154553,0.7692362017530575,0.6744477016622787
2002-08-02,0.7131043064533533,0.7826251667287965,0.676360374084626
2002-08-05,0.7253602552399502,0.7578788737597161,0.6848958888281966
2002-08-06,0.7449485240515084,0.7922177157330321,0.6991696904413822
2002-08-07,0.7559775147071985,0.7785026035068403,0.6967219006033449
2002-08-08,0.76560782399272,0.7621501748106301,0.7043382053884423
2002-08-09,0.7628462470508323,0.7821380151669848,0.6984645689817685
2002-08-12,0.7576315973825767,0.7895357077500407,0.7005739819850443
2002-08-13,0.7608496369874921,0.8010894261509944,0.702129077124144
2002-08-14,0.7576745223884059,0.7839717757086246,0.7022145694043413
2002-08-15,0.7575964198320264,0.7815307234762539,0.7015540334107041
2002-08-16,0.7538437918495928,0.7462555811029179,0.6999935946897341
2002-08-19,0.7604365689475301,0.7606985236981377,0.7035247922159986
2002-08-20,0.7619726459403734,0.7412905372092006,0.7010875283345572
2002-08-21,0.7639751801060942,0.7656890759624534,0.698953345710511
2002-08-22,0.7596340882355463,0.7231415095247783,0.6957081499975477
2002-08-23,0.7580838307046325,0.7757087564054467,0.6975599462599004
2002-08-26,0.7581261114015515,0.770908646432242,0.6972749589652795
2002-08-27,0.7551351701948277,0.7371707906359488,0.6950768713938489
2002-08-28,0.7631449921829179,0.8161411264774951,0.7013565979237344
2002-08-29,0.7626616347556717,0.8280555257752672,0.6985763109724142
2002-08-30,0.7551936976791317,0.8142118984841747,0.699993388181328
2002-09-03,0.7642360582547547,0.8408778711816479,0.7106687919384452
2002-09-04,0.7631051260780055,0.7825806728106324,0.7108028350532135
2002-09-05,0.7576659465477984,0.7204146418492575,0.7079861594682917
2002-09-06,0.7725949339356484,0.7438500623737558,0.7238910198150971
2002-09-09,0.7707135041359132,0.7057379708449506,0.721332716879495
2002-09-10,0.7728025927085358,0.7125315909268527,0.7234894010382739
2002-09-11,0.7760231900679933,0.72337858836914,0.7246664518731016
2002-09-12,0.7742584670183278,0.705155109874118,0.7224239579398783
2002-09-13,0.7717915825608752,0.674151985611711,0.7219565094415255
2002-09-16,0.7692326855691803,0.6522284119230594,0.7203170398747244
2002-09-17,0.7693894021808105,0.6878157850040814,0.7216778291078768
2002-09-18,0.7606101014104334,0.630256003539951,0.7185576650033099
2002-09-19,0.7560648189755053,0.6196987369596308,0.7181806629766809
2002-09-20,0.7587942483112792,0.5962295876137831,0.7173930638513087
2002-09-23,0.754988564839241,0.5812732735511908,0.7139128066389794
2002-09-24,0.7490205250043035,0.5671829891321183,0.7131614140915493
2002-09-25,0.7562718990288728,0.630661920437933,0.7193930871507105
2002-09-26,0.7456203833192344,0.620227289510622,0.7156658157595083
2002-09-27,0.7619301424110613,0.6596795258631472,0.7269154670957154
2002-09-30,0.7622709039281318,0.6462882787712297,0.7258252053396814
2002-10-01,0.7915089049494264,0.81882266609641,0.7533822558581467
2002-10-02,0.807182855002525,0.8305779690247286,0.7621033542520558
2002-10-03,0.7855466741644247,0.8273497260176983,0.7602243668497599
2002-10-04,0.7825246175188895,0.8269218503093679,0.7578778897835684
2002-10-07,0.7848148796528329,0.8413827228920151,0.7589247171741542
2002-10-08,0.7638788347986641,0.8355471265888925,0.7553512432199375
2002-10-09,0.77059312655758,0.8064661640572321,0.7492482662324168
2002-10-10,0.7672732150757192,0.7853337386861058,0.7470727677072926
2002-10-11,0.7858917933158877,0.841858639739019,0.7593530669359319
2002-10-14,0.7808036995170655,0.8403059708697572,0.7548077999647315
2002-10-15,0.7960395543825551,0.8833384254876114,0.7673759984030766
2002-10-16,0.7807266488996037,0.86262368651303,0.7659948055339222
2002-10-17,0.7800924059938987,0.8473295342264523,0.7627086131739348
2002-10-18,0.7777149802828356,0.8637547012844196,0.7599230745149076
2002-10-21,0.7803996122370154,0.8377587982433862,0.7551180788597862
2002-10-22,0.7580062114048954,0.8423072394023969,0.7525588446765962
2002-10-23,0.7739109215970092,0.8409968250349213,0.7515571526531492
2002-10-24,0.7764587215856601,0.8505814835700016,0.7519744176663429
2002-10-25,0.7760534326510876,0.8861616680479406,0.7570338963268902
2002-10-28,0.7821838263157451,0.8385442590163024,0.7569958781227686
2002-10-29,0.7890639386657378,0.8565802054479397,0.7548874615227562
2002-10-30,0.7824314755941519,0.7669536521254188,0.753795350697607
2002-10-31,0.7835944386439762,0.7345744987110653,0.7546656500983677
2002-11-01,0.7747535528889471,0.7538986486353485,0.7572843698173195
2002-11-04,0.7504206236446496,0.7367011703791672,0.7527860389293607
2002-11-05,0.7443160977587742,0.7166731050963244,0.7556823663129696
2002-11-06,0.7424976835853233,0.7489502310077627,0.7583302721865219
2002-11-07,0.7441886478153383,0.7469793588159186,0.7564024781402136
2002-11-08,0.7470864619358477,0.7745896555555606,0.7550582147586609
2002-11-11,0.7452555555928272,0.7058701911103707,0.754920785888469
2002-11-12,0.7363685406674721,0.6975167273096357,0.751338605543195
2002-11-13,0.7332876653524277,0.5928448481154942,0.7505683247830482
2002-11-14,0.7296194061855555,0.5717859542972011,0.7473078238719041
2002-11-15,0.7241219002702727,0.5818103895851287,0.7484114117053681
2002-11-18,0.7272885589589658,0.5906658701414181,0.7502356745778005
2002-11-19,0.723539043925985,0.6021015371726246,0.750257327714027
2002-11-20,0.7340257099762827,0.6565998782940965,0.7525938156718466
2002-11-21,0.719182226631826,0.6096132982674745,0.7444535751010946
2002-11-22,0.7199095000475373,0.5605573155077735,0.7445990803282337
2002-11-25,0.7238057078748096,0.5245793226902599,0.7443422131191366
2002-11-26,0.7151433363378307,0.5517831673769378,0.7447612200955612
2002-11-27,0.7238806754259461,0.5920029869774746,0.748715226451132
2002-11-29,0.7267081518892421,0.6072780266513583,0.7457141076537595
2002-12-02,0.7138545159666995,0.5767487399559296,0.7456937099468924
2002-12-03,0.7116726051470754,0.5385016265637766,0.7438559940943722
2002-12-04,0.7161371446537425,0.5607862550539506,0.7415961791789466
2002-12-05,0.7270771725658197,0.5717312834422459,0.7444887936118946
2002-12-06,0.7317696856100677,0.5647930089594921,0.7459175646709635
2002-12-09,0.7425055821711025,0.6211061717076598,0.7506640836829973
2002-12-10,0.7426196366791963,0.6235269179989252,0.752696501831244
2002-12-11,0.7474587755922271,0.617132268754298,0.7538008259720207
2002-12-12,0.7504743030415146,0.6607821240461861,0.7538932240075562
2002-12-13,0.759175863632809,0.7117595064099993,0.7562496968645191
2002-12-16,0.7638895005506623,0.8129229384298845,0.7600243345558102
2002-12-17,0.7623358081005411,0.8092929672552011,0.7551962937840475
2002-12-18,0.7706700621865444,0.8020715477612371,0.7555409389424956
2002-12-19,0.7722499313538207,0.8074835932767546,0.7579763235016079
2002-12-20,0.7800358135380365,0.7654673913857543,0.7591356570015546
2002-12-23,0.7809783618387098,0.8536178425676353,0.7557000473409937
2002-12-24,0.7766454786466198,0.8730753541544678,0.7573977811425667
2002-12-26,0.7867917056304983,0.8758383698455307,0.7553389141700924
2002-12-27,0.7809454722566318,0.9578406519444211,0.7616978184104348
2002-12-30,0.7891924534352122,0.9570595470368778,0.7662174476700598
2002-12-31,0.7378812040804167,0.9616436345954865,0.7625883237198777
2003-01-02,0.7242543904294546,0.9706428650908383,0.7680293430012928
2003-01-03,0.7284346801204934,0.998611900112496,0.7573890310500511
2003-01-06,0.7253692167356239,0.9393084159652068,0.7536727785382987
2003-01-07,0.7192786954006082,0.9090918781443349,0.7570301010746953
2003-01-08,0.7358441777510447,0.9114172308786286,0.7469745382450412
2003-01-09,0.7347103455068944,0.8161980036417309,0.7511550553612503
2003-01-10,0.7383069388406787,0.8114456470212538,0.7526360789377458
2003-01-13,0.7038950944403648,0.8062453388338403,0.7548697413488475
2003-01-14,0.7119434364055421,0.8136680726910082,0.7525220229101923
2003-01-15,0.6716056654654462,0.7657954117327264,0.7531229940987592
2003-01-16,0.6637609554531644,0.6721127150092596,0.7426103532376164
2003-01-17,0.6679096472123469,0.6647215757285578,0.7420228968384016
2003-01-21,0.6716007715270376,0.6649830076493425,0.7418342014120068
2003-01-22,0.6864222454224402,0.6728299179980624,0.7493188227166359
2003-01-23,0.6850804148016346,0.6378013511713226,0.7297089121655488
2003-01-24,0.6862824266624395,0.6428493862937676,0.739969780272347
2003-01-27,0.6686016845511954,0.6310489178560377,0.736480776035766
2003-01-28,0.6491173207682936,0.6227626595766405,0.7330041731983987
2003-01-29,0.6542088643797241,0.5577497402324599,0.7351634216855288
2003-01-30,0.6686404847210451,0.5908615834455428,0.7436040064742205
2003-01-31,0.6845810864726571,0.6212550699784881,0.7457708255944003
2003-02-03,0.6785365410707094,0.5487696760984483,0.7451824531698078
2003-02-04,0.661300615026134,0.5396401796061676,0.7352422252995473
2003-02-05,0.6765036863035631,0.5588641293558712,0.725932754263617
2003-02-06,0.6812157663755818,0.5800947419920458,0.7316687421603273
2003-02-07,0.6833225316535229,0.5915769904096625,0.7326970544066244
2003-02-10,0.6812667789304684,0.5894681425631729,0.7338473549251328
2003-02-11,0.6708782257251596,0.5672769842465388,0.7320445616924902
2003-02-12,0.6818043501689723,0.5884219882005834,0.7354036303338877
2003-02-13,0.6957680281783255,0.5989077244287034,0.7323766420361454
2003-02-14,0.7127254323332815,0.6637078278156697,0.7349032299431143
2003-02-18,0.7282036941423579,0.7045060697418795,0.7382032470373072
2003-02-19,0.7260966823634524,0.737398794028893,0.7338482414169119
2003-02-20,0.726693187191428,0.7398389976566287,0.7362627689625263
2003-02-21,0.72778797538213,0.7296971759815158,0.7338296516320527
2003-02-24,0.7027533288048003,0.7335808104732738,0.7332257574759413
2003-02-25,0.7332012906719998,0.7439757535007703,0.7324561693188579
2003-02-26,0.7410633620085035,0.7755987483893036,0.7354257391695961
2003-02-27,0.7554040045230831,0.8348141150108385,0.741634860926456
2003-02-28,0.754523106923157,0.8497545696800483,0.7359567208761959
2003-03-03,0.7382433825813315,0.8096781100818079,0.737831390572351
2003-03-04,0.7476438193636123,0.8098995830445412,0.7428621257331516
2003-03-05,0.75037709852771,0.8210317174494983,0.7362591736379468
2003-03-06,0.7595446759449128,0.847507750863026,0.7382977469069592
2003-03-07,0.7708406478413374,0.856671310966508,0.7439048667240711
2003-03-10,0.7747217390196384,0.8678500112478763,0.7433671163271051
2003-03-11,0.7679490596572303,0.8266426441128731,0.7450210589745747
2003-03-12,0.7408153769540258,0.8135728030227793,0.7432821553738777
2003-03-13,0.7536368307413753,0.8623443539595412,0.7478033613595508
2003-03-14,0.7515038522583026,0.8250664735891593,0.749776456508656
2003-03-17,0.7633909900898411,0.8496510055074176,0.7564304315439571
2003-03-18,0.7523897024426246,0.8263313874071916,0.7578886506552645
2003-03-19,0.7286461096068774,0.8137480412832465,0.7522616196472742
2003-03-20,0.7282033068445605,0.8091375317691233,0.7507572941390858
2003-03-21,0.7247830902136286,0.7819434724935699,0.753012309949701
2003-03-24,0.7422046332461564,0.8324541339170006,0.7595431915746682
2003-03-25,0.7444415045443461,0.8625633293268503,0.7644153244432155
2003-03-26,0.7480041552445249,0.8724813538601783,0.7661887814780054
2003-03-27,0.7444564117266307,0.8486096923532442,0.7610736292009566
2003-03-28,0.7445350732886499,0.826163640228377,0.7670287373719205
2003-03-31,0.7417633294445081,0.8722336659414299,0.7620641807027909
2003-04-01,0.7422955982407915,0.8714596336643675,0.7668451236067009
2003-04-02,0.7473928357700443,0.8486002719297736,0.7386953268958848
2003-04-03,0.7355333129221708,0.8529991135424226,0.72788985066584
2003-04-04,0.7370341339271373,0.8464350049395025,0.7320356513051556
2003-04-07,0.7524122930799352,0.8474081832255528,0.7353772205757846
2003-04-08,0.7587811764350527,0.820571278985377,0.7339094018103102
2003-04-09,0.7598055856795162,0.8376768263735155,0.742917745605284
2003-04-10,0.7616089495191015,0.8428931983174055,0.7430934820463092
2003-04-11,0.7611398863958512,0.8303992917440642,0.7464157823690784
2003-04-14,0.7738869411398064,0.8614979144668148,0.7336257417277495
2003-04-15,0.7777118911543874,0.8584247286127445,0.7389718216711159
2003-04-16,0.7835211413103169,0.8839382402346339,0.7245994375749609
2003-04-17,0.7892619485503025,0.8833001177598415,0.7248626105773556
2003-04-21,0.7968550668853733,0.8772957535357269,0.7298185354570144
2003-04-22,0.7882674253348461,0.8678323960219171,0.7269261674410681
2003-04-23,0.7885019455511869,0.8364579716235214,0.7343034464415628
2003-04-24,0.7958135091832422,0.8255912729167778,0.7374041844359782
2003-04-25,0.805718936333466,0.8266454337286234,0.740931003965477
2003-04-28,0.816985651827334,0.8553560967358499,0.7364848671673327
2003-04-29,0.8223538325055263,0.8619689971218476,0.7296133192832447
2003-04-30,0.8261467699765059,0.7660299771144731,0.7313415721339145
2003-05-01,0.8075781555639573,0.735654953512136,0.7296933351531796
2003-05-02,0.8026862982561807,0.726542107074364,0.737090557710983
2003-05-05,0.8038245900618013,0.7197879054692848,0.733938071058608
2003-05-06,0.8131234605773908,0.7359146017543728,0.729406301576253
2003-05-07,0.8126211881931424,0.7382674606904588,0.7383252420385573
2003-05-08,0.8203211375110606,0.7771433298316348,0.7430915194103468
2003-05-09,0.8102738666009839,0.7603978141015643,0.7431698246121264
2003-05-12,0.8143095922978723,0.7792325792433678,0.7448722788692203
2003-05-13,0.8212798553196081,0.774559659978444,0.7421793136855913
2003-05-14,0.8086506007991648,0.7298334749524549,0.742823641755441
2003-05-15,0.8132376387984178,0.7238144043022722,0.7496957283889654
2003-05-16,0.8053352951148388,0.6516037201949963,0.7523277634489207
2003-05-19,0.8038948948334144,0.6852880959145045,0.7592088521562377
2003-05-20,0.8018723451670092,0.6951094325644037,0.7578277381625536
2003-05-21,0.791972239766265,0.708551359973486,0.754327625078962
2003-05-22,0.7974194482923342,0.7083667842451853,0.7570694429830426
2003-05-23,0.8075806403592908,0.7032409469310258,0.749800810402217
2003-05-27,0.8068569451576961,0.6857088364569861,0.7680653026966998
2003-05-28,0.7948378387424686,0.6335221553088342,0.7670452276330771
2003-05-29,0.7815653130965909,0.6208187717359326,0.76612299156637
2003-05-30,0.7821289420917438,0.6437898047809263,0.7656992664618691
2003-06-02,0.7769654757424375,0.6540836037912121,0.7577238619118681
2003-06-03,0.7641626196400887,0.6333448111901605,0.7579681551845842
2003-06-04,0.7680859394573546,0.6534188854336366,0.7611144538145864
2003-06-05,0.7659185433790433,0.6428070529066714,0.765842689191482
2003-06-06,0.7665441393715995,0.6351800613336456,0.7681322160669489
2003-06-09,0.7480522034234343,0.6037322411923071,0.7645494726192851
2003-06-10,0.7537665912882213,0.6140185713871897,0.7664346266575401
2003-06-11,0.7505036916617072,0.5774184605762772,0.7477551806925258
2003-06-12,0.7351856171122931,0.5722823811571971,0.7456790491918269
2003-06-13,0.7393977723735963,0.5863823880903861,0.7460766534043086
2003-06-16,0.7274764476609057,0.6112894227221637,0.747526710889949
2003-06-17,0.7286903660005855,0.6042474484729763,0.7405925611989438
2003-06-18,0.7292725635074415,0.525310956394917,0.7288051085740099
2003-06-19,0.73461743827627,0.5703709098406599,0.7296377714115746
2003-06-20,0.7432797711487465,0.601563953083846,0.7305346479773687
2003-06-23,0.7083086873703203,0.5925613211997403,0.7289808894328338
2003-06-24,0.7055852339757267,0.6017543810010507,0.7283727741528132
2003-06-25,0.7059083698702145,0.6115639793188158,0.7308734675249052
2003-06-26,0.7170063756146721,0.6506928857731411,0.7321274481779584
2003-06-27,0.7337276793289863,0.7138585712614847,0.7379669250155082
2003-06-30,0.6958482098438317,0.7016660747101524,0.7235305720571258
2003-07-01,0.694610283410001,0.7268067075647487,0.723579756897871
2003-07-02,0.6939470641258391,0.759755869271992,0.7273311163505745
2003-07-03,0.7086874512274347,0.7831167163945779,0.7247821479379352
2003-07-07,0.7280120034079688,0.8367771740834232,0.7328725702854408
2003-07-08,0.7267609776397131,0.8374170179291672,0.7424598507271961
2003-07-09,0.7337344189844022,0.8513605282917448,0.7437444738306886
2003-07-10,0.7277668985002047,0.8214715150703086,0.7424931817683804
2003-07-11,0.7273662008744416,0.859676072710336,0.7434605129988995
2003-07-14,0.7196219719224609,0.8438105373559218,0.7413235946432665
2003-07-15,0.6994374146254095,0.8433448608730627,0.7408896413037492
2003-07-16,0.7008608759597904,0.8546429166596032,0.7421830792086476
2003-07-17,0.6936228518922123,0.8737157495072136,0.7461797349740639
2003-07-18,0.6945855200446962,0.870711597987,0.7506355893207162
2003-07-21,0.7060082816141041,0.8969362793113,0.7567994273217028
2003-07-22,0.7142468710685003,0.872329527099633,0.754325609212232
2003-07-23,0.709124310165749,0.8986720508433821,0.7526045593167126
2003-07-24,0.7191534218592291,0.9196422354189661,0.7601120652495613
2003-07-25,0.7227344940719983,0.9297769041569931,0.7668607504462936
2003-07-28,0.7144056317961499,0.9100019711873529,0.7704365150515257
2003-07-29,0.7091491354536701,0.8343566339580976,0.7713297464012905
2003-07-30,0.7136458766179706,0.8348392279474051,0.7745344445234008
2003-07-31,0.7198806267420758,0.8137384195041332,0.7650533270563152
2003-08-01,0.7104823875950695,0.7584888026046126,0.7589601696939553
2003-08-04,0.7096874357124101,0.7091855881207109,0.75909405664458
2003-08-05,0.7421927751304284,0.720174990480624,0.7771539879777594
2003-08-06,0.736761095002503,0.7191757259425395,0.7744317302864945
2003-08-07,0.7475340593811608,0.7632213274870925,0.7813715325357814
2003-08-08,0.7447416929023356,0.7652256876450076,0.7746681449420141
2003-08-11,0.7367368047924305,0.7760962217734962,0.7745079314005001
2003-08-12,0.7377003129254622,0.8017937142599898,0.7784853921041217
2003-08-13,0.7404331440182655,0.8153633463564768,0.7687366541774403
2003-08-14,0.7372550874332422,0.7937354684332577,0.7698403822309048
2003-08-15,0.737902367081757,0.7726662974643381,0.7638542775454502
2003-08-18,0.7232418190649937,0.7401200987569958,0.7605396885141987
2003-08-19,0.7201224969856163,0.7046634409532444,0.7588666807803643
2003-08-20,0.7332478598557095,0.7288249161504343,0.757824777524657
2003-08-21,0.7271406649944557,0.73148025872459,0.7593605286672763
2003-08-22,0.7242722481302509,0.6955817135942572,0.7657202578338927
2003-08-25,0.7180172900281038,0.6195042727604935,0.7652252760910239
2003-08-26,0.7239502296509158,0.6117866666804428,0.7592086218610947
2003-08-27,0.7309640866946912,0.6465196594034929,0.7540006079111587
2003-08-28,0.727865352700484,0.6629304354912692,0.7541275111592459
2003-08-29,0.7382069666191533,0.6900408055318741,0.7547261474791809
2003-09-02,0.7400685682748636,0.6969570392137321,0.7479246148426977
2003-09-03,0.7333556537289279,0.7105601091106564,0.7491445679725235
2003-09-04,0.7296012785412073,0.40035927725066744,0.748717432076175
2003-09-05,0.7283746581100947,0.4597210968371887,0.7480816841744623
2003-09-08,0.7184384575107505,0.4198196472101437,0.729686859003782
2003-09-09,0.7026601556860301,0.4294907555392757,0.7293709877619541
2003-09-10,0.6979215638280036,0.408865642804315,0.725051356479898
2003-09-11,0.6939401800457676,0.3885146344058887,0.7159902275016543
2003-09-12,0.6941368978317498,0.37120119620273556,0.7177582899898086
2003-09-15,0.688582195513275,0.40368368234456087,0.7097555760076136
2003-09-16,0.714578309131922,0.48919336630213883,0.7176073315442508
2003-09-17,0.7187504638447374,0.5032206237400969,0.7207277777555744
2003-09-18,0.7129232688012647,0.5117610086156036,0.7196470414751411
2003-09-19,0.7163065862676744,0.5231647408372925,0.725154625490143
2003-09-22,0.7197405204464598,0.5453884330772116,0.7052862531493388
2003-09-23,0.7213601593655936,0.5402107649243972,0.7039877080913878
2003-09-24,0.721901057808059,0.6099457612262982,0.7045201441306573
2003-09-25,0.7166520565982432,0.6402203598211146,0.711166986155994
2003-09-26,0.6948637440990524,0.633214707048357,0.7115138658828316
2003-09-29,0.7023855300554082,0.6533003873789531,0.6930729794480984
2003-09-30,0.7007485489276701,0.6435856676894088,0.6938277730737065
2003-10-01,0.7075206493283304,0.7016537468371647,0.6967797070928107
2003-10-02,0.691060024348035,0.6986895471708433,0.697154445652463
2003-10-03,0.651968212370391,0.6804286313856116,0.693534616174878
2003-10-06,0.6550617975307148,0.6897439233186884,0.6947565518462372
2003-10-07,0.6680146470955148,0.713652501572158,0.7000108994934956
2003-10-08,0.6627960585230049,0.730870000049923,0.6955387104212415
2003-10-09,0.6630927105642926,0.7673017388613977,0.6955037382052189
2003-10-10,0.671665395523561,0.7762894280185209,0.694750995033949
2003-10-13,0.6672509723364434,0.7564032535545337,0.6812919506397688
2003-10-14,0.6656459385134565,0.7465771594924281,0.6801621789263974
2003-10-15,0.6526964656000984,0.6947078500640695,0.6727686755286848
2003-10-16,0.6522485328667282,0.6989607727242585,0.6735218020724393
2003-10-17,0.6544959040934659,0.7244234544244984,0.6797509177267997
2003-10-20,0.6658335085623042,0.7351299582475861,0.6872047284537959
2003-10-21,0.6692701133460405,0.7493237490342975,0.685532128735683
2003-10-22,0.6647157488070203,0.7501906321651691,0.6891366432541357
2003-10-23,0.6404402859446946,0.7250090362586286,0.6861703124837641
2003-10-24,0.6331330998501021,0.659487664077536,0.6760970661656128
2003-10-27,0.6409260649832949,0.6751049285740136,0.6778442914292451
2003-10-28,0.6483262648616267,0.6754456085593177,0.6818913167658995
2003-10-29,0.6493992824805286,0.6437355192187787,0.6851124886613897
2003-10-30,0.6498603128495029,0.5162743133830545,0.6795529962656425
2003-10-31,0.6505171139615454,0.5107373600015647,0.6791130728014022
2003-11-03,0.5735003246127931,0.5055559966520499,0.6723210496900861
2003-11-04,0.5768908953254716,0.479289325403615,0.6698826805343496
2003-11-05,0.5880620775127409,0.49330447208545025,0.6822907656278541
2003-11-06,0.5911224528854684,0.5080173505691755,0.6802813113877667
2003-11-07,0.6019406671357448,0.5571328731927945,0.6789220554834081
2003-11-10,0.594876819303744,0.5393242359919501,0.6770830416214918
2003-11-11,0.5930491366939192,0.5715488137871205,0.6778890407583251
2003-11-12,0.5994281505227328,0.5845707137103217,0.6786346857516136
2003-11-13,0.5811932455761761,0.5282250797810761,0.6716635280696048
2003-11-14,0.5900716678151069,0.5309020066118091,0.6663917713440483
2003-11-17,0.5929756906139544,0.479887930219574,0.6667065641292286
2003-11-18,0.6044307789062745,0.48835877779214776,0.6780202309501278
2003-11-19,0.6154956028295508,0.5231828392188064,0.6792228130542372
2003-11-20,0.6263122232992632,0.5195991664639542,0.6850962496960233
2003-11-21,0.6284032707756388,0.5203249564512262,0.6816069315459358
2003-11-24,0.6289790037488724,0.5529140295959776,0.6832983560394336
2003-11-25,0.628492191600175,0.5519373080415353,0.6866628916042652
2003-11-26,0.6274271988241161,0.5154549549154713,0.682964296599492
2003-11-28,0.6204270891605446,0.5181890390860402,0.6853568132426834
2003-12-01,0.624980021466438,0.5649964753164944,0.6894480521892528
2003-12-02,0.6197806718334143,0.5654968080126934,0.6830306953082871
2003-12-03,0.6231959251329237,0.612348567758985,0.6828341950822335
2003-12-04,0.6169566023005313,0.59709579965795,0.680024631090097
2003-12-05,0.6196011741502542,0.599193513651664,0.6807628390322364
2003-12-08,0.6301004298117994,0.6073442671279256,0.6767365944669245
2003-12-09,0.6435606842800893,0.5870627774546724,0.6802609716647724
2003-12-10,0.6453395704193704,0.5887423147130031,0.6794821504947343
2003-12-11,0.649149193001305,0.6012557887807354,0.6804030593748929
2003-12-12,0.6436788944619992,0.5891333711076358,0.6755509961493976
2003-12-15,0.6221076400086362,0.6379811810798375,0.6798640770262221
2003-12-16,0.6200350034629535,0.6225295486021284,0.6816543835587874
2003-12-17,0.6194112353672743,0.6164789825704193,0.6775833511070362
2003-12-18,0.6185153411189851,0.5692411567697423,0.6783083208432881
2003-12-19,0.6222844461689666,0.5763494519624248,0.6829019245142331
2003-12-22,0.6324433239422683,0.5426502541571432,0.6887366762532903
2003-12-23,0.6111271857582249,0.5644822994538667,0.6842152357859526
2003-12-24,0.5924487979586774,0.5767790831885099,0.6755288933129932
2003-12-26,0.5989944477319348,0.5874449163441421,0.6648749527791811
2003-12-29,0.6101845141161175,0.6579951672060111,0.6737264811405416
2003-12-30,0.596428511651074,0.6572467636445701,0.6709303435827831
2003-12-31,0.5544706661674412,0.6223813906822833,0.6626563509727441
2004-01-02,0.5456915090260239,0.5948482670564609,0.6475585247228681
2004-01-05,0.562906979982427,0.59722203917315,0.6298228832754058
2004-01-06,0.5598356319343474,0.6122756384033069,0.6304579079937572
2004-01-07,0.5751317596924287,0.6335161150614911,0.6456115348487411
2004-01-08,0.5679583018513249,0.5948794430724433,0.6390185522108571
2004-01-09,0.5873994101399175,0.6747895061243825,0.6456230031410571
2004-01-12,0.5945926112656363,0.7130515695873859,0.6540027885190504
2004-01-13,0.613954004176485,0.7346219842486104,0.65958126661351
2004-01-14,0.6198956673424078,0.7480764630746766,0.6620400811630958
2004-01-15,0.6156584971858531,0.7130875682114101,0.6513208280655934
2004-01-16,0.6078777284285576,0.7182387148878953,0.6479847477887708
2004-01-20,0.5773221534060176,0.7026410622937928,0.6382960290637353
2004-01-21,0.5557919158102195,0.5794396010857031,0.6360152077107696
2004-01-22,0.5538289097910567,0.5549277702648282,0.63766174918267
2004-01-23,0.5371631078746216,0.5294744984601752,0.6321266353728214
2004-01-26,0.5521347569969038,0.5756992583737066,0.6246135109107105
2004-01-27,0.5885652173461016,0.667780767101819,0.633509868937632
2004-01-28,0.587126534569003,0.6421237709633153,0.6352944786192393
2004-01-29,0.5608110220202067,0.5314303599341982,0.6279202310859562
2004-01-30,0.5591041043690911,0.5232726278852441,0.627380342427665
2004-02-02,0.5628804953500252,0.5274266347936339,0.6292172605959244
2004-02-03,0.5631382351632445,0.5469662845985918,0.630347022510449
2004-02-04,0.5757441816582864,0.5176919953834472,0.5901553374653854
2004-02-05,0.5765386120843543,0.5146352762394495,0.5919161389570226
2004-02-06,0.5619355332538958,0.511065680302048,0.5692867227048126
2004-02-09,0.5543799061420827,0.5186722863417437,0.5671245528072945
2004-02-10,0.5408868018443561,0.47180448433863775,0.5655636775180976
2004-02-11,0.551959888283791,0.4891217008683449,0.5694691445737425
2004-02-12,0.554783797321101,0.48194071564957786,0.5705004633626334
2004-02-13,0.5549423332157198,0.4743238923409648,0.5748934914225099
2004-02-17,0.5785807175719931,0.5002818022259612,0.5778320780193548
2004-02-18,0.5797600708946804,0.5258322413136706,0.5835817386902775
2004-02-19,0.5765912079877763,0.5432184523465658,0.5842108816618694
2004-02-20,0.5595018479775413,0.5535661214185436,0.5815404803582924
2004-02-23,0.5514206224392961,0.5520998888267709,0.5815580781714114
2004-02-24,0.5382285953164478,0.5502950885849787,0.5846567548200882
2004-02-25,0.5431918143667274,0.49272792373438845,0.5866301399647504
2004-02-26,0.5413531416424294,0.4264369145613976,0.586694795725684
2004-02-27,0.540897386349424,0.4115878947570763,0.5861786123261945
2004-03-01,0.5545095519786575,0.5106424701557144,0.5892950505273372
2004-03-02,0.5611782192047691,0.5384006401347685,0.5875702360464022
2004-03-03,0.5497763408035977,0.5409799850131476,0.5871536757089342
2004-03-04,0.5490606199011495,0.5335697536817432,0.585008349047899
2004-03-05,0.5429589950978702,0.5218888462392551,0.5847191299813667
2004-03-08,0.5814481532535428,0.6582126896662251,0.5968163927887098
2004-03-09,0.5772273921207652,0.6402504575253697,0.6025983980906312
2004-03-10,0.6210584441684597,0.7793497291330833,0.6239698235653829
2004-03-11,0.6136659887967846,0.7270946412463682,0.6271504706450797
2004-03-12,0.6314017560392248,0.737602045321225,0.6354491042853869
2004-03-15,0.6324553901688795,0.734369676233001,0.6387871027643445
2004-03-16,0.6307860994456707,0.7229860784609684,0.6358712227049854
2004-03-17,0.6377351591580376,0.7355287204102351,0.6276876311118895
2004-03-18,0.6385309775081963,0.7338527899730511,0.6277266351779989
2004-03-19,0.6739789283989323,0.8112941136564137,0.6462271898609626
2004-03-22,0.6707770631576421,0.8162984995345566,0.6467061253125311
2004-03-23,0.6695274329887508,0.8285589426965628,0.6484596847377203
2004-03-24,0.6530580339584178,0.8233513506637166,0.6459089618302536
2004-03-25,0.6485580346938014,0.7856274421320365,0.634682080241895
2004-03-26,0.645934495131131,0.7785298908012079,0.6259747468133766
2004-03-29,0.6685617509944712,0.8294971691626923,0.6397890896415193
2004-03-30,0.6483041861378015,0.8017597568691005,0.6349993151206617
2004-03-31,0.6456716978538308,0.796481723810853,0.6288434262892808
2004-04-01,0.6454199901950165,0.7946115363584957,0.6089061260240793
2004-04-02,0.6407696174132599,0.7705411895665737,0.6034385659551612
2004-04-05,0.6368045450129017,0.7772204604875877,0.6087387708040417
2004-04-06,0.639232543489163,0.7487576472744074,0.608220025127878
2004-04-07,0.6323028847098547,0.7424722207209714,0.6015922258587934
2004-04-08,0.6390174899458899,0.6749977675658461,0.6016084863305394
2004-04-12,0.6227970324812235,0.6667941944762781,0.59835583379324
2004-04-13,0.6237821909267428,0.6627414108491085,0.603334971324767
2004-04-14,0.6145300783302254,0.6288631014309898,0.6038720467837528
2004-04-15,0.6024654771994868,0.6201961604527889,0.6002009373881185
2004-04-16,0.6094773600519617,0.6094072954608486,0.6020677686541289
2004-04-19,0.6113801848513988,0.6013218998306953,0.5986681597700889
2004-04-20,0.6438436278020601,0.5993044136108178,0.6080498745870261
2004-04-21,0.6503466628648299,0.5740676689403224,0.6038314095083345
2004-04-22,0.6548005874330538,0.5741635097173612,0.6055349836479774
2004-04-23,0.6518651290383722,0.5750813910657295,0.5992761057905004
2004-04-26,0.6365731948518072,0.5764416894835296,0.5978089419717757
2004-04-27,0.620935905688079,0.5783687446535499,0.5993555880435494
2004-04-28,0.6336110151576618,0.5529456256897561,0.606026729229463
2004-04-29,0.6491858061975256,0.5724711168803782,0.6039410763951127
2004-04-30,0.6540352024781885,0.5790408810066658,0.6070676567634697
2004-05-03,0.6690582630094444,0.6320922391606246,0.6173004753528833
2004-05-04,0.6669000862779364,0.6389699989469018,0.6163391889433096
2004-05-05,0.6804790829498101,0.6720040923507334,0.6264495077593196
2004-05-06,0.690337307196956,0.6919101443770559,0.6335272657589175
2004-05-07,0.7016231295500936,0.7197921284985317,0.6391045668807993
2004-05-10,0.7072940570689568,0.7270982347608674,0.6408235616261064
2004-05-11,0.7158119844554423,0.7617800450852562,0.6399193485022943
2004-05-12,0.7109043397961983,0.7658329600074028,0.6430563310346782
2004-05-13,0.7135146287562156,0.7852026370070347,0.6457142605266599
2004-05-14,0.7082535267233345,0.8057946841893613,0.6430481315970777
2004-05-17,0.7030332057596794,0.7921914837982144,0.6516285031736836
2004-05-18,0.6944177092607643,0.7804588652985228,0.6480669891327798
2004-05-19,0.6972210239574921,0.7289544017651438,0.6482053543797981
2004-05-20,0.7002433377674685,0.7341812402316865,0.6427414533742507
2004-05-21,0.7030846190910212,0.7192858294783856,0.6394028250055638
2004-05-24,0.7010719898716294,0.7376255615339947,0.6344850461530724
2004-05-25,0.70763837696695,0.7707151509869995,0.640947349427004
2004-05-26,0.7089215532529209,0.7852827247693013,0.6422767586888497
2004-05-27,0.70749421815656,0.7603651300476821,0.6409723012368765
2004-05-28,0.6986840776299734,0.7563914313469068,0.640689739858564
2004-06-01,0.6953760973041938,0.7579741788858604,0.6397791860652803
2004-06-02,0.695534240572121,0.7083260717606988,0.6358456183204937
2004-06-03,0.7043673931775761,0.7468522936077636,0.6423260460095277
2004-06-04,0.7152086260876237,0.747938605770343,0.6461894271502355
2004-06-07,0.7170949106097917,0.7482234403514701,0.6562489094926536
2004-06-08,0.7172245447848379,0.6831490314222681,0.6560746657361715
2004-06-09,0.6987706313557699,0.6903246557108396,0.6585380045302416
2004-06-10,0.707942005789643,0.6821481657960824,0.6605031686116855
2004-06-14,0.70703498304224,0.7101820026266364,0.6653788000104928
2004-06-15,0.7036131868973737,0.6812255118107052,0.6647679182414543
2004-06-16,0.7050007063196063,0.7034373476467792,0.6639596039232017
2004-06-17,0.6971207293863512,0.6985037612373964,0.6622958956204362
2004-06-18,0.6986761493825577,0.7282638499555643,0.663798617025744
2004-06-21,0.673065221433346,0.7370404022101777,0.6644922180591092
2004-06-22,0.6646567637872182,0.7369577632043839,0.660997369058487
2004-06-23,0.6672982332049598,0.7488643295962677,0.6617641264143427
2004-06-24,0.6765022477717016,0.7872767220189442,0.6588632921905343
2004-06-25,0.6872984733793844,0.7799495532404911,0.6602135963155245
2004-06-28,0.6880396784334529,0.7702895443645023,0.6597087259053513
2004-06-29,0.6621744738902621,0.7810848017934112,0.6580329928708087
2004-06-30,0.6687658413399717,0.7903086250947629,0.6508040937883329
2004-07-01,0.6930968467918623,0.8802266421766777,0.6625672069928232
2004-07-02,0.6886224044357768,0.861517661921553,0.6601211766356535
2004-07-06,0.7038255476502296,0.840498315490657,0.6645729416043868
2004-07-07,0.7080114385918566,0.8166265298002572,0.663874251210382
2004-07-08,0.7072584148767599,0.7511297326192831,0.6646353491325067
2004-07-09,0.705175204675871,0.7543224952531488,0.6642855794594049
2004-07-12,0.7061556822976147,0.7274198890595149,0.6682403038451921
2004-07-13,0.7137363318680011,0.6969737243747037,0.6631532673483096
2004-07-14,0.7038815418472032,0.6527457353040887,0.6569226095251067
2004-07-15,0.7151635315015168,0.631362460589928,0.6567436730024818
2004-07-16,0.7216295629789805,0.6214500832048008,0.6523849021464143
2004-07-19,0.7226666094918556,0.6389465903935553,0.6561999902776301
2004-07-20,0.7638606210959659,0.8252471520604355,0.6773554814769168
2004-07-21,0.7982847263526722,1.0245265585049215,0.7096090402405255
2004-07-22,0.7952678148645994,1.0109943406938444,0.7128554953299194
2004-07-23,0.7972742390201627,0.9899809435573161,0.7137749851915554
2004-07-26,0.8008423272864544,0.9713843968452868,0.7129764406631328
2004-07-27,0.8138002426319626,0.9916016012236364,0.7120725182664795
2004-07-28,0.8176524789974059,1.0026848051341537,0.7049072435807003
2004-07-29,0.802491443226714,0.9836361688778773,0.705793240092622
2004-07-30,0.8065287334461683,0.9874219913845118,0.7143211816144125
2004-08-02,0.8003943942201351,0.8931778519611547,0.7128928077738604
2004-08-03,0.7893948493765058,0.9298866033510484,0.7155704622604963
2004-08-04,0.7864194399892409,0.8897850169770402,0.713859745519156
2004-08-05,0.7866527326304029,0.8824798027835934,0.726099698698983
2004-08-06,0.7662937559992204,0.848181388181904,0.7239244495353047
2004-08-09,0.7562820952776789,0.8432319059392174,0.7185300059016151
2004-08-10,0.7621822912432308,0.845495823632574,0.7231700248471717
2004-08-11,0.7233903081794194,0.7768207474420684,0.7117791085784297
2004-08-12,0.7240271335507323,0.7961766162990922,0.7091834008930946
2004-08-13,0.7165152017655002,0.8002792575572162,0.7079859162167406
2004-08-16,0.7118294300892107,0.7815635968291882,0.703249368004421
2004-08-17,0.716345034313745,0.7811515617552943,0.7011693087845062
2004-08-18,0.7203463812429136,0.6972486821651199,0.6990824235757499
2004-08-19,0.7157553592952062,0.564365464667538,0.6995640642386053
2004-08-20,0.7163451709570204,0.5781825103762517,0.7011104929553564
2004-08-23,0.7176856944410924,0.5670023595896174,0.7028340243461421
2004-08-24,0.7237376469979169,0.5748164683164488,0.7037817466786598
2004-08-25,0.7118221444776014,0.553181310025849,0.7023201343111444
2004-08-26,0.7105490845527368,0.5576332090800254,0.7022679902373202
2004-08-27,0.7166065551770503,0.5763176046656082,0.7039864631806262
2004-08-30,0.7255364192483829,0.5983176674804123,0.702010400439075
2004-08-31,0.7309492035204745,0.6137323989103673,0.7018073408400792
2004-09-01,0.7291307575287398,0.587772472662058,0.7009396015240024
2004-09-02,0.7274095605867087,0.6194930119823249,0.7053943199261221
2004-09-03,0.7088843541330445,0.540760910129102,0.7028601765450824
2004-09-07,0.6923621103965886,0.49590817680702654,0.6975816210150719
2004-09-08,0.6876351926066999,0.49091414203883715,0.6934534052512629
2004-09-09,0.6714484090637709,0.4382902142228057,0.676504913282152
2004-09-10,0.6652316884601974,0.48702260528994806,0.6786638128947052
2004-09-13,0.6604622583306592,0.407145854796034,0.6748821672306348
2004-09-14,0.6575175975978845,0.41834992312469677,0.6715109176177072
2004-09-15,0.6640544041261942,0.4730844310356421,0.6747234753448791
2004-09-16,0.6668116449392922,0.4769067626486206,0.6713277015137435
2004-09-17,0.6634882465521105,0.4577282544449426,0.6706054477407605
2004-09-20,0.6543385509622804,0.4730110886479613,0.6531325167451709
2004-09-21,0.6501075680884536,0.4519944706395104,0.6468225627543067
2004-09-22,0.6482781412139615,0.5134135333834309,0.6489770814927214
2004-09-23,0.6406173798470701,0.5086733341210893,0.6507341999331725
2004-09-24,0.6437956733351035,0.5185060899584657,0.6551551454050384
2004-09-27,0.6509779203821962,0.5453958635797167,0.6588900164223753
2004-09-28,0.6522261895810647,0.5328315988358113,0.6450669079566531
2004-09-29,0.6492399433638151,0.4905675434624885,0.6469915740255894
2004-09-30,0.613771745742029,0.45647307558634,0.6428262826424942
2004-10-01,0.6519393105289746,0.5776702645684626,0.6584217271012397
2004-10-04,0.6447214777596068,0.543225418124084,0.6636291924044291
2004-10-05,0.6400888344206593,0.5720948493950573,0.663023808579555
2004-10-06,0.6424602213873722,0.5831579566880745,0.6645311519002262
2004-10-07,0.6540316622097911,0.6399431048058836,0.671587626519987
2004-10-08,0.6610060112924352,0.6769589165546439,0.674432739801449
2004-10-11,0.6649247375629167,0.692939461935745,0.6803016008612555
2004-10-12,0.6755230230795976,0.6958431909691293,0.6804182117126355
2004-10-13,0.6775914265346806,0.7070979227732314,0.6877962952151615
2004-10-14,0.6659110991086957,0.6629615860651922,0.6844468809470308
2004-10-15,0.6649323962751736,0.6779798476336885,0.6856912544681115
2004-10-18,0.6299155886900312,0.667328708540933,0.6858194232706979
2004-10-19,0.5681729082347007,0.6815090874488455,0.6698321531045679
2004-10-20,0.5687956262977798,0.6863360529451813,0.6682407438127153
2004-10-21,0.5720225307745515,0.706714760551331,0.6707520346576014
2004-10-22,0.5898437669660632,0.7415891561483571,0.6809226810709555
2004-10-25,0.5786948241159667,0.7248678226312284,0.68188766881867
2004-10-26,0.5971999065412098,0.7483407711207335,0.6901306752875536
2004-10-27,0.588113249153672,0.695759593027015,0.6735415315138212
2004-10-28,0.5847763731456194,0.6861151495771828,0.6717714591379359
2004-10-29,0.5871654391712335,0.6996124523821374,0.6704286871895715
2004-11-01,0.5804437660786039,0.6223254106321139,0.6617888884850528
2004-11-02,0.5746494372304064,0.6000158443538076,0.6578917324058342
2004-11-03,0.5562459397927355,0.6377222627184957,0.6562505791260821
2004-11-04,0.548122194474734,0.6221197734995938,0.6474488697193356
2004-11-05,0.5432698257345073,0.5884698547545654,0.6356348678023719
2004-11-08,0.5348032783080074,0.5744226010865363,0.63245835870185
2004-11-09,0.5620183613560825,0.5809911654271038,0.6301758366345481
2004-11-10,0.5503351308577662,0.5531713649257373,0.6283173316298195
2004-11-11,0.5514983399437833,0.5147751717218533,0.6242578839120109
2004-11-12,0.5597382230156056,0.5343936485412067,0.6297255910529389
2004-11-15,0.5571080682097068,0.5214539116688378,0.6278075265091088
2004-11-16,0.5664513368588764,0.5608194844667357,0.6348667866071646
2004-11-17,0.5705615477161172,0.5434702857960011,0.6348477648062743
2004-11-18,0.5692397646508547,0.5415846505469396,0.6346427174571352
2004-11-19,0.5780693542515862,0.5770726124022985,0.6388700786243574
2004-11-22,0.577810131514542,0.5122927311764124,0.6401166114827564
2004-11-23,0.5784461418134103,0.5018443587783261,0.6343615488992184
2004-11-24,0.5777920152222529,0.4657068941003609,0.6333837923421201
2004-11-26,0.5780168448468562,0.5285766466917186,0.6351140445987092
2004-11-29,0.567383346965255,0.5583991411661429,0.6348627874498299
2004-11-30,0.5607309590021785,0.5328960679546388,0.6335090277142674
2004-12-01,0.542880433182006,0.475703636885108,0.6213209255208553
2004-12-02,0.5237441871436569,0.4682938008465919,0.6095161612253152
2004-12-03,0.5338743950766311,0.4386490467087769,0.6043131333049213
2004-12-06,0.5316140040802397,0.40310875740810537,0.5941194272849355
2004-12-07,0.5389326080511754,0.4248873012494964,0.5925043937826989
2004-12-08,0.5470206035297581,0.43732389481829864,0.5893053696104622
2004-12-09,0.5475567657420508,0.42131870448863773,0.5864144256542781
2004-12-10,0.5455378421619695,0.42864940031293874,0.5820745256548169
2004-12-13,0.5513685253366557,0.45085942280271096,0.584352298730142
2004-12-14,0.547330507394872,0.43060401669842935,0.5850353748059182
2004-12-15,0.547524340879272,0.4385582109943801,0.5862593875754942
2004-12-16,0.5416609166062754,0.3786680180044296,0.5815531166941967
2004-12-17,0.5487961352117418,0.39452908969941286,0.5820125703179237
2004-12-20,0.5484021284798486,0.38455294445202387,0.5800521853950653
2004-12-21,0.5372118827162516,0.33201136815368365,0.5773019917345477
2004-12-22,0.5333125043562008,0.3252548880889644,0.5744460910663165
2004-12-23,0.5348848210220344,0.3320151188729084,0.5730342256641657
2004-12-27,0.5233477751614937,0.32904805787694896,0.5713370101204459
2004-12-28,0.5254424680273082,0.33302885213543215,0.573391855159071
2004-12-29,0.5246995532113038,0.3086017397612216,0.5719094985609376
2004-12-30,0.5356238850586406,0.34065402589429733,0.5585800925766591
2004-12-31,0.5065851202579852,0.39187792098530155,0.5624273401025317
2005-01-03,0.4982086783171662,0.39658197977164555,0.5533593133397199
2005-01-04,0.5243933628606778,0.5188485775460518,0.5633811395585132
2005-01-05,0.5324820195197284,0.5741580345152121,0.5684628690762076
2005-01-06,0.5195779250655057,0.5514169615572397,0.5718923103010923
2005-01-07,0.5113310678628117,0.5164829537153127,0.5714914579507778
2005-01-10,0.5117888894531337,0.5486371854356096,0.5735171795465882
2005-01-11,0.5163190197601927,0.5865328865326732,0.5815693783398633
2005-01-12,0.5018322805835458,0.5518456559664293,0.5789642417031762
2005-01-13,0.5172934276913201,0.5548504698247783,0.5841508104517713
2005-01-14,0.5164661011003817,0.5834993303273849,0.5826587619717555
2005-01-18,0.5291680055818212,0.6510075870920986,0.5717385397003757
2005-01-19,0.5399859089208876,0.6742150050361866,0.54244824622288
2005-01-20,0.5434732793282697,0.6871036032538647,0.5446398337726336
2005-01-21,0.5463402509432029,0.7067399956559445,0.545545508380516
2005-01-24,0.5235851498172821,0.705121024287905,0.5449560438513442
2005-01-25,0.5236276548661989,0.698166038027246,0.5401271401641928
2005-01-26,0.4955932192026274,0.679092563458407,0.5383566041687993
2005-01-27,0.5110248806654001,0.6771481287242466,0.5407999615693367
2005-01-28,0.511048470740804,0.6623030850395342,0.5392972779863183
2005-01-31,0.5062969831977936,0.6363125970465057,0.5387638707538344
2005-02-01,0.5112084697139888,0.6397096985123688,0.5362800756400619
2005-02-02,0.5190446160546613,0.7062505445667361,0.5381271831923311
2005-02-03,0.5038043478720575,0.6367526828550231,0.522288784209774
2005-02-04,0.5111752538138266,0.6262968121651317,0.5242289373690379
2005-02-07,0.5116914691747124,0.6268581822804499,0.5316197506351327
2005-02-08,0.5104139500921232,0.6291617593352957,0.525108465718282
2005-02-09,0.5078137758685429,0.607700763905476,0.5387047184725208
2005-02-10,0.5096976889847216,0.5648074523781326,0.5323283877462311
2005-02-11,0.523148819406012,0.6010749391139164,0.5383952069440763
2005-02-14,0.516215238784709,0.5860298858017025,0.5408878667077168
2005-02-15,0.5237751494237523,0.5813005706653414,0.5422793644921095
2005-02-16,0.504907838971822,0.5253371436525807,0.5383282653194136
2005-02-17,0.508119235552474,0.4832196946786393,0.5421020883222176
2005-02-18,0.4949921818156045,0.4157427706711031,0.533698742040592
2005-02-22,0.5205482712600136,0.5362570827025581,0.5503620361588502
2005-02-23,0.5309910432333912,0.5750796122752461,0.5544328875698363
2005-02-24,0.5317620493896897,0.5787258984250719,0.5550581992816161
2005-02-25,0.5490377425431603,0.6256170861065855,0.560596325384285
2005-02-28,0.5512094565923278,0.6432255282944146,0.5619492142988667
2005-03-01,0.5383223941043661,0.6103188442889739,0.5504915485274299
2005-03-02,0.5429070328130555,0.6329477871323185,0.5490415005558977
2005-03-03,0.5679526584103759,0.6234001241682277,0.5484875842830852
2005-03-04,0.6101542194413122,0.6828327516082441,0.5545538075494372
2005-03-07,0.6093573226590991,0.670129829533306,0.5591500971655553
2005-03-08,0.614348263509297,0.6652187607927093,0.5589756853992353
2005-03-09,0.6111913415233714,0.698721163240966,0.5621129524441714
2005-03-10,0.6008485701175867,0.6838850390481844,0.5640255787846864
2005-03-11,0.6089725943341386,0.7104712778222806,0.5684090795915497
2005-03-14,0.6174403823704473,0.7307684715125361,0.5708382731402407
2005-03-15,0.6194607463224658,0.730110709861997,0.5762411832278036
2005-03-16,0.628296917881045,0.7408747081819288,0.5784023474692892
2005-03-17,0.6295178827320922,0.7361179779425685,0.5782499742304184
2005-03-18,0.640473783356275,0.7517987809236025,0.579380120040797
2005-03-21,0.6386404130619134,0.755782462982267,0.5818994400147132
2005-03-22,0.6487910205026727,0.8019618789850431,0.5871114060678227
2005-03-23,0.640550894286604,0.7116192355200293,0.5783286171770279
2005-03-24,0.644863002806598,0.6811064597718196,0.5779494691228018
2005-03-28,0.6422481446212132,0.669910974459424,0.5763945471443899
2005-03-29,0.6432645822196469,0.5970796497564086,0.5723260072073032
2005-03-30,0.6565329569217596,0.6578074679376306,0.5800483500294091
2005-03-31,0.6471246917178839,0.6738979218246487,0.5768822399961125
2005-04-01,0.6293363751279083,0.6267031507778194,0.5740229428856273
2005-04-04,0.6232198313131927,0.6223901285026331,0.5564571164797574
2005-04-05,0.6293298299731017,0.5101581262632497,0.5543375804219398
2005-04-06,0.609026226362063,0.5279978584243975,0.5559498204016378
2005-04-07,0.591098597799339,0.5195470697724722,0.5517466057487045
2005-04-08,0.603906104565229,0.5246564549327088,0.5513722114340781
2005-04-11,0.6042599855684807,0.5331386887299855,0.5471304239699329
2005-04-12,0.5891895443791391,0.506533139827293,0.5416117905644698
2005-04-13,0.5888067881204468,0.5049899768640195,0.5445802739817319
2005-04-14,0.6175639179056958,0.5588199933226382,0.5545994750752202
2005-04-15,0.6025008209085954,0.5227909539222921,0.5556579519084105
2005-04-18,0.593925631303514,0.5096860182270807,0.5509087344831919
2005-04-19,0.5943601787603481,0.5389686434616003,0.556520558996363
2005-04-20,0.6109292397847647,0.5916315738051399,0.5715833884796979
2005-04-21,0.6402044005539697,0.6619212443766439,0.5883457956288957
2005-04-22,0.6279340462622139,0.659141046168602,0.5817098555324156
2005-04-25,0.6258813089937741,0.6472297948111023,0.5715044800359949
2005-04-26,0.6379538711298198,0.6700948166625273,0.5796451577271463
2005-04-27,0.630673073885217,0.6514958253305678,0.5648286762280241
2005-04-28,0.6528055373440986,0.6634811406127613,0.5884932748931337
2005-04-29,0.6761800567906304,0.7338179958255109,0.6021421812722147
2005-05-02,0.6846862105604868,0.7848794895214323,0.6044503145406346
2005-05-03,0.6786634196726647,0.7783369564652854,0.6030724406529738
2005-05-04,0.6629855578400053,0.7607636284241479,0.5992173537373378
2005-05-05,0.6618687788075243,0.7552038197722192,0.5940219800225964
2005-05-06,0.6553617267386821,0.7606353336041193,0.5957863932180392
2005-05-09,0.6457386428885005,0.7370248541814066,0.5850970614111634
2005-05-10,0.6533066482914096,0.7484925065309732,0.5907771468108488
2005-05-11,0.6628572928517521,0.7756532193935536,0.5929721909493041
2005-05-12,0.6708363247617218,0.7830545278911366,0.5990409023993971
2005-05-13,0.6489459426330063,0.7103830911621313,0.590912310809046
2005-05-16,0.6435783880536745,0.7361057774182734,0.5859471821380695
2005-05-17,0.6450126983654498,0.7564979512251561,0.590078889491997
2005-05-18,0.6526606335232349,0.7552079657981668,0.5883018287359832
2005-05-19,0.6526565898631435,0.69911668713557,0.5876544948668966
2005-05-20,0.6658456102110798,0.6569861209536868,0.588437605026525
2005-05-23,0.6521955914016004,0.7074226473438623,0.5876532816218991
2005-05-24,0.6476421849323333,0.730969857223783,0.5883293287016678
2005-05-25,0.6427709210408263,0.6613662586097598,0.5862737855518438
2005-05-26,0.6355207763233534,0.6924354186765905,0.5874195060371037
2005-05-27,0.6360805910708777,0.5716536725370839,0.5868671178200318
2005-05-31,0.6518984219132158,0.5570143366630976,0.5914366722194626
2005-06-01,0.6594430194083272,0.5755484223650722,0.5973382765525471
2005-06-02,0.6645198219602244,0.5956434805845107,0.6093222318976247
2005-06-03,0.6467836359104756,0.6437358162234234,0.6151658882151194
2005-06-06,0.6495948703353007,0.6586069745148239,0.6172981836730282
2005-06-07,0.6499030272169803,0.6450821561770994,0.6180182494893847
2005-06-08,0.6339975712142074,0.6346462595257043,0.6111553220510848
2005-06-09,0.6372122184235967,0.5807788124718972,0.609431424457499
2005-06-10,0.6379890448620622,0.5689284850758308,0.6118259820718768
2005-06-13,0.6340006325446426,0.47780469751141164,0.6130849131726365
2005-06-14,0.6265165259462079,0.5361713227958045,0.6085476369058154
2005-06-15,0.6213258850620487,0.5825942295868752,0.6084020535212321
2005-06-16,0.6213858369556733,0.5474989569244801,0.6082299120980453
2005-06-17,0.6201104970999969,0.5239384483968226,0.6119932909216476
2005-06-20,0.6211186092284064,0.5138883802177339,0.6130004970632289
2005-06-21,0.6133135007582423,0.4674884873349846,0.613812509292731
2005-06-22,0.6200381639657597,0.42593209674380744,0.6147402011372722
2005-06-23,0.6523044583949865,0.7039739784531757,0.6326274576045248
2005-06-24,0.6561624043057526,0.7538233449571107,0.6342402461367216
2005-06-27,0.6540699181462662,0.7539067091393759,0.6348311157610194
2005-06-28,0.6351699217167612,0.669596186614821,0.6296956964816982
2005-06-29,0.644482417918717,0.6203150322860933,0.6294141476283424
2005-06-30,0.659233930715015,0.5673005066798594,0.6275726063547173
2005-07-01,0.6603215109956823,0.564303018527654,0.6265741080117806
2005-07-05,0.6772309744630093,0.6012193557038225,0.6368518751552856
2005-07-06,0.6813604692767334,0.6223879531255461,0.6307683695520993
2005-07-07,0.6913392585927243,0.6512100954993959,0.6279919984231387
2005-07-08,0.6656215463627334,0.6234824816047451,0.6256611639552634
2005-07-11,0.6679946309400562,0.6272936419618322,0.6265621293833781
2005-07-12,0.6768560458796289,0.6248187559377749,0.6254091234683348
2005-07-13,0.6709983282260745,0.6122771498402384,0.6206830954188065
2005-07-14,0.6364098306111039,0.5963157628670022,0.6169959716030459
2005-07-15,0.6527340612058089,0.6020256206207836,0.6163332135421599
2005-07-18,0.6560887390209453,0.5943491484324082,0.6139299380742256
2005-07-19,0.6463658190202626,0.5897727788997736,0.6082765835247997
2005-07-20,0.6066876248641389,0.5625805299799214,0.6004195382341418
2005-07-21,0.5725294441663781,0.5745858196256767,0.6005707300674309
2005-07-22,0.5856961055196843,0.5783230898004901,0.5986063988653949
2005-07-25,0.58860045755041,0.4449170985584559,0.6005419350176755
2005-07-26,0.5641273555240716,0.3982161814511474,0.5991195080943856
2005-07-27,0.5774430188943078,0.4138261384171853,0.6010448458421724
2005-07-28,0.5388075226083953,0.43877836006006915,0.6033359434744618
2005-07-29,0.5183374817423645,0.4596332419494758,0.6069150863058248
2005-08-01,0.5126647678100161,0.44893573360005223,0.6079749439592471
2005-08-02,0.5173622272099211,0.44624840779595254,0.6063008949513572
2005-08-03,0.5361390933772346,0.42811025126024493,0.6067773896825144
2005-08-04,0.5512407913111304,0.42382850060978267,0.6100990922525176
2005-08-05,0.553454446173144,0.44470116756659295,0.6066508676645366
2005-08-08,0.5433487412100858,0.4145823247016482,0.6047341857992993
2005-08-09,0.5259441399224463,0.41376092397053965,0.6050932940352514
2005-08-10,0.5135727754883476,0.3961288108891546,0.6044255137135986
2005-08-11,0.4915285145704854,0.4059938152563928,0.605308165901465
2005-08-12,0.5205888540506581,0.4633125617977551,0.602828715822291
2005-08-15,0.5372589792770167,0.4914897736110061,0.605549202156992
2005-08-16,0.5728310604837692,0.6027302689007937,0.615860810378904
2005-08-17,0.5618787374763632,0.5835625250722917,0.6164919416284169
2005-08-18,0.552490495732421,0.585655470248353,0.6123305037518906
2005-08-19,0.5487678704836215,0.5742527938004746,0.618590153001179
2005-08-22,0.5419106383575475,0.5626152801451036,0.6061003237991908
2005-08-23,0.5354250961188233,0.559934665712207,0.6011531171512601
2005-08-24,0.5587074766909369,0.6168490948204881,0.6060976343592799
2005-08-25,0.5612123680420352,0.6330155367616974,0.6021123846837916
2005-08-26,0.5710021176523674,0.627709160604986,0.6053025323216252
2005-08-29,0.5662009425346223,0.6579062341031432,0.6144358112894237
2005-08-30,0.5534735113763559,0.6572219893136783,0.6146387436572254
2005-08-31,0.5909824186620233,0.7820317923390162,0.630486581743184
2005-09-01,0.5822912448701826,0.7493084166807742,0.6164613282881333
2005-09-02,0.577625176388705,0.7187282870738816,0.6166440038181326
2005-09-06,0.5909506712850686,0.7345082742766232,0.6207721266572841
2005-09-07,0.5924820914411832,0.7583579379675708,0.613362217009036
2005-09-08,0.5933131932832472,0.761437781522835,0.6156949905985933
2005-09-09,0.6045765648897297,0.8193031550478889,0.6197097498200662
2005-09-12,0.5982722168899658,0.8130914054196147,0.6144536633767018
2005-09-13,0.5974779236519836,0.7843590789746371,0.6080220122298565
2005-09-14,0.594651880347098,0.7365375283490841,0.6031716826449596
2005-09-15,0.5967142939190382,0.6555330294665961,0.6040559663905261
2005-09-16,0.5979004662574683,0.690987554676453,0.6041022567756955
2005-09-19,0.5796701535590403,0.6576869957063555,0.5969869877578466
2005-09-20,0.5982376565486203,0.7011542835324057,0.5992310195968643
2005-09-21,0.5938481549009181,0.684657384395905,0.6014185649843793
2005-09-22,0.5503534062444001,0.6647903724512151,0.5988298863637859
2005-09-23,0.5387035120257608,0.6100298990587726,0.5976766113477402
2005-09-26,0.5387944024471206,0.5949008859831232,0.596907334952665
2005-09-27,0.5437973484440577,0.5537135273765019,0.5873354247053376
2005-09-28,0.5377045271837521,0.5154447325836841,0.58832414872729
2005-09-29,0.5340394639334953,0.5028374136116512,0.5945878739235232
2005-09-30,0.5309367741401154,0.39475350096781403,0.5944225760022473
2005-10-03,0.5282488874996744,0.4213996448140115,0.6011468446741156
2005-10-04,0.5360805470700958,0.47627518429262683,0.6071662109487752
2005-10-05,0.5461417944147812,0.4613690651121503,0.6132955694049502
2005-10-06,0.5248420596096922,0.43246665155092073,0.5897658826616181
2005-10-07,0.5206667787632205,0.4364576358259701,0.5891701030104732
2005-10-10,0.5301863704007925,0.39670871182984685,0.5974571804772489
2005-10-11,0.5244845055593219,0.39390123294256935,0.5912308454806949
2005-10-12,0.5424742100988295,0.41975407942597803,0.582332147298967
2005-10-13,0.5308836567282916,0.40708110217370574,0.5830741865676785
2005-10-14,0.5584769580009978,0.4918152958247653,0.5959353517313987
2005-10-17,0.5627165678779953,0.48071079720746573,0.591431495143151
2005-10-18,0.578293263188313,0.5441069249596097,0.5817696169704771
2005-10-19,0.6188282742185844,0.6469432145769555,0.5849090703610998
2005-10-20,0.6576732292694178,0.769093703952238,0.6155903092232307
2005-10-21,0.6599425839192004,0.7770858386461543,0.6182942957816778
2005-10-24,0.6788888125411121,0.7966301110171304,0.6191395169487542
2005-10-25,0.6736540163151655,0.7871103030864199,0.6222335089491997
2005-10-26,0.663176494031805,0.7856481086509844,0.6043396178555064
2005-10-27,0.6668785185063295,0.8051432314737156,0.5964181446587355
2005-10-28,0.6731040701630558,0.8080564421933015,0.5987366524590128
2005-10-31,0.66600454418072,0.7909518316014422,0.598536067288453
2005-11-01,0.6656595884288783,0.7916334657887926,0.6061550258965234
2005-11-02,0.6734254178508887,0.8043908003133262,0.6142410941475814
2005-11-03,0.6706217342511692,0.7928736981627303,0.6133590043818574
2005-11-04,0.6554900150510126,0.788623900785554,0.5967624114288448
2005-11-07,0.6505577691023415,0.7884119557320632,0.5888452148850312
2005-11-08,0.6533740981049782,0.7647085256876611,0.5847110957491566
2005-11-09,0.6553966094603054,0.7901380480947531,0.580318842234725
2005-11-10,0.6272414353851561,0.7019193918877782,0.573546086077833
2005-11-11,0.6218201185638048,0.71427835979437,0.5774769747884215
2005-11-14,0.6004045664946527,0.6860836146867831,0.5747158908715779
2005-11-15,0.6023639624961881,0.6817365882700219,0.5722937779839857
2005-11-16,0.6030729001431758,0.6377023839776793,0.5691616822835993
2005-11-17,0.6109074110697561,0.5848417220709795,0.5727177649182486
2005-11-18,0.6100203943267742,0.41711532407614743,0.5700544636172891
2005-11-21,0.6145510583833131,0.42218419632033527,0.5697860052657333
2005-11-22,0.6030247563689907,0.35785689460716963,0.5709138758991845
2005-11-23,0.6040846293218725,0.3741050140802418,0.5727560032618825
2005-11-25,0.5989163064737721,0.37697067312969046,0.5737593207773867
2005-11-28,0.5942459097153554,0.3168861194637508,0.5679920854867805
2005-11-29,0.5968744278177551,0.26637874523284977,0.564383485841107
2005-11-30,0.5706781896669153,0.3029386034551934,0.5625283159449013
2005-12-01,0.5776593940302046,0.3419506067054561,0.5641290035566946
2005-12-02,0.5785443808932454,0.28489278734950896,0.5635206109974209
2005-12-05,0.5701224574771893,0.29437694962057626,0.5642366775416217
2005-12-06,0.5679664520050448,0.3075991028960992,0.5604479795150389
2005-12-07,0.5734429205696344,0.3675886493417145,0.5642680531259822
2005-12-08,0.5594132972627649,0.36474362231728813,0.5616787933266899
2005-12-09,0.5592439331693219,0.358785950224253,0.5595085557184576
2005-12-12,0.5609033117184232,0.4428526550869409,0.5601673584241532
2005-12-13,0.560397568818323,0.4165643717372077,0.5582607002932121
2005-12-14,0.5586097871939524,0.4119791065594635,0.5583227800700966
2005-12-15,0.5582061242092168,0.4250473381238652,0.559334841853137
2005-12-16,0.5734481827265275,0.4542323760665877,0.5592980237678546
2005-12-19,0.5573094191192594,0.40046320747639724,0.5579769082595177
2005-12-20,0.5589931855518991,0.3885917465852234,0.5568975840079845
2005-12-21,0.5606972138513472,0.3692235629268365,0.5397611268987856
2005-12-22,0.5651704462624504,0.39715770235214665,0.5384191228321671
2005-12-23,0.5707135905782491,0.3750651772399315,0.540735736435383
2005-12-27,0.5883801694326167,0.44809670051999523,0.5524063067382536
2005-12-28,0.5933573668351145,0.44489957590130247,0.5514419352554402
2005-12-29,0.6021015398241731,0.4633480569409131,0.5554800416529105
2005-12-30,0.6056729045370017,0.48539559653391984,0.5573954839943045
2006-01-03,0.6301889083413714,0.6325073990359275,0.5715750232676265
2006-01-04,0.6174240721552918,0.625788507608016,0.5673929409320182
2006-01-05,0.6072007432134717,0.6108314105737065,0.5646437762238193
2006-01-06,0.6001151819762849,0.5983957315903508,0.5537594041224253
2006-01-09,0.6014314515992358,0.5645095137772552,0.5526748208984129
2006-01-10,0.5897549022995754,0.5722676345138138,0.5523368326935066
2006-01-11,0.5963100561229041,0.5754959452998323,0.5523769698230879
2006-01-12,0.581006372201467,0.5776951536338283,0.5554903792614825
2006-01-13,0.5908640409116742,0.6069600831435823,0.5555271286958727
2006-01-17,0.5631827341828933,0.5765783064202696,0.5512662332480134
2006-01-18,0.5654272156385556,0.5721146330258357,0.55333865866718
2006-01-19,0.5500155031449522,0.568832709224497,0.5552063236845971
2006-01-20,0.5440596369720606,0.6675865397163675,0.5653271798185246
2006-01-23,0.4923071255743957,0.6809328971202054,0.5658735085295262
2006-01-24,0.49076820401289883,0.6705773995250331,0.5647450898923245
2006-01-25,0.4659570862165746,0.6448038858390456,0.5648540812416503
2006-01-26,0.46252373773065436,0.6056431927528688,0.5602385090291938
2006-01-27,0.47828182478125075,0.6035253573451688,0.5640789930473251
2006-01-30,0.4561397086731903,0.596203032304404,0.5597216402587467
2006-01-31,0.46101225550324904,0.6212950441534695,0.5667894712760587
2006-02-01,0.4712474315533708,0.6070840876772743,0.5699138475026662
2006-02-02,0.5113346974756594,0.6126939908047453,0.5822410537942441
2006-02-03,0.4993941378330219,0.6171694582126291,0.5802382078277935
2006-02-06,0.49483512732069224,0.6160110741033321,0.5766648301592068
2006-02-07,0.5039331250072182,0.5790293704945295,0.5792804857254731
2006-02-08,0.515007864337614,0.6035235948844425,0.5803730663829867
2006-02-09,0.5145200429561192,0.5862695453566612,0.58114972694083
2006-02-10,0.5122290678478504,0.5807992932715381,0.5804443060226616
2006-02-13,0.5405448024206669,0.582961976891237,0.5774084620543196
2006-02-14,0.5423228215956617,0.5986531145219874,0.5748266765663459
2006-02-15,0.5423744518666163,0.6349070167647319,0.5621566085121297
2006-02-16,0.5510048167036677,0.6431878132009908,0.5672551691473021
2006-02-17,0.5586141928319693,0.6525179789322506,0.5700813546108688
2006-02-21,0.5453011056153274,0.5830417589908266,0.5682496533620285
2006-02-22,0.5277593800442575,0.5359222509795551,0.5606954442152664
2006-02-23,0.5257316499564233,0.5410497644602055,0.5622532500573517
2006-02-24,0.5300255020042919,0.5498156111042154,0.5568727615027832
2006-02-27,0.5154411600748855,0.5569998680892819,0.5511508278412748
2006-02-28,0.5196550212579146,0.5255207247312972,0.5492979277305405
2006-03-01,0.5249269890829672,0.5627604200273075,0.546964731932755
2006-03-02,0.518392908636676,0.5011050317992868,0.5447957551657778
2006-03-03,0.527799487248623,0.49856001947967593,0.5353971198068236
2006-03-06,0.5137260993011414,0.3951639520557206,0.5349827516913317
2006-03-07,0.5094844829292836,0.37542223850465223,0.533886292619417
2006-03-08,0.5069731846852895,0.3877114790857967,0.5273681810215535
2006-03-09,0.5044350217818984,0.38345452828954524,0.5284484684649822
2006-03-10,0.5133912898893439,0.41268733270692737,0.5350200312304474
2006-03-13,0.516224083170942,0.4105742507135659,0.5290734650192526
2006-03-14,0.5305660748653609,0.4547956697678989,0.5354289641715085
2006-03-15,0.5312898804088044,0.4551253631418271,0.536089670281946
2006-03-16,0.5333360812744926,0.4290704186608666,0.5366074880899061
2006-03-17,0.5329706114941681,0.42683960707165114,0.5357096712421755
2006-03-20,0.5273998360619094,0.39760759138515983,0.5336966022078279
2006-03-21,0.5314807112176758,0.4142996829368249,0.5429225631795602
2006-03-22,0.5390366318799247,0.44216974697819916,0.5375972976556049
2006-03-23,0.5384176222927716,0.47799309591279415,0.5371220040625406
2006-03-24,0.5406249809858015,0.4828454618836127,0.5390259012324023
2006-03-27,0.537430944713726,0.48100190875651244,0.5400075458813991
2006-03-28,0.5353105604660228,0.5153150074446218,0.5410390818151747
2006-03-29,0.5172929469997954,0.4794182913109199,0.54086432515644
2006-03-30,0.5158087538110937,0.45465219668979506,0.5424824377883569
2006-03-31,0.5049582182563443,0.45628339096556,0.5418859471967008
2006-04-03,0.5008137681947699,0.4240897090163871,0.5429339661968029
2006-04-04,0.4674217484447167,0.4688852729149751,0.5429221078833757
2006-04-05,0.4656097079964663,0.47699825033933774,0.534968299924875
2006-04-06,0.46650567181276725,0.49059485894347193,0.5282100243612615
2006-04-07,0.48725898424273956,0.5068602870341213,0.5424534531779731
2006-04-10,0.48718646498312884,0.4405722496862326,0.5427940376390603
2006-04-11,0.49833354842041777,0.49478312852175876,0.5422109795428395
2006-04-12,0.49783528152964335,0.4183683366131604,0.5456985637306319
2006-04-13,0.5002601816810505,0.4136901108409806,0.5404472260901632
2006-04-17,0.49226839854536214,0.3906760979850735,0.5408796127844329
2006-04-18,0.522352733903011,0.5028052089383256,0.5380878103062064
2006-04-19,0.5209376478428217,0.5308803120745088,0.5376313115915622
2006-04-20,0.5205610952299965,0.4905799981583043,0.5304626121908697
2006-04-21,0.47927390671733633,0.467809122533068,0.5081020843100283
2006-04-24,0.47699424981938937,0.4615506492566365,0.47987865892727094
2006-04-25,0.47924714289908604,0.4522086271893102,0.48026624095578085
2006-04-26,0.47738909156460047,0.4252591497332501,0.46636942326165126
2006-04-27,0.472698906573218,0.38584237948977673,0.46264004965544003
2006-04-28,0.4399137497001401,0.34075472289208425,0.4557669906458333
2006-05-01,0.44955718412125617,0.3703659540350859,0.45047681449274635
2006-05-02,0.442520911324202,0.4085676554546094,0.44581859506751054
2006-05-03,0.4365188641175777,0.4099779381952584,0.4492118109740229
2006-05-04,0.4030213069541134,0.39345319386408534,0.4500197465547269
2006-05-05,0.40121151138310374,0.41156659903378273,0.44295017128642045
2006-05-08,0.405616888488632,0.41339145243648234,0.4435895793415023
2006-05-09,0.3995532318398446,0.36401265937494426,0.4441966487413741
2006-05-10,0.3893963865453922,0.36434138386404064,0.44592882712531656
2006-05-11,0.4127671601061393,0.38079854821392656,0.4560410217286688
2006-05-12,0.44453205581942246,0.4564102786143752,0.4705112034321907
2006-05-15,0.43263368487567105,0.42483264142824795,0.47788105905882083
2006-05-16,0.4210750634997353,0.43985597156559286,0.47577468537290174
2006-05-17,0.48350186697829917,0.5132144660796318,0.5071560606111823
2006-05-18,0.476736716926775,0.513825319391957,0.51004407624834
2006-05-19,0.48833090486828945,0.5536162692047576,0.5184579258175438
2006-05-22,0.5059512537934342,0.5955599272021221,0.5209593347580413
2006-05-23,0.5347598500872397,0.6173233194408863,0.5279831054428765
2006-05-24,0.5503071715867095,0.6767418690225928,0.5343103529150819
2006-05-25,0.5683686663243083,0.7321338004760899,0.546004700005808
2006-05-26,0.5813937900943549,0.7751987613883365,0.5444934661691877
2006-05-30,0.6242808067278823,0.8914861307066375,0.5694749074390373
2006-05-31,0.6437524914910728,0.9585069161130353,0.5827296585882789
2006-06-01,0.6436582845031433,0.9143311592006643,0.5801086787824205
2006-06-02,0.6347507109960041,0.9163013936507789,0.5805516841356735
2006-06-05,0.6425602902268609,0.873204811633515,0.5801484377447002
2006-06-06,0.6476243350525861,0.8933370350318725,0.5805292687155721
2006-06-07,0.6393137577929069,0.8613859556268362,0.5767679639094616
2006-06-08,0.624750165354343,0.8450476632049571,0.572527386616937
2006-06-09,0.6107914427738572,0.8492749950723234,0.5693714165949441
2006-06-12,0.6130372833095531,0.8527180458615531,0.5729245372978827
2006-06-13,0.6061778214903408,0.8235449041684898,0.577332924909859
2006-06-14,0.6127720190519764,0.8709410278558248,0.581077445169352
2006-06-15,0.6431414772952747,0.8847034276168886,0.6002183727158136
2006-06-16,0.6546624264313294,0.858104111204212,0.6069523278633676
2006-06-19,0.6540305618957013,0.8434691059082989,0.6047072978869589
2006-06-20,0.655600287941091,0.8325300517523196,0.6065633473503921
2006-06-21,0.6495417507661831,0.7982143428039209,0.6079914930696737
2006-06-22,0.6511243889392291,0.775997536585445,0.6084916781381322
2006-06-23,0.6453185926316702,0.7440425422342741,0.606213541212093
2006-06-26,0.6461814676258876,0.7183445183708299,0.6047000464301853
2006-06-27,0.6491054115143936,0.7161749522909494,0.6053096776844779
2006-06-28,0.6601673846415587,0.6693877048972209,0.6042458751362159
2006-06-29,0.6739295173083962,0.6584522273592827,0.6134664898240512
2006-06-30,0.6751579733161404,0.6672906076690115,0.6104000133358
2006-07-03,0.6715388796342839,0.6606825914732456,0.6067224516606707
2006-07-05,0.6633492440290231,0.6558329310412692,0.5918291269620956
2006-07-06,0.6650021500683853,0.6487348405445338,0.5916221865871627
2006-07-07,0.6671154227504595,0.6720776867378099,0.5936294586673617
2006-07-10,0.6630956667371851,0.6677842505991907,0.5920046491738412
2006-07-11,0.6655972068785165,0.6725702053188005,0.5937785641869113
2006-07-12,0.6678066561753498,0.6919629320290632,0.5978904437749963
2006-07-13,0.6886064759292765,0.751270718249098,0.6124457114850647
2006-07-14,0.6826416195014676,0.7321363744671193,0.6100605836021058
2006-07-17,0.6783967879322234,0.626534931692668,0.6046654897488815
2006-07-18,0.6785356837300314,0.6182186813497934,0.6129278951570672
2006-07-19,0.6558011194085117,0.5803807644356235,0.6008339557033247
2006-07-20,0.6504722838088646,0.5610149893884028,0.598106422951246
2006-07-21,0.6578290831617377,0.5797353642672518,0.5917503432278284
2006-07-24,0.684844245371197,0.6547362125606635,0.6080666693167893
2006-07-25,0.6806205966442007,0.6546566827931926,0.6065476700355464
2006-07-26,0.6809647825568289,0.6444096230901124,0.6049328130429199
2006-07-27,0.6879302366769339,0.6201227922146386,0.6070442021750607
2006-07-28,0.692089430177078,0.5979801173638304,0.5994361679226053
2006-07-31,0.6927517870278036,0.5437476486272115,0.6010569603787862
2006-08-01,0.6879208361641453,0.547002038714112,0.5953441356537508
2006-08-02,0.6920591359833574,0.5634694985025558,0.5942985570040945
2006-08-03,0.688941477175526,0.5625138609743898,0.5824521316514675
2006-08-04,0.6920253555715072,0.5682495558218859,0.5816703991425055
2006-08-07,0.6921514451976092,0.5563868932925842,0.5837141044276989
2006-08-08,0.6999575307191064,0.571706363433396,0.5869238039219171
2006-08-09,0.6928532521775781,0.5481827410311921,0.5801640374272683
2006-08-10,0.6880071595119085,0.5104280418097327,0.5798478065899912
2006-08-11,0.6779648565607682,0.4075707953781745,0.5815668043724141
2006-08-14,0.6835578612803792,0.4030242601704546,0.5792650514435883
2006-08-15,0.6786350479494787,0.425756435033375,0.575272149199121
2006-08-16,0.6449274957074813,0.42039063996184384,0.5745875544998801
2006-08-17,0.6451808476946892,0.44889632966303267,0.5728706440334576
2006-08-18,0.6420325219183436,0.45427675753285673,0.5744025487509657
2006-08-21,0.633366950560407,0.43436232113882683,0.5773475647588205
2006-08-22,0.6248207869674832,0.2844759573151156,0.5852422816940542
2006-08-23,0.6138813251236268,0.28979778085781654,0.5830175341812683
2006-08-24,0.6022676808450056,0.30699626298332094,0.5812045239107843
2006-08-25,0.6004698814518258,0.3150355399820371,0.5853065503545327
2006-08-28,0.5634467193741343,0.2936490546476656,0.5820825732032348
2006-08-29,0.54619933967052,0.2949754362002461,0.5789778813104107
2006-08-30,0.5441067439508027,0.28055365307225755,0.5796259279428104
2006-08-31,0.5459422238086882,0.2501324329285958,0.576908806806629
2006-09-01,0.5445384702620999,0.27846380953993577,0.5833242115744324
2006-09-05,0.5394075364214652,0.26044817341918347,0.5836330719143054
2006-09-06,0.5432440935609015,0.29854622057678337,0.5832703720914666
2006-09-07,0.5480481321774372,0.3088268194491035,0.5791034378356122
2006-09-08,0.5405438863060061,0.3160357324530921,0.5681922753912312
2006-09-11,0.524498974908581,0.2977082926949717,0.5625165585085257
2006-09-12,0.511848856218159,0.3174444465487066,0.5564322268456522
2006-09-13,0.5052370173259867,0.2991070951586734,0.5543191989980626
2006-09-14,0.46242374602744774,0.2577805696509342,0.5530945690932778
2006-09-15,0.4486115017316627,0.2354391354830478,0.5544466511083421
2006-09-18,0.4427188014305717,0.21228411323874732,0.5542511237205318
2006-09-19,0.44349274251544557,0.206416062985631,0.5527309890698987
2006-09-20,0.4366136580357994,0.18818149873246906,0.547394829320018
2006-09-21,0.4337981109802983,0.18981087331169857,0.547193912900523
2006-09-22,0.44182580136210975,0.2006328292147507,0.5475309345040379
2006-09-25,0.4397106039394126,0.21959686400363593,0.5455132353769321
2006-09-26,0.4382180174766542,0.2601156067027666,0.5495147232915334
2006-09-27,0.4274272062845582,0.23477079647152557,0.5478559646793285
2006-09-28,0.38743867497312207,0.24574442916577321,0.5486797669975276
2006-09-29,0.3881812574156856,0.24504652752125297,0.549694258848187
2006-10-02,0.3930489284426696,0.25733056316040925,0.5497531003337257
2006-10-03,0.3830454947495212,0.2144096181196152,0.5411674734192391
2006-10-04,0.3977849427035838,0.27990628950460156,0.546549142630513
2006-10-05,0.38768400682437426,0.2226897429131042,0.5462674866057938
2006-10-06,0.3984674868231794,0.20866474425607767,0.5467739717052396
2006-10-09,0.39694218851409346,0.22251976068991752,0.5468456492335455
2006-10-10,0.37570422220313,0.24065930713906325,0.5423060953375136
2006-10-11,0.32068916149502114,0.22003493344704372,0.5421744632809969
2006-10-12,0.32780796890338026,0.2591315149712904,0.5429891658564925
2006-10-13,0.33002862939176797,0.26659222803791827,0.5461419279573063
2006-10-16,0.3207338857895849,0.2471442152061884,0.5369122342996951
2006-10-17,0.32996240652017184,0.27144409948917225,0.5382089639976282
2006-10-18,0.3238294701449934,0.2488896064631271,0.5377510167443991
2006-10-19,0.30322593920349233,0.2596036660718567,0.5388015547866456
2006-10-20,0.2323527180739233,0.23471862851440445,0.5376811897593591
2006-10-23,0.2362999257353454,0.21180961073965024,0.5375362158681645
2006-10-24,0.23900703004267002,0.20155933847785804,0.5389030801596189
2006-10-25,0.2393295399145926,0.14700452642776138,0.5422934969403949
2006-10-26,0.23128495004438016,0.15716432736930122,0.5489457876560734
2006-10-27,0.24208888822422026,0.19842295828683348,0.5495137991076519
2006-10-30,0.23565671072415958,0.1951474075413136,0.5456037395785566
2006-10-31,0.22807673121029745,0.1755414417414934,0.5462341237011218
2006-11-01,0.2464067469173314,0.2930707733753203,0.5486410082662565
2006-11-02,0.24213812374531965,0.19371123100113988,0.5484748942212698
2006-11-03,0.23821323117207616,0.1940015587538389,0.5464141394741924
2006-11-06,0.2771060596311165,0.3192982102226739,0.5664313990820807
2006-11-07,0.2837208354009284,0.3240938434564286,0.5679540997895931
2006-11-08,0.27818067491033077,0.3059631816074587,0.5603546697441661
2006-11-09,0.2732447103984602,0.3135660624864349,0.5438723747106645
2006-11-10,0.27426524214694453,0.26156735589677826,0.5484300732279928
2006-11-13,0.26061632307270266,0.2569945063265861,0.548875624388042
2006-11-14,0.2670582556916973,0.318714920095165,0.5273553936605726
2006-11-15,0.26575941959580796,0.30952518454023825,0.5262037157977816
2006-11-16,0.2531605032518333,0.28496647734334507,0.5179647770339079
2006-11-17,0.2436567018743982,0.29126248731414817,0.5100994683163343
2006-11-20,0.24058932143386677,0.2951889567663899,0.5023839397809012
2006-11-21,0.23911234695286873,0.2903902431961978,0.49692942355978553
2006-11-22,0.23967077971405987,0.2967325694851884,0.48858844971256915
2006-11-24,0.2501919770391637,0.33309267630171907,0.4901432302826733
2006-11-27,0.29309424162427195,0.43086163620258106,0.4725825309632306
2006-11-28,0.2983486293884692,0.43112587267197366,0.4637884487404584
2006-11-29,0.3206227772437318,0.49748568346835453,0.4695237457369618
2006-11-30,0.3201597570075993,0.49415452170272184,0.47054647271107025
2006-12-01,0.3130507807191573,0.45106681606471016,0.4626357830639945
2006-12-04,0.3111825072607296,0.4280024351287531,0.4579259965461895
2006-12-05,0.2992960999142235,0.43744220640707127,0.459191994745502
2006-12-06,0.2884161188260221,0.3768189330410184,0.45633677479528134
2006-12-07,0.30673984837012463,0.4075292882764718,0.4594776711759568
2006-12-08,0.32125792672975884,0.43464905960738803,0.4543973950422989
2006-12-11,0.3170301293047571,0.473988448989213,0.4455404354987854
2006-12-12,0.3210202107527125,0.48843032379998763,0.443779110852686
2006-12-13,0.3261857163292538,0.4946999764193817,0.41572287561609145
2006-12-14,0.34144678510854815,0.5110285427501106,0.41219376931755125
2006-12-15,0.3456811129540506,0.5120690866253302,0.41017187420470247
2006-12-18,0.3402643169157357,0.5418226896007322,0.40828926996494797
2006-12-19,0.3472850624768964,0.5442333575052088,0.4069832533730383
2006-12-20,0.3455900688439356,0.5528129219787076,0.40594357087213623
2006-12-21,0.34714433791859867,0.5766287719684543,0.4110255974258954
2006-12-22,0.36612651021586967,0.6201917909725839,0.41664000245598243
2006-12-26,0.3582028780473661,0.6271228289525773,0.41344005899630293
2006-12-27,0.3743279276678404,0.5742691994970539,0.4127213805645578
2006-12-28,0.3770006914319047,0.5789290356978963,0.38863856067732555
2006-12-29,0.3842860393959527,0.5168297990580267,0.39159478146292276
2007-01-03,0.3701267145480071,0.4788896353068759,0.3894795417371233
2007-01-04,0.3748686480993062,0.42588385742940427,0.38522519586370235
2007-01-05,0.3722539973753717,0.5151383324142408,0.39325235424537947
2007-01-08,0.3825148480540051,0.5360016507061598,0.39151446061552964
2007-01-09,0.38203442793400455,0.5347433057431795,0.3935101757768644
2007-01-10,0.38283776963154953,0.5050500265482497,0.3923014183418078
2007-01-11,0.3799560968053517,0.46429476639939987,0.3790162561530146
2007-01-12,0.3937016898478969,0.5088472404959898,0.3516667947788507
2007-01-16,0.38736590531869514,0.5260266877894014,0.3543545168664157
2007-01-17,0.3799823759130398,0.4910228282579606,0.3536345806401511
2007-01-18,0.38751525800937114,0.4157099721772291,0.35157058527555496
2007-01-19,0.37865854486968575,0.38857046117754246,0.3526796777155326
2007-01-22,0.38263704727690084,0.3925983322620098,0.3527087029949387
2007-01-23,0.38202934410810085,0.3777642531838042,0.3424011335971603
2007-01-24,0.3913963144980069,0.40000946398754333,0.30800292731250695
2007-01-25,0.42685684564809545,0.47946451385119865,0.3291898573223632
2007-01-26,0.42968363000115595,0.44026724211924606,0.3333672608879351
2007-01-29,0.433834428899127,0.41609721493825297,0.33596613621917887
2007-01-30,0.4419772862747131,0.4020867085737366,0.33546102854480864
2007-01-31,0.4435209158922632,0.4174309275151909,0.3395684996166008
2007-02-01,0.45311816970034496,0.4220596658960384,0.34050870574626313
2007-02-02,0.45374952878636005,0.4551801909630663,0.3374661946302825
2007-02-05,0.43958404758232916,0.506639039263141,0.3386923009642048
2007-02-06,0.44139760447514254,0.441365137671488,0.3372001167666892
2007-02-07,0.4466289986652187,0.42196146395955453,0.33668475855117047
2007-02-08,0.4092020576124551,0.40735882256361877,0.32343863009585816
2007-02-09,0.42273081389821315,0.4722327399906583,0.3363261203795947
2007-02-12,0.4379489019869292,0.5172055692997016,0.3407059098020252
2007-02-13,0.4746312092972798,0.530109531888656,0.3472570291344836
2007-02-14,0.4768578457514303,0.5128277170993351,0.3498534772501447
2007-02-15,0.4765839530811779,0.5261753685441132,0.3439953559424941
2007-02-16,0.46414690672577547,0.5320673571613019,0.3411435859748498
2007-02-20,0.46264982518618275,0.5499830103943317,0.3399680077080933
2007-02-21,0.47471537435100297,0.5367217508827989,0.3358747635489731
2007-02-22,0.47722475162812955,0.5710970250526781,0.33288141018035483
2007-02-23,0.4823329748050275,0.5750661291684533,0.3339034321369486
2007-02-26,0.47630932166191364,0.4177588015229978,0.33189164385584674
2007-02-27,0.6985791001869613,0.9299399120116411,0.4859923907358242
2007-02-28,0.7056315446155,0.9491342439166839,0.4925848224789789
2007-03-01,0.7020012773963414,0.961527248945529,0.4959734429551094
2007-03-02,0.7135154550447345,0.9655219458985864,0.5107153412597555
2007-03-05,0.710131709160819,0.9554299404064805,0.517843610904953
2007-03-06,0.7433111097459207,0.9950198241283964,0.5385062989747624
2007-03-07,0.7371265748113913,0.9747645847956043,0.532434872692814
2007-03-08,0.7589845300132118,0.9844658737877984,0.538614862302171
2007-03-09,0.7566432599218876,0.9809123218402169,0.5386999838572316
2007-03-12,0.740811992045177,0.9616679946292657,0.5287674761510919
2007-03-13,0.7415907857731242,0.9471964053021775,0.5488683277757634
2007-03-14,0.7503864376839487,0.9699059138456573,0.5631322584454698
2007-03-15,0.737549860676903,0.9297157316765922,0.5610080892492799
2007-03-16,0.7380543527596759,0.9410009122850092,0.5642399886155469
2007-03-19,0.7601550747694231,0.9804415450025414,0.5810975530125185
2007-03-20,0.7493187068963177,0.9663857509332484,0.5792834994823961
2007-03-21,0.7597438930560658,0.9722511910591574,0.5925752387286786
2007-03-22,0.7626644682212684,0.9622696489252914,0.5894700954296107
2007-03-23,0.7663422952211415,0.9649913102414492,0.596239278403999
2007-03-26,0.7650384632036573,0.9604321945305992,0.5966728945332089
2007-03-27,0.760217209357211,0.9681036552728798,0.5943830037273063
2007-03-28,0.7525048614652722,0.8319353204760701,0.5982986601180532
2007-03-29,0.747046042486581,0.8146149596995644,0.5937493762101261
2007-03-30,0.7409680987385874,0.7934766859501128,0.5958450532230568
2007-04-02,0.7319586687909203,0.7433561131870582,0.5914348025152179
2007-04-03,0.7403554912843423,0.7393005893467661,0.5990026324803027
2007-04-04,0.7581437513130435,0.6751361299341498,0.5982558049385219
2007-04-05,0.7724143299646758,0.698991612592731,0.6104697361623901
2007-04-09,0.7660006063531677,0.677756970897709,0.6063167632307409
2007-04-10,0.7586419800278966,0.6701726055026109,0.6067512533527686
2007-04-11,0.7586091899291848,0.6716692814136558,0.6060405234210646
2007-04-12,0.7560213247510917,0.5226181511370762,0.6041847521545494
2007-04-13,0.7632241198356317,0.4883396285791644,0.605371420961791
2007-04-16,0.7462488776265758,0.4798407800768868,0.5999880440289909
2007-04-17,0.7456285322854443,0.46140895804668214,0.5995393602655315
2007-04-18,0.746950867281018,0.37012246128134085,0.5975576907504047
2007-04-19,0.7451401025687364,0.359607202808852,0.5992431283938663
2007-04-20,0.7616889629516103,0.2803093274030167,0.605375434032276
2007-04-23,0.7703152288654204,0.33039519642312465,0.6107665296372798
2007-04-24,0.7804905183173644,0.3324397258459375,0.6134993599704018
2007-04-25,0.7831464011750279,0.36084477480724403,0.6179169922903467
2007-04-26,0.7753406642186484,0.3586421555997214,0.6193378092645478
2007-04-27,0.7736280403748147,0.30984895724948636,0.6203626969087314
2007-04-30,0.7790476381683316,0.3983478199706008,0.6278123908286508
2007-05-01,0.7810280763270472,0.4091374559853697,0.6307861308347469
2007-05-02,0.7811960384279872,0.4504007697850126,0.6318781280116913
2007-05-03,0.7784543548930966,0.3848339298257719,0.6347975531099052
2007-05-04,0.7802912590349448,0.39266180733005673,0.6363787842949247
2007-05-07,0.7806990017126123,0.4007619264743177,0.6331025814320954
2007-05-08,0.7805956630968004,0.40772317610026665,0.6335369256845763
2007-05-09,0.7813617983915104,0.41665999827401456,0.6373522062037803
2007-05-10,0.8003334932536862,0.5144154090300903,0.6476645443398624
2007-05-11,0.7951104912960576,0.5556943451917836,0.6496861631576547
2007-05-14,0.7970232826719708,0.5679283957536365,0.6563157741798007
2007-05-15,0.7900730674005703,0.6011243221454993,0.6643970309696331
2007-05-16,0.7919257844145403,0.5964425014649104,0.6645387826734872
2007-05-17,0.7919339822918084,0.6136966575583235,0.6641499797730867
2007-05-18,0.8004795982534095,0.6853093965139118,0.6670895398871032
2007-05-21,0.8032341044728459,0.6377163009864033,0.6666967716031151
2007-05-22,0.8052972728245248,0.599081847148172,0.6756040956863659
2007-05-23,0.8044257301442234,0.5951185220511537,0.6757542777643258
2007-05-24,0.8024428075934171,0.6044074216586758,0.6793330647380756
2007-05-25,0.8063902949606233,0.5987327323439499,0.6799312605203237
2007-05-29,0.6693920856964335,0.6081302963822841,0.6809335670782257
2007-05-30,0.6625523796125083,0.5882215654247245,0.6812182609683105
2007-05-31,0.6595913815824044,0.5936118795290094,0.677174774564253
2007-06-01,0.6413564490212453,0.601422941209884,0.678700454811514
2007-06-04,0.6227065930780454,0.6023608117175202,0.6739061400045839
2007-06-05,0.5861558173775668,0.6009566900958766,0.6748098910265576
2007-06-06,0.6195236806575107,0.6660493343711433,0.683257830701526
2007-06-07,0.6644955245847755,0.7975591534310772,0.7096310445661433
2007-06-08,0.6900753217920469,0.8695980926811394,0.7210674696602699
2007-06-11,0.6914788473368244,0.9044319276001326,0.7290127024462854
2007-06-12,0.6766134990495748,0.9159748722247162,0.7304157074780655
2007-06-13,0.6834687218441612,0.9278353032944139,0.7362105552393463
2007-06-14,0.697905945230103,0.9365283129419928,0.7377454681943706
2007-06-15,0.6967611580680829,0.9664407219166034,0.7378397664456113
2007-06-18,0.6708877872068169,0.9685714978510445,0.7373817710767053
2007-06-19,0.6727096524860166,0.9358075625873735,0.7328279961994143
2007-06-20,0.6822332775235215,0.9668003160942739,0.7425798938086944
2007-06-21,0.692568739873178,0.973348240306454,0.7493835530562234
2007-06-22,0.6949306545915942,0.9600697192831095,0.7508733355748213
2007-06-25,0.7011624431180941,0.963868896069249,0.7527991849367666
2007-06-26,0.7264528405613754,0.9950337884573897,0.7599222152351334
2007-06-27,0.7619772762463284,1.0462355981532088,0.7702070518847545
2007-06-28,0.7646852926376074,1.0446435409297523,0.7686726431247126
2007-06-29,0.7665717571630241,1.0474636678656526,0.7662822946131298
2007-07-02,0.7824815346994829,1.0402735071386011,0.7681578910839948
2007-07-03,0.7696423700044414,1.0384736092574256,0.7668372586191011
2007-07-05,0.7685553860163206,1.0320403583664899,0.7763004114460909
2007-07-06,0.7705703319088519,1.0194001834976547,0.7857659417088719
2007-07-09,0.7680569764772787,0.9619904769822453,0.7799377215660471
2007-07-10,0.7853851627265552,0.9258754308217548,0.7834336835909532
2007-07-11,0.7774570676001272,0.9232329211027046,0.7663764578242813
2007-07-12,0.7964371712281064,0.9142328180058198,0.7740081605110647
2007-07-13,0.7980819486495164,0.9039343197302838,0.778070007495429
2007-07-16,0.8134416406320409,0.88110087037553,0.7732938290673523
2007-07-17,0.8118726955949007,0.8738662853926302,0.7713794668104218
2007-07-18,0.8038882393565108,0.8363389037359532,0.7689684679305666
2007-07-19,0.8067765560080388,0.8362326324473328,0.7694582948906664
2007-07-20,0.7990924757059147,0.7965120435445076,0.775183164984561
2007-07-23,0.7931588819108086,0.7921608508007891,0.7776143787549963
2007-07-24,0.8085926165956024,0.8444753046208492,0.7891766311583264
2007-07-25,0.8054564862009906,0.8284590347283879,0.7892183685117715
2007-07-26,0.834817480433862,0.8629750187852461,0.8006072125667192
2007-07-27,0.8439975653106834,0.8265273979044447,0.8060369475726732
2007-07-30,0.8561293524449174,0.85907395492993,0.814246378533143
2007-07-31,0.8276986505239505,0.8127739068433341,0.8011312098503188
2007-08-01,0.8130760302113397,0.7732036286510041,0.7945513633358314
2007-08-02,0.818550652980849,0.7922701661444633,0.7961451854577908
2007-08-03,0.8210843724851472,0.8125863721114254,0.8001321844666243
2007-08-06,0.7452893828640935,0.6877846381358241,0.7584926488050777
2007-08-07,0.7567297679788971,0.7122826187322248,0.7647005800027654
2007-08-08,0.7501605575719573,0.6916937187770875,0.7610971028300431
2007-08-09,0.8227346288986679,0.7963064853463993,0.8115392497456084
2007-08-10,0.8164086597300839,0.7776406482171215,0.806657510355521
2007-08-13,0.8106034551193628,0.7717290754883478,0.8038889544833084
2007-08-14,0.801788051360655,0.7610858149286256,0.7971577788738274
2007-08-15,0.8108351069144473,0.7729943140257939,0.8039816404224499
2007-08-16,0.8032089489632307,0.7835886282236456,0.7984180571222865
2007-08-17,0.8005117465145088,0.8012566710566917,0.7993765260930494
2007-08-20,0.7946763315774349,0.7829203640251805,0.7962792531261628
2007-08-21,0.7915869795079579,0.779109971908082,0.7950401332770274
2007-08-22,0.7945710206547372,0.769631158624981,0.7963387022508647
2007-08-23,0.791813725320612,0.7673838036263929,0.7942644348574022
2007-08-24,0.794096209197349,0.7465777252890222,0.7975067004167927
2007-08-27,0.7944359476165688,0.7439038774136058,0.7610924261420822
2007-08-28,0.8078790834913713,0.7610017532441733,0.7693760592969605
2007-08-29,0.8086520089931889,0.7777653102849942,0.7698069191870279
2007-08-30,0.8072580744936172,0.7866782198899928,0.7665481111794755
2007-08-31,0.8091732155676497,0.7851777846586717,0.7643628002759993
2007-09-04,0.8093263732334148,0.7660350556992767,0.7571907052750295
2007-09-05,0.806868726169049,0.8428207423635897,0.7603032066537029
2007-09-06,0.7950555411475883,0.8223391051280029,0.7564686172466866
2007-09-07,0.7796754897296959,0.8160561463705168,0.7527897470133907
2007-09-10,0.7569408323165016,0.7121441072754893,0.7323316681341306
2007-09-11,0.7583525452388035,0.7352725302877471,0.728642250906427
2007-09-12,0.7538954845081582,0.7469493237829691,0.7258627334702508
2007-09-13,0.7505156150815556,0.744213121773418,0.7268558598825368
2007-09-14,0.7498735657929578,0.7021888901934207,0.7259555212864783
2007-09-17,0.7504656818445425,0.7488862295512643,0.7203478940023755
2007-09-18,0.7674738316991288,0.8225286899475579,0.7346994431840163
2007-09-19,0.7643498295587541,0.8385475362005084,0.731824187267555
2007-09-20,0.762460272543077,0.851308960804411,0.7328904999865699
2007-09-21,0.7638158043123209,0.8435300145000716,0.732750131044908
2007-09-24,0.7600247336681053,0.8317462244043555,0.730695441453349
2007-09-25,0.7495703519515318,0.8068371690938673,0.727960388501573
2007-09-26,0.7371359109998403,0.7991998598761275,0.7275984673465893
2007-09-27,0.7365771168358308,0.722246834599902,0.7278292143679961
2007-09-28,0.7352418736993532,0.6946460270465435,0.7279731618167083
2007-10-01,0.7284542448285088,0.6680141693846099,0.7271024117847169
2007-10-02,0.72446952046209,0.64671978902074,0.7210291021720446
2007-10-03,0.7218535249284488,0.6319887271605267,0.7190514575362855
2007-10-04,0.7217276349917102,0.6179418281562196,0.7195701250363625
2007-10-05,0.7231814017862924,0.6378502828265623,0.7198682561972761
2007-10-08,0.7157824353579714,0.6260316131444097,0.7200791527839369
2007-10-09,0.7125244471305894,0.6231740286506128,0.7193524808155521
2007-10-10,0.7072865820433402,0.6039190663547823,0.7214645894675219
2007-10-11,0.7066962258191708,0.6002355547650362,0.7216710456620489
2007-10-12,0.7086568024653528,0.6071344435660289,0.7245224088991421
2007-10-15,0.7069143269164262,0.6032502158030573,0.7219291692681443
2007-10-16,0.7131163903039865,0.6092113185961968,0.724128789645567
2007-10-17,0.7145099213156816,0.41072715967603,0.7257278345031082
2007-10-18,0.7111317126466093,0.3989481854477358,0.722261302059471
2007-10-19,0.7269263060965714,0.5802531337519302,0.7324956659651629
2007-10-22,0.7195744498179343,0.580686344499238,0.7315223402057894
2007-10-23,0.7212214014497286,0.59965646997265,0.7310030886111369
2007-10-24,0.7054329664546356,0.6052057246759177,0.7288047782192709
2007-10-25,0.6979930300794929,0.5941168124607539,0.7271470107410883
2007-10-26,0.6889624267052149,0.5974665445841902,0.7253198588687432
2007-10-29,0.6961649536351964,0.6064567875944342,0.7253794169952795
2007-10-30,0.6917517368439617,0.5918826633329913,0.7200884247264071
2007-10-31,0.6890766453071515,0.6153563556241962,0.7192662081087026
2007-11-01,0.675178331729494,0.649552717605095,0.7169921440333795
2007-11-02,0.7020075960833282,0.6430840503369436,0.7155049491619979
2007-11-05,0.6957333009723305,0.6430766631721566,0.7153554034438666
2007-11-06,0.7007939119259496,0.6671181944884588,0.7174855038625614
2007-11-07,0.6748621739122468,0.6918832971285741,0.7347197911615418
2007-11-08,0.6550028998017879,0.6265064951680765,0.7195832983634002
2007-11-09,0.6600551715891558,0.62457359350045,0.7186941188266774
2007-11-12,0.6476095759734423,0.5839958956420086,0.7096727846892478
2007-11-13,0.6684332229262534,0.6830034689472647,0.7245658141676506
2007-11-14,0.6725807485815787,0.6768613211108331,0.7234489981956376
2007-11-15,0.6712365409191117,0.6785530205706686,0.7213673159176204
2007-11-16,0.6689077294040744,0.6686328690058082,0.7178758817542521
2007-11-19,0.668198897130034,0.6194025968967383,0.7150331766732879
2007-11-20,0.6559306755214888,0.6120469213008531,0.7107587646351329
2007-11-21,0.6758683076212343,0.6390907730844779,0.7205626207461514
2007-11-23,0.6806046042615902,0.6643645821480979,0.7249135479856988
2007-11-26,0.6924150959310876,0.6898560866421705,0.7300044157883809
2007-11-27,0.6731995726245283,0.6832518829282958,0.7275415228697042
2007-11-28,0.6782092824324598,0.700464711625617,0.7296162688757354
2007-11-29,0.6751542665163099,0.7057189195664146,0.7272934006460365
2007-11-30,0.674134693172837,0.7067845711761039,0.7275937735322516
2007-12-03,0.6743033790634163,0.7094382107277059,0.7282809079934809
2007-12-04,0.677867917140382,0.7205882526365323,0.7290688106614012
2007-12-05,0.6907638770007315,0.7421634120944129,0.7298291496607656
2007-12-06,0.6939988155687113,0.7365498135648171,0.7253916209651106
2007-12-07,0.6871797229026594,0.7233677865656513,0.7231384874881447
2007-12-10,0.6833892386133671,0.7615174625929471,0.721598673336887
2007-12-11,0.6968048727877022,0.7821951200712057,0.7256115765153617
2007-12-12,0.6958126330535749,0.805303629936387,0.7238803339317403
2007-12-13,0.6963880433587416,0.7700610498880235,0.7237624206219241
2007-12-14,0.6958920626431455,0.7724339719479828,0.7240322948550214
2007-12-17,0.6796265966533996,0.7755307868376664,0.7252437752620722
2007-12-18,0.6787470436177625,0.7919572671953912,0.7230997335284927
2007-12-19,0.6780822360864327,0.8012674878379051,0.721589958198207
2007-12-20,0.6774003632372131,0.818371292963598,0.721353431487829
2007-12-21,0.6841384548565874,0.7862349715002066,0.7230932534243596
2007-12-24,0.6840094533694245,0.7647833852247844,0.718131797814834
2007-12-26,0.6848293470331397,0.731230743830276,0.7124495057162828
2007-12-27,0.6861256914269707,0.7546104152063834,0.7133012530628007
2007-12-28,0.6880277178083979,0.7483759410321554,0.7133936854384771
2007-12-31,0.6924641937176869,0.7650767128356194,0.713296335005753
2008-01-02,0.6878924343603117,0.7332523653460251,0.7085486609514965
2008-01-03,0.6884251432158796,0.7180441438670584,0.7074880453196076
2008-01-04,0.6902751456332941,0.7101325996336156,0.7076035957250482
2008-01-07,0.6793174508362569,0.6255949266883425,0.7024565970503472
2008-01-08,0.6734985216882151,0.5950943503187649,0.69533589207283
2008-01-09,0.6775829724464513,0.6107068677229368,0.699844880861115
2008-01-10,0.6761953478803782,0.5959082699552871,0.6959242125438685
2008-01-11,0.6715448410113172,0.5255656521420428,0.6931344147606981
2008-01-14,0.663821971819618,0.5003292937358027,0.6896400461328134
2008-01-15,0.66890884850289,0.5233956367377475,0.6917189646649534
2008-01-16,0.6566332352629947,0.4889851853317669,0.6866552682483512
2008-01-17,0.6612548551797991,0.5082822913163424,0.6903206789748441
2008-01-18,0.6608753436996471,0.4935239746439538,0.6888997646437394
2008-01-22,0.6190983570222095,0.4296612859688421,0.67178228676785
2008-01-23,0.6122521401933286,0.45877706234805565,0.6625296831970962
2008-01-24,0.6071331426514214,0.4270610799060738,0.6600506142591348
2008-01-25,0.6076642630208288,0.42071592334503066,0.6541945999142768
2008-01-28,0.6147571069979748,0.45602071878254963,0.6540194285857761
2008-01-29,0.6111161036144402,0.4537534694467723,0.6489493958892391
2008-01-30,0.6089099822754306,0.45096413394732165,0.6491967651062467
2008-01-31,0.6079554351010654,0.46310124705202976,0.6458789482274325
2008-02-01,0.6127490125059311,0.4939543292088323,0.6476516403360263
2008-02-04,0.6073629549564262,0.49806632960155195,0.6403828334007171
2008-02-05,0.6178910102346878,0.5113106155668863,0.6521744669263952
2008-02-06,0.618780600612313,0.525388092901963,0.6496474012876474
2008-02-07,0.6124934092932538,0.5352740249234945,0.6471741383669707
2008-02-08,0.627306452650656,0.5552159843116966,0.6522560623073496
2008-02-11,0.6320587445472269,0.5312831844659712,0.648596626513457
2008-02-12,0.6302289969765031,0.5436582052904859,0.6484571333790381
2008-02-13,0.6370612450139771,0.5489338872434605,0.6470572230016814
2008-02-14,0.6069942684903146,0.5228101632224886,0.6408218722754147
2008-02-15,0.6063351926789594,0.538642465355505,0.6406040039795083
2008-02-19,0.5964545998483096,0.4781136469547462,0.6309190289699146
2008-02-20,0.5986922700321301,0.46337916875591345,0.6306285088094317
2008-02-21,0.5928359190060979,0.4930582920968932,0.6273134910071801
2008-02-22,0.5932428524619077,0.47181326988056155,0.622417268592559
2008-02-25,0.5842121252945681,0.4976346865150976,0.6257766255154532
2008-02-26,0.5745240777519792,0.47881959526565127,0.6234062119543557
2008-02-27,0.5593790640060996,0.45068941529858625,0.621027403539401
2008-02-28,0.5534684865955738,0.44518578951945087,0.6088670913339352
2008-02-29,0.5362894675178511,0.4867942135816121,0.6092422530175288
2008-03-03,0.535051970753117,0.48398395746774775,0.607434696267516
2008-03-04,0.5272869584241501,0.43459310460751227,0.604590365751534
2008-03-05,0.5257136176787901,0.43333552379231094,0.6025472622950175
2008-03-06,0.5331400296428715,0.40309951188763027,0.6068237727259194
2008-03-07,0.5185167846045143,0.39639763551093554,0.606157105913025
2008-03-10,0.509601741086094,0.3972715830223157,0.6050531737642558
2008-03-11,0.5697277626862826,0.551689650664834,0.6417598844191693
2008-03-12,0.5675516326637442,0.5751269222496078,0.6401148507326392
2008-03-13,0.5488173079048622,0.5794928222836655,0.6386711371236679
2008-03-14,0.5504307100120435,0.5929545957922007,0.6388022094130318
2008-03-17,0.5481781114991511,0.59954823587265,0.6375301854817691
2008-03-18,0.5720058150461343,0.6444322636111972,0.6447861796937028
2008-03-19,0.5683039612076292,0.657279454634141,0.6310498201522176
2008-03-20,0.5627918009617966,0.6481990354274024,0.6253574112234069
2008-03-24,0.5649884735537315,0.6513357337379606,0.624943441589631
2008-03-25,0.5645380279549016,0.656947339061169,0.6243924744024012
2008-03-26,0.5558404537101249,0.640085232204098,0.6221426071968292
2008-03-27,0.5537847259026863,0.6340642445501579,0.6222991794364485
2008-03-28,0.5543412806627427,0.6405482169366006,0.6229604642994913
2008-03-31,0.5518172471826319,0.6509805788362414,0.6216386687006339
2008-04-01,0.5825275771300961,0.6943386350975576,0.6377971721577317
2008-04-02,0.5787064448200055,0.6947238475175669,0.6366921818783121
2008-04-03,0.5831519392823046,0.6984096237009414,0.6380122895725087
2008-04-04,0.5831744445095263,0.6988556484870779,0.6378966998523586
2008-04-07,0.5762217145908475,0.6768650090764718,0.6366691334662921
2008-04-08,0.581961233921459,0.6740487081623511,0.6352382896446156
2008-04-09,0.5829971390509949,0.6775509470078804,0.6343678695245766
2008-04-10,0.5907519767452233,0.6463435097625218,0.6411649089466293
2008-04-11,0.5950679010536564,0.6560653303196442,0.6437564064061864
2008-04-14,0.596080674137841,0.6520654419695495,0.642270553812009
2008-04-15,0.5998156898214836,0.6501895797222372,0.641986445428175
2008-04-16,0.6076513899212199,0.6842708531091101,0.6502053444377186
2008-04-17,0.6137470076251336,0.6450205096381614,0.6484430846751305
2008-04-18,0.5961890594628042,0.6466453623841678,0.6450308713845555
2008-04-21,0.5938314864750807,0.6834862224026974,0.6445266689280216
2008-04-22,0.6106902387423114,0.6754848399202708,0.6351968738491797
2008-04-23,0.6095019886177373,0.6726519408864967,0.6345792694431662
2008-04-24,0.6024545284809748,0.6247535454687256,0.6286449824808628
2008-04-25,0.5980821602845481,0.6208488381093884,0.6282052977975103
2008-04-28,0.5928739129921988,0.6057931761321181,0.6290479653301081
2008-04-29,0.5880352148408279,0.5842691973095967,0.624621376501493
2008-04-30,0.5790032255902787,0.3715632854518151,0.6191727066207335
2008-05-01,0.5623046337983912,0.3501770369636443,0.6094824688569684
2008-05-02,0.5551823984904672,0.34693553697189894,0.6084729503200174
2008-05-05,0.552265589667925,0.3502146054738774,0.6032186684193684
2008-05-06,0.5360872552123546,0.3595555276088447,0.604374047192832
2008-05-07,0.5432481150564231,0.41027456119573213,0.6070867591248311
2008-05-08,0.5428096458310617,0.4022035184109893,0.6033176372854813
2008-05-09,0.5429654396828576,0.41449366820554207,0.59705016621638
2008-05-12,0.5494083525975926,0.3626222189336275,0.6035165313412376
2008-05-13,0.5504512769867741,0.3652294844001708,0.6017749794032637
2008-05-14,0.5496820512278869,0.361457336881847,0.6055950163174312
2008-05-15,0.5580115128938677,0.2728071664864887,0.5946139856523625
2008-05-16,0.5544693779515725,0.264007821331175,0.5925100971195293
2008-05-19,0.5624589265257887,0.2647317154636922,0.590484366132893
2008-05-20,0.563072840716363,0.27193840360810884,0.590866054064761
2008-05-21,0.5726521807700725,0.32695485506117805,0.5923485343709296
2008-05-22,0.573385437564657,0.3196435712459323,0.5929094053284755
2008-05-23,0.575306716910978,0.38729955409610295,0.5883159997851428
2008-05-27,0.5763900791623916,0.39771271269586483,0.5840945287727766
2008-05-28,0.5788247339106123,0.40031686728251986,0.576772689632093
2008-05-29,0.5710005231184997,0.38066992052785853,0.5704477443712415
2008-05-30,0.5613375062558394,0.40230569521548953,0.5578421870292307
2008-06-02,0.5659567664549855,0.46016656271008005,0.5599072838467122
2008-06-03,0.5679907671006473,0.4604270151182219,0.557756626861958
2008-06-04,0.5685019365790004,0.46389384397920996,0.5562703370679444
2008-06-05,0.5631265105645304,0.524074148333374,0.5588468604009899
2008-06-06,0.5866927430831093,0.5890781433924528,0.5650452956285905
2008-06-09,0.5834668882279489,0.5846263627373872,0.5604526529594106
2008-06-10,0.5481440651717154,0.5681190892387435,0.5582399179654406
2008-06-11,0.5474168976519849,0.5616166531733869,0.5572067598660133
2008-06-12,0.5433789795487337,0.5385756833263997,0.5441474074826825
2008-06-13,0.5410396413587818,0.5551656164553025,0.5451943867686806
2008-06-16,0.5419693250182928,0.5233718266184536,0.5449436274341308
2008-06-17,0.504031579840595,0.5281930999035636,0.5420486905060304
2008-06-18,0.5013733482212072,0.5259861100283486,0.5396357110409663
2008-06-19,0.5023121423867692,0.5208688400552413,0.536708692222114
2008-06-20,0.5032771429097325,0.5262136728452782,0.5399718450683207
2008-06-23,0.48941161580343695,0.49519090780400177,0.5336217243620281
2008-06-24,0.48662464467883976,0.46461813318716505,0.5292733188075448
2008-06-25,0.48572923379394795,0.45237511698701266,0.5276167347741968
2008-06-26,0.5208968660626635,0.5376521700169483,0.540994091652708
2008-06-27,0.5147264325174228,0.5579426729225546,0.5361779660212245
2008-06-30,0.45652883095160046,0.5522000754269965,0.534722582686256
2008-07-01,0.45932530658352955,0.5575839053872207,0.5339904678143098
2008-07-02,0.46892324441418604,0.5793460001956785,0.5390432051038684
2008-07-03,0.4678196857735069,0.5750925284562124,0.5387611590516102
2008-07-07,0.46616389127512525,0.5001217667125966,0.5326570095177534
2008-07-08,0.4539479260939174,0.39687294379542754,0.5302867468995138
2008-07-09,0.45275389179052195,0.40450446504743554,0.5285648035631839
2008-07-10,0.452607344430898,0.4028404059876723,0.5286073873835715
2008-07-11,0.4397552906960473,0.3946393386751743,0.5273077732929938
2008-07-14,0.4369940571973178,0.3950630998395351,0.5258167035367508
2008-07-15,0.43857101032614065,0.3630715995144585,0.5273908941775257
2008-07-16,0.37216341231703415,0.3271842916363472,0.502522214094757
2008-07-17,0.37047855644627387,0.33987480475431564,0.5034462687273679
2008-07-18,0.36626637634146414,0.3321002712228722,0.49252135688343923
2008-07-21,0.3565096730302646,0.3117455163710807,0.486379295198687
2008-07-22,0.3376640477326342,0.2690637909293811,0.48177344510092474
2008-07-23,0.3321771231803529,0.28302711483352144,0.47244138618250936
2008-07-24,0.34514650554231713,0.3013951815739528,0.4756650603483693
2008-07-25,0.3406022581533954,0.2951911540324035,0.4725108983469328
2008-07-28,0.34116409455795815,0.2306790609031913,0.46779045818412135
2008-07-29,0.3463485492340437,0.2576093328439953,0.4635378955669846
2008-07-30,0.3607430440594947,0.276274468066422,0.4664854179069266
2008-07-31,0.3655774258855005,0.28717111821674096,0.46523536586086245
2008-08-01,0.3644768058926475,0.2629545306668421,0.4603737144938642
2008-08-04,0.36035407041901685,0.2610575600770335,0.4559671985911357
2008-08-05,0.37985968003599174,0.30503727743427955,0.4540880764475338
2008-08-06,0.36811796047515444,0.29171222689569304,0.45145780380842915
2008-08-07,0.370583905084865,0.2840105910607563,0.4511874681754099
2008-08-08,0.3825989875099987,0.3169319151200222,0.45663038320906124
2008-08-11,0.3826947358727,0.31805433688476137,0.46040941038994526
2008-08-12,0.3829228663629038,0.3229701039353104,0.45965118293753365
2008-08-13,0.3772645476456067,0.2919055860957508,0.4565977118765664
2008-08-14,0.37079351172284636,0.3128014223033543,0.45680903031144604
2008-08-15,0.37541011872242813,0.3156488039129729,0.45680462245545383
2008-08-18,0.37889393838917973,0.3407552184895666,0.46247222486041795
2008-08-19,0.37633986586115753,0.3610350860233985,0.4615552293282867
2008-08-20,0.36867643160433866,0.39394207893122307,0.4613516172416503
2008-08-21,0.366829814223672,0.402442874415243,0.4606010647968564
2008-08-22,0.36427289138191576,0.38262424622838354,0.45771231575858895
2008-08-25,0.3748092762995022,0.42929003646934866,0.4639205318054345
2008-08-26,0.37441992251206263,0.424881416799062,0.46460278052547727
2008-08-27,0.38363630054760434,0.4514095863254746,0.4675917756868027
2008-08-28,0.3859650668051723,0.4366467571719834,0.4625773100085229
2008-08-29,0.3845816415087306,0.4277698649577468,0.4638505489642903
2008-09-02,0.3753744919020413,0.4068653814426962,0.4587158656504669
2008-09-03,0.37383155182289574,0.4094655738465702,0.4577492121738281
2008-09-04,0.38675501513568916,0.4292358195501533,0.46366033878813556
2008-09-05,0.3575944665594444,0.42919005369956814,0.46148789740370855
2008-09-08,0.3729767443552662,0.46412744856816635,0.46428431324851643
2008-09-09,0.40280320524162694,0.51842256926414,0.4638807443315647
2008-09-10,0.3973121491869028,0.49384255569950014,0.4601652029050929
2008-09-11,0.40639470569353586,0.5258371530460649,0.4642430567745702
2008-09-12,0.3979004709057302,0.5286089598809411,0.45929679161382236
2008-09-15,0.44549327716418735,0.6265470313494091,0.4851759732317145
2008-09-16,0.4436063061727913,0.6075035775486893,0.462140137592795
2008-09-17,0.4777495860869146,0.6536421811812791,0.48357214426473943
2008-09-18,0.48862825625579054,0.6750839778229787,0.4879667519310566
2008-09-19,0.5034234834436776,0.6985219531549947,0.49624345012577004
2008-09-22,0.5037091414284346,0.6765353423003645,0.49266784591309637
2008-09-23,0.5151460513800996,0.6985300557853779,0.5012919282158331
2008-09-24,0.5167095709923255,0.6905179981045116,0.5017549559476027
2008-09-25,0.5035227443243839,0.6847829464023067,0.5012429055998252
2008-09-26,0.5036897423438236,0.6730253382987607,0.4988815232820252
2008-09-29,0.5927002823540656,0.7787741206812644,0.5475203857431636
2008-09-30,0.6180969100049736,0.821471664361288,0.5686643446628842
2008-10-01,0.6122226075146127,0.8297961858137406,0.5653590325811968
2008-10-02,0.6197027927717345,0.8283817339292795,0.5727738877214096
2008-10-03,0.6157484355805327,0.8121849750955498,0.5697873929933293
2008-10-06,0.6498863001555704,0.8493074475575687,0.5956093982256125
2008-10-07,0.6504308433395154,0.8332401593549401,0.5971667075767053
2008-10-08,0.6612407957341399,0.8327245772173852,0.6070837122711357
2008-10-09,0.6680080700115418,0.8017420334994912,0.61660555344253
2008-10-10,0.6542600545369018,0.7435036713443373,0.6051414756900857
2008-10-13,0.8902388360310063,1.0930962127115944,0.8052496621152561
2008-10-14,0.8993327692372838,1.0809824236632213,0.7972290716570402
2008-10-15,0.9184874779593388,1.0847601353755159,0.8219247051725234
2008-10-16,0.9225443029326399,1.0906042702837666,0.8265686151572856
2008-10-17,0.9225471056608708,1.0940619276453818,0.8242107609651949
2008-10-20,0.9497111887288505,1.1353799248827474,0.8407927783169065
2008-10-21,0.9508518247106653,1.1445869483890834,0.8402255768529927
2008-10-22,0.9572800294236017,1.141166393238561,0.8477672958167765
2008-10-23,0.9537560728080432,1.1313199866113077,0.8444099717350718
2008-10-24,0.9575075061495437,1.1358366596532214,0.8483311043550773
2008-10-27,0.965127893543964,1.135926001047229,0.8490764974700369
2008-10-28,0.9707120374102411,1.1082640692017771,0.869771637069568
2008-10-29,0.9610515119559023,1.0922641969885192,0.8663622618546634
2008-10-30,0.9579560486591078,1.0879016760484388,0.8652146856736458
2008-10-31,0.953814084532748,1.0789232850678796,0.8606193593798671
2008-11-03,0.9525797420020032,1.0796084912705806,0.8589623969568625
2008-11-04,0.9500048722534121,1.0608439493900668,0.8564464438992583
2008-11-05,0.9462562937038419,1.0668880121093325,0.8535490845242207
2008-11-06,0.912308912325734,0.9853271177742726,0.8363084681378629
2008-11-07,0.916794928013934,1.0066726513292785,0.8414260729277893
2008-11-10,0.9182217334829742,1.0358584500992352,0.8417662900363709
2008-11-11,0.924614057246641,0.8985530238204662,0.8459388462674728
2008-11-12,0.9221610062974959,0.9117676498383017,0.8441494641590588
2008-11-13,0.9135080704876524,0.8844267616301817,0.840870790382602
2008-11-14,0.920604145501382,0.9039222583417661,0.84800138492322
2008-11-17,0.9178154952389852,0.8953830810598609,0.8447598179836571
2008-11-18,0.922470382889199,0.8884930846709623,0.8479962643727803
2008-11-19,0.9319899900892493,0.920311779309224,0.857996729143539
2008-11-20,0.9515617683317795,0.9602965915489751,0.8767374959104809
2008-11-21,0.950822512548786,0.9742358211247003,0.8776429289853113
2008-11-24,0.9630512251083019,0.9831054289154149,0.8908259586410242
2008-11-25,0.9573292071282626,0.9847051776681472,0.8886256985606152
2008-11-26,0.9630651383599063,1.0180157251725246,0.8933738481959668
2008-11-28,0.9634181325759557,1.0436936441765425,0.8934084916376202
2008-12-01,0.9710294704844535,1.059137936066697,0.9018656191948299
2008-12-02,0.9699174994146015,1.0646303447774188,0.9016801184749628
2008-12-03,0.9693525801217143,1.0612833812239415,0.9014474336711014
2008-12-04,0.9653800984852917,1.059599489653829,0.8965691114602251
2008-12-05,0.960211836639793,1.0575949719068298,0.8946360028627521
2008-12-08,0.9288856448087746,0.981937598880606,0.8617671182651883
2008-12-09,0.9298310103662486,0.9721227966989374,0.862444934932077
2008-12-10,0.9270929987213529,0.9634291702237702,0.8607480101605921
2008-12-11,0.9256768193449434,0.9428355002360411,0.8587301409477118
2008-12-12,0.9291629728807921,0.9577126207767143,0.8595899739197548
2008-12-15,0.9327233494189626,1.004407349565632,0.8601875392628318
2008-12-16,0.9282040185782353,0.9600788933073832,0.8573068546540423
2008-12-17,0.9311056346773386,0.977635287606722,0.8571749868617508
2008-12-18,0.9311878326087996,0.9546863049478507,0.8540594732031872
2008-12-19,0.9350096349537574,0.9271266526509784,0.8555439838809802
2008-12-22,0.9329168408899018,0.8288652668758965,0.8549238485413787
2008-12-23,0.9328257168657617,0.862139907002551,0.8551208549176839
2008-12-24,0.9335479403335286,0.7807703528156521,0.8532089444055705
2008-12-26,0.9350704215759622,0.795144262075155,0.8543440236150814
2008-12-29,0.9312684990123723,0.7624721884850599,0.85439954283386
2008-12-30,0.9272380009530035,0.7650741701605959,0.8541650103113348
2008-12-31,0.9287536161258656,0.5981410694712668,0.8539549652315677
2009-01-02,0.9295183382548997,0.5729150623558945,0.8531386913343348
2009-01-05,0.9308921874154565,0.5614468541942873,0.8531317532500119
2009-01-06,0.9241028199688588,0.5830445043705803,0.8528193532078808
2009-01-07,0.9285739117678881,0.6109820438460825,0.8541414482369976
2009-01-08,0.9298781226570368,0.5973541310241623,0.8588117769670921
2009-01-09,0.939161067888561,0.6011140806829744,0.8595773133855273
2009-01-12,0.9523126210900857,0.6429770183874016,0.8606336727417784
2009-01-13,0.8737648562503462,0.6289800649625037,0.8602022771071804
2009-01-14,0.8804720817951929,0.6407616184982766,0.8661077336652182
2009-01-15,0.8744557954722342,0.6198848235207111,0.8657836100861005
2009-01-16,0.8765782187746646,0.5922491317656879,0.866004214683985
2009-01-20,0.8730981467984601,0.6517855554197702,0.8649449858170407
2009-01-21,0.8563778036521881,0.6633913408805453,0.8620817123322001
2009-01-22,0.8572123678664454,0.6576495454162371,0.8621872487447955
2009-01-23,0.850582251852211,0.6490980497250726,0.8611712272798311
2009-01-26,0.8553086535413639,0.6428179676118804,0.8611901556329623
2009-01-27,0.8428280603479852,0.6354614109665768,0.861166234989825
2009-01-28,0.8412663059521515,0.638257968551826,0.8601443223955455
2009-01-29,0.8280859610073735,0.6620027054734345,0.8606037647819571
2009-01-30,0.8389497787208158,0.6456978045985582,0.8608274850016194
2009-02-02,0.8375065058763005,0.6320671718763811,0.8604029942398457
2009-02-03,0.8414124914456769,0.6143968028069939,0.8606190740662774
2009-02-04,0.843268242444365,0.6178692197586491,0.8600870649812649
2009-02-05,0.84803702456156,0.6503032284368377,0.8612974924487428
2009-02-06,0.8544278019564009,0.6645490446449374,0.8618222026424002
2009-02-09,0.8589282428728451,0.6922498259936215,0.8776059070833819
2009-02-10,0.8520672709991106,0.7088191055217882,0.8768987988673108
2009-02-11,0.8497258202232337,0.6962755353706179,0.8763456219154412
2009-02-12,0.8412581378451482,0.7047384495232484,0.8770536934708503
2009-02-13,0.8451489484412723,0.6947434670003059,0.8769317238118716
2009-02-17,0.8553616492542783,0.6944966234763987,0.8745555058888305
2009-02-18,0.8415453224173708,0.6950576321231318,0.8744740472933357
2009-02-19,0.8457039912535007,0.6399166245334346,0.8740646466131073
2009-02-20,0.8385289842068009,0.6276339573152765,0.8738477087217483
2009-02-23,0.8137726709855829,0.6523917326373392,0.8742348733901484
2009-02-24,0.7693832022044925,0.7003767674464599,0.873889297652657
2009-02-25,0.7766230003508249,0.701430271768268,0.8722391106686197
2009-02-26,0.7152701109401638,0.6731144429917072,0.8691949212038635
2009-02-27,0.7168409966357739,0.6427608192618365,0.8667817566709323
2009-03-02,0.7043964771477765,0.6516466310342306,0.8664811115660199
2009-03-03,0.7005205320427189,0.6476072073510558,0.866165789363568
2009-03-04,0.643195433268962,0.6637496079659786,0.8671007589684481
2009-03-05,0.6432953980616766,0.6927381464320477,0.8683197065262138
2009-03-06,0.6382542543840457,0.6934418275609444,0.8677899570234168
2009-03-09,0.6463248751899984,0.6655214775528306,0.8667018968036372
2009-03-10,0.6682759576600004,0.708562516445677,0.8655243987920145
2009-03-11,0.6689071523936191,0.7142883011920805,0.8709925589647338
2009-03-12,0.6756106346203152,0.716414925602455,0.8709771018113738
2009-03-13,0.6791364910021709,0.710480313319082,0.8694033824460147
2009-03-16,0.6748600246439025,0.6972242691668006,0.8692112620781535
2009-03-17,0.6762437636935749,0.7063183715490078,0.8695969811052281
2009-03-18,0.6714260158049822,0.7016149310483017,0.8691780383446862
2009-03-19,0.6566002243081114,0.6844923441496039,0.8661019400749761
2009-03-20,0.6611417663662192,0.6987123096901334,0.867778878122734
2009-03-23,0.7106181651998854,0.770403662120953,0.8729681961859155
2009-03-24,0.7131469048988157,0.774043287978589,0.875810387066709
2009-03-25,0.717487938083219,0.7698067290151497,0.8752283727390199
2009-03-26,0.7140546182742643,0.7620396036323956,0.8736358548502835
2009-03-27,0.7133476281164696,0.7712411914204299,0.8736929765217133
2009-03-30,0.7171220917864423,0.7867711143845227,0.8742090973788428
2009-03-31,0.7158815314429614,0.7717404224795751,0.8680180825532141
2009-04-01,0.7155882994059147,0.7814331525257872,0.864748948530577
2009-04-02,0.7184204305818648,0.7938611210299263,0.8660654825597871
2009-04-03,0.7170475501976572,0.7554545943051693,0.8662102692798522
2009-04-06,0.7174509672218049,0.7545974920749381,0.8668878198110129
2009-04-07,0.7236568503453326,0.7823348325295394,0.8636546415567695
2009-04-08,0.7220354658503244,0.7532002150500682,0.8660179251749448
2009-04-09,0.7210586855715284,0.7584579306856756,0.8590040343655716
2009-04-13,0.7173529229210498,0.7575877281879659,0.862223582478422
2009-04-14,0.7160497431467739,0.7897769370745253,0.8687141733005359
2009-04-15,0.7192886279361499,0.800171516724799,0.8143316153971472
2009-04-16,0.7132320396807911,0.788511356178037,0.8164075689385046
2009-04-17,0.7166008509662937,0.7995605859938223,0.8098660314215266
2009-04-20,0.7276490221183632,0.86080698907568,0.8123489746480523
2009-04-21,0.7169165719339483,0.8517116947266699,0.8127332596766782
2009-04-22,0.7202224953485277,0.765339317983169,0.8096052080620265
2009-04-23,0.7233521119483277,0.7499988943360542,0.8111909998317537
2009-04-24,0.7284266952064699,0.7443630899689645,0.8083262835547614
2009-04-27,0.7306992888789134,0.7530257287252028,0.8117690228228521
2009-04-28,0.7313405250044478,0.7501978278818837,0.8042525536110228
2009-04-29,0.7340212404480099,0.7338048003504666,0.8070702128933708
2009-04-30,0.7271172133089175,0.7438949469366386,0.7942510098943797
2009-05-01,0.7222231038240591,0.7105482682435134,0.7995982916514467
2009-05-04,0.7309016245298855,0.7305586050392694,0.8019023291612042
2009-05-05,0.7337187261091404,0.7440018502583314,0.8049868268037864
2009-05-06,0.7305091894189729,0.7369202386395937,0.8049126008879183
2009-05-07,0.7187414866235291,0.6605738160248358,0.8025328788056048
2009-05-08,0.7131082935822768,0.6597574734845123,0.8035488129790935
2009-05-11,0.7096816818770941,0.625657749547521,0.7911589726353395
2009-05-12,0.6961967571931613,0.6271348512724026,0.7861845432455344
2009-05-13,0.697875220343424,0.6188359456085044,0.7850248625996686
2009-05-14,0.6995459384395312,0.618769892171404,0.7799623420530121
2009-05-15,0.6980607119240783,0.6320967981178056,0.7809173660961986
2009-05-18,0.7013796028901688,0.6493896707833663,0.7893591188297062
2009-05-19,0.6996519100701162,0.5472442752807468,0.7786520051215494
2009-05-20,0.70421513348112,0.548672356764961,0.7827852698214894
2009-05-21,0.7038670340912867,0.555807928233413,0.7794371693699631
2009-05-22,0.7002949000803602,0.5597636857283719,0.7627169818437655
2009-05-26,0.6979163828454931,0.5840399787404656,0.7361688708609644
2009-05-27,0.7020238653745798,0.59949842494819,0.7427220145055237
2009-05-28,0.7084932415197825,0.5988358687813227,0.7150772214944894
2009-05-29,0.7141591353081368,0.5895602096249745,0.7191687689962782
2009-06-01,0.7021418428143478,0.5903268693614199,0.7100209225938189
2009-06-02,0.704245293537534,0.6032141009270998,0.7098296206894347
2009-06-03,0.7066698337981175,0.5608188657130018,0.6763352440926593
2009-06-04,0.6850114890622039,0.5467523723742551,0.669897095499178
2009-06-05,0.6863911065706778,0.5597176641085875,0.6684968778080282
2009-06-08,0.6942161660895521,0.6054762476728537,0.6765978163583479
2009-06-09,0.6727505286515825,0.6152611607819628,0.6770326335008854
2009-06-10,0.6816763365453139,0.6141592425030804,0.6759245669803227
2009-06-11,0.6777160398175833,0.6217224132629232,0.6732949608019512
2009-06-12,0.6877083719244919,0.5935405186545393,0.6775159215557616
2009-06-15,0.6954326105657626,0.6310924919982767,0.6784140902445277
2009-06-16,0.694003758902706,0.6455368195915455,0.6776119212176073
2009-06-17,0.6907800339744269,0.5814761614594713,0.6736491093041862
2009-06-18,0.6975630122501733,0.5745508173500495,0.6689679706778017
2009-06-19,0.6909189715469495,0.5724623812621247,0.6696617754958694
2009-06-22,0.6341673956559477,0.6230286746055153,0.6776209182347053
2009-06-23,0.6266579107964876,0.6160009006427093,0.677504096066967
2009-06-24,0.6252169274816153,0.5720232757320748,0.679389646715999
2009-06-25,0.6308434792357948,0.5782923179851056,0.6797175426167191
2009-06-26,0.6298525829622602,0.5853263989520819,0.6798048780672427
2009-06-29,0.6125880740406112,0.5607165166270733,0.6799577371420961
2009-06-30,0.6202061943827233,0.5574860095196777,0.6813980474147618
2009-07-01,0.6175257497418014,0.5678808522163562,0.6798367119484503
2009-07-02,0.6147749232695942,0.6139740865178311,0.6801957390694517
2009-07-06,0.6197299946057795,0.6493267182737193,0.6800244975818823
2009-07-07,0.6236127181029273,0.6566989522630208,0.6811192630101804
2009-07-08,0.6151925105293482,0.6613453624415292,0.6842778336734048
2009-07-09,0.6120598874789366,0.6386676866246194,0.6813985003799554
2009-07-10,0.6024467671145132,0.6508717244600122,0.6838429248862552
2009-07-13,0.6176095738474964,0.7054384818954281,0.6850241422350947
2009-07-14,0.6129614893219609,0.6982591227429286,0.6828296153833511
2009-07-15,0.6231177168566329,0.7057902367084095,0.6872876316555583
2009-07-16,0.6260112932158395,0.6786097805142847,0.6832998629601109
2009-07-17,0.6296901898135796,0.7215691603172337,0.6867319043536729
2009-07-20,0.5967729974010768,0.7437134507129944,0.6877460226475588
2009-07-21,0.5967078419539451,0.7473707316262381,0.6772470233099811
2009-07-22,0.5998108313075953,0.715213130760629,0.6803145620527609
2009-07-23,0.6085728003410799,0.7333830236610093,0.6834384288280401
2009-07-24,0.6044322405904148,0.7131510014812863,0.685517531147265
2009-07-27,0.6028565274884962,0.6981986416217705,0.6874491456208622
2009-07-28,0.6047505693461434,0.6956303526536254,0.6884089231972882
2009-07-29,0.5928813163895007,0.6787767339815325,0.6867569962168734
2009-07-30,0.5960364984521496,0.6663990919624181,0.6816905787842956
2009-07-31,0.6023910530014831,0.6565421390249758,0.6808169293302108
2009-08-03,0.5895284489946575,0.6123410176962881,0.6836013192662201
2009-08-04,0.5893348712868838,0.6054553518985161,0.6856269716879122
2009-08-05,0.5926670780620674,0.5254002034360442,0.683573421002658
2009-08-06,0.6151598069168336,0.5470600869691348,0.6830492868656207
2009-08-07,0.6228801161571301,0.5524036474834542,0.6807382325155581
2009-08-10,0.6251298961645992,0.548075759646475,0.6891299727974692
2009-08-11,0.6333433271995811,0.5449260827219685,0.6804790198751277
2009-08-12,0.6247247544029918,0.5403629523812712,0.6815857287450982
2009-08-13,0.6261253505333835,0.45781871249121003,0.6828661519190224
2009-08-14,0.6283630495656934,0.48371555158116214,0.6824033640764755
2009-08-17,0.6358403428686447,0.5967435057542987,0.6850070071885691
2009-08-18,0.6381653335071381,0.58189759954283,0.6845862853279527
2009-08-19,0.6407412145529117,0.5944757190093266,0.688251548953493
2009-08-20,0.6443940427639571,0.6028679668623904,0.6897307077543491
2009-08-21,0.6522298141533842,0.6119711724343295,0.6881409778306539
2009-08-24,0.6354053435032775,0.6387724762350121,0.6833354082832572
2009-08-25,0.62220286614987,0.6292612647881841,0.6841621498289586
2009-08-26,0.625569560039533,0.6252401245633673,0.6908020608947795
2009-08-27,0.615917497221803,0.6431189315104217,0.6936668298494892
2009-08-28,0.6170499766077348,0.6367524447780349,0.6865567207926173
2009-08-31,0.620390963936517,0.6564784694736259,0.6885522079642595
2009-09-01,0.6405216230361328,0.690220753705079,0.6964785900220999
2009-09-02,0.6553516602033969,0.7015255442426571,0.6840574893431752
2009-09-03,0.6597441774128355,0.7621883002527741,0.6857507346764039
2009-09-04,0.6628695122433647,0.7652244920561128,0.6915176214351028
2009-09-08,0.6602412227809509,0.7434053644115968,0.6736989204062661
2009-09-09,0.6589979525484445,0.7389365667318554,0.6821613728355803
2009-09-10,0.6661698856923507,0.7340907199674733,0.6783776769002994
2009-09-11,0.668542529824781,0.7533460336042964,0.6851835969078953
2009-09-14,0.6546976867774249,0.7407702225169929,0.6883321659870363
2009-09-15,0.642609747324658,0.7273660718807503,0.6836535400759973
2009-09-16,0.6625415996279043,0.6464191547658488,0.6873181444431694
2009-09-17,0.6729962826924341,0.6607610633390155,0.695569910059521
2009-09-18,0.6782572245393482,0.6630533005285493,0.6925654316545905
2009-09-21,0.6550498319122339,0.6467961893681189,0.6445172305851189
2009-09-22,0.6539175336697188,0.5732771720867099,0.6382805915916137
2009-09-23,0.6507237503121344,0.579033204132612,0.6363197729613637
2009-09-24,0.6486535636051096,0.6212241560234956,0.6402056145261462
2009-09-25,0.6486157858960956,0.6279514060608012,0.6394224227614554
2009-09-28,0.657879534857733,0.6791810448777573,0.6304511737721022
2009-09-29,0.6554843085871811,0.6885802124393469,0.6354075702995463
2009-09-30,0.6565222319067884,0.6967676019264047,0.6341109176713885
2009-10-01,0.6535543883378492,0.6623405765287235,0.631568501422065
2009-10-02,0.6579797405878055,0.6600889944461901,0.6362377143196638
2009-10-05,0.6576980389851838,0.6733472658194657,0.6399461402392308
2009-10-06,0.6625406460159584,0.6789224181121706,0.6353305636285442
2009-10-07,0.6677984177980485,0.6892776735643215,0.6348480676350922
2009-10-08,0.6565020437886389,0.6726712174660445,0.6249332766692716
2009-10-09,0.6424535878077962,0.6678195100758667,0.628503400077236
2009-10-12,0.6425065523071045,0.6617352783335623,0.6241175180726566
2009-10-13,0.6206793273045458,0.663604753537238,0.6244637290687093
2009-10-14,0.6337379946167909,0.6983086742011524,0.6308420063543901
2009-10-15,0.6236938184250892,0.6712117165665592,0.6297649433294656
2009-10-16,0.6257660124609699,0.6790056197340969,0.6060767569535388
2009-10-19,0.6294493117678348,0.6760158558369901,0.6066697678415259
2009-10-20,0.6310590091548262,0.6848068694078234,0.6089663958832308
2009-10-21,0.6276513231402283,0.7115717488019835,0.6128539031458871
2009-10-22,0.6449593342641412,0.7452917821355409,0.615149328534005
2009-10-23,0.6492400029508028,0.7333603455769191,0.6166253591175378
2009-10-26,0.6529168845572818,0.7281495884933632,0.6185955570325111
2009-10-27,0.6611404759684202,0.6894092671595466,0.6120548750917124
2009-10-28,0.6727399629053461,0.7083274993793579,0.6188891091522354
2009-10-29,0.6936400244385611,0.7506495114919222,0.6312476705351492
2009-10-30,0.7182731335884215,0.8057501903581566,0.6334002667724103
2009-11-02,0.7255183655573338,0.8132840435703076,0.6361201461110835
2009-11-03,0.7384836835762749,0.7915875454473672,0.6418744065740909
2009-11-04,0.7330503122724332,0.770593197506758,0.6557463803911909
2009-11-05,0.7291132779393783,0.7684188094799487,0.6606277134491153
2009-11-06,0.7933521067563503,0.8273850428903283,0.6860298749648912
2009-11-09,0.8044135022713876,0.8532759233656518,0.6983639044243811
2009-11-10,0.8065595998687114,0.8575783408996701,0.6967346707677066
2009-11-11,0.8066616510563329,0.8642933166688205,0.6978968156404457
2009-11-12,0.8060504945724852,0.8414983102821643,0.7001133755747785
2009-11-13,0.7868364648930573,0.8489539415410182,0.7017066229601463
2009-11-16,0.7942278602709946,0.8533604887956057,0.7061614050350205
2009-11-17,0.7944192842690615,0.8551803588673997,0.7072394298459812
2009-11-18,0.7917346092051453,0.854284520177896,0.7084965933373265
2009-11-19,0.7821778030298273,0.8620812640136994,0.7107068604550689
2009-11-20,0.7850752724404795,0.8587499808961677,0.7011633878052186
2009-11-23,0.7931132437193434,0.8598260235439578,0.7003899155387188
2009-11-24,0.7917288889179755,0.8613763509776615,0.7020447259762143
2009-11-25,0.7903160931625005,0.8640261631292929,0.6954458495561773
2009-11-27,0.7973460382763651,0.8673048352472223,0.7045390253592331
2009-11-30,0.7945358935291539,0.8460420023671801,0.7048114903385813
2009-12-01,0.7734437473771896,0.7219663009551187,0.7058887550632496
2009-12-02,0.7703925017562037,0.7185789173501088,0.7123441362265268
2009-12-03,0.7699561644062954,0.7449919743796605,0.7146161398635796
2009-12-04,0.7642333738632394,0.7440124676381781,0.7140857188603915
2009-12-07,0.7677526078125467,0.7284430884594031,0.7143834943766729
2009-12-08,0.7857605760143818,0.7495359147689107,0.7358600822437307
2009-12-09,0.7822907859657489,0.6759133177970884,0.7382300706125628
2009-12-10,0.7798656571864753,0.6710707163642391,0.7384775656772088
2009-12-11,0.7801838636832593,0.665680156876487,0.7350071301024252
2009-12-14,0.7854316176536633,0.6534804915410823,0.7337686659444744
2009-12-15,0.7821271299309893,0.6591217187394686,0.7438834171741195
2009-12-16,0.7801481022707153,0.6056875261889402,0.7506114930470069
2009-12-17,0.7882069168788591,0.6391159952323422,0.7571974110858872
2009-12-18,0.787256577742085,0.6360126433718541,0.7435223813857581
2009-12-21,0.7961959496769289,0.6293325564433145,0.7475629994204162
2009-12-22,0.8004990117561378,0.6210834678407755,0.746275715896353
2009-12-23,0.7943697546237711,0.5888784329789044,0.7433643628628609
2009-12-24,0.7929247280487013,0.5987535159426894,0.7429258391672583
2009-12-28,0.7807966434642486,0.6063364311593329,0.7420378369929784
2009-12-29,0.7801935633287267,0.5383915140244211,0.7411235098481538
2009-12-30,0.7802296401493204,0.5678255136255655,0.7438138837029062
2009-12-31,0.7654634259599538,0.5880134668046382,0.7390968551769826
2010-01-04,0.7706526562929392,0.6573435356749953,0.7470781824642704
2010-01-05,0.7570263257581206,0.6160970755180453,0.7415758909917552
2010-01-06,0.7433572289514697,0.6053310672376685,0.7398807928688392
2010-01-07,0.7396309846847018,0.5952331389824048,0.7419670532824737
2010-01-08,0.7367895628461805,0.5231662883256191,0.7339806424644458
2010-01-11,0.7331074383163965,0.5193626441543896,0.7289537360333405
2010-01-12,0.7363036750076929,0.5600472033956547,0.7313800064711962
2010-01-13,0.738824290365794,0.5751293639116715,0.7184203976324298
2010-01-14,0.7281465468928539,0.569927047258941,0.721576841842708
2010-01-15,0.7397014096320002,0.6128218743873035,0.721015549891221
2010-01-19,0.734532983140355,0.6195498376704415,0.7179106423259669
2010-01-20,0.7328674526859039,0.5869641910862811,0.7194691762299141
2010-01-21,0.7443936742543201,0.6758353041803332,0.7260686078074824
2010-01-22,0.7559051033619733,0.7172818925798893,0.7278464298406075
2010-01-25,0.753646432514973,0.7229383291161168,0.7331598596823946
2010-01-26,0.7501403434165824,0.7203733279301409,0.7331087364199673
2010-01-27,0.7460703355198476,0.7075289237432365,0.7310618803288967
2010-01-28,0.7441768724178631,0.6973325857441719,0.7319200470076501
2010-01-29,0.7391718272950695,0.7073664898214905,0.7340321042461869
2010-02-01,0.7346150472695002,0.7334308741619848,0.7389906173162697
2010-02-02,0.6919202185195805,0.7286532670769321,0.7334060272261661
2010-02-03,0.6861856315989151,0.6883615828952542,0.7334814705132908
2010-02-04,0.7314275268979624,0.7685753711840723,0.758752126355807
2010-02-05,0.7315217598120618,0.7726169571812537,0.7577909427472135
2010-02-08,0.7240019531850822,0.7731230323619616,0.7582801615413183
2010-02-09,0.7215486538563615,0.7759066128633104,0.7541885646580955
2010-02-10,0.6997963522127384,0.7755832683777557,0.7529300468128011
2010-02-11,0.7049403958483031,0.7879425064206698,0.7556298866757946
2010-02-12,0.7040193886268488,0.7869611889562811,0.7556590581686813
2010-02-16,0.7097638740515267,0.7964986171385915,0.7583679293744255
2010-02-17,0.7126018876343428,0.7925966625064866,0.7488308003058447
2010-02-18,0.7064356094732042,0.8079418235376878,0.7514793774412906
2010-02-19,0.7074567022998899,0.8133888002782083,0.751151235298357
2010-02-22,0.7053230876431471,0.7955309983187503,0.7486235895570295
2010-02-23,0.7067800330942614,0.779327522074237,0.7435327755680617
2010-02-24,0.7102438616638935,0.7828646835955462,0.7464145509493145
2010-02-25,0.7059207162372373,0.7916301712759861,0.7491467759739089
2010-02-26,0.7072994258088412,0.8066138350503232,0.7493832452160821
2010-03-01,0.7124714606259974,0.8287143116098643,0.750505682823714
2010-03-02,0.704430464879845,0.8212813802862766,0.7512742737625867
2010-03-03,0.7113049949662786,0.8154767485125555,0.7519271129153544
2010-03-04,0.7138221599486095,0.8292103840373677,0.7439101309392284
2010-03-05,0.7235129540254045,0.8541379001164512,0.7463329311401556
2010-03-08,0.7229669356529097,0.7023958851826161,0.7449897955067531
2010-03-09,0.7266000023156032,0.7219306500810685,0.7428913732446804
2010-03-10,0.7298151458628713,0.7106609650238944,0.7447262643855703
2010-03-11,0.7163823960130126,0.7004847457114128,0.7399597964601773
2010-03-12,0.7172958701202536,0.6880763195269615,0.7384507221558447
2010-03-15,0.7175705410340663,0.6618695584164194,0.7372894196357228
2010-03-16,0.721288916842259,0.6606641246532078,0.7390934343169125
2010-03-17,0.723855182584781,0.6246778568503036,0.742715100459482
2010-03-18,0.7202665379644233,0.6075561091349089,0.7395770164399349
2010-03-19,0.7238404952155743,0.6290763891923984,0.7403427745673018
2010-03-22,0.7173936967729249,0.6309596442112186,0.7425424821455697
2010-03-23,0.7238844100856662,0.6560622800633605,0.7446612687583422
2010-03-24,0.7181223196108559,0.5520208798514546,0.7464288718433538
2010-03-25,0.7149471034357061,0.5199277802820627,0.7471697108399205
2010-03-26,0.7157141016561149,0.5023212648730303,0.7435283422509226
2010-03-29,0.7127268057245556,0.47937416259200843,0.7412454241495442
2010-03-30,0.712234981689869,0.4508251265669761,0.7342496697470592
2010-03-31,0.7120034626632624,0.48226308653220584,0.7337855371014712
2010-04-01,0.7112626060701308,0.47337771082173885,0.7330027735691395
2010-04-05,0.7062871490155472,0.479908567441311,0.7240516227509468
2010-04-06,0.697456534968325,0.3790971637514959,0.7234574664516527
2010-04-07,0.7069723621946016,0.4388139990880612,0.7211550031725406
2010-04-08,0.7160725594097691,0.44014232467091025,0.7182283237775476
2010-04-09,0.7230490976938244,0.45680107212657123,0.7196641512426908
2010-04-12,0.7271763727172452,0.46657535221044366,0.7223381049601275
2010-04-13,0.7294133686270152,0.4747412241134014,0.7215492869820314
2010-04-14,0.7288132092289026,0.5093860473140276,0.7228732484923228
2010-04-15,0.7291708745616652,0.4889629436025113,0.723850632708911
2010-04-16,0.7430163775668782,0.6185019795691576,0.7248897326940504
2010-04-19,0.7359193438707455,0.6340194062323729,0.7275844145512167
2010-04-20,0.7461439251378587,0.6363353704821672,0.7284624963500537
2010-04-21,0.7407079956852327,0.6196728475944988,0.7254696154805464
2010-04-22,0.7162359250060945,0.5960405060721422,0.7226396605019169
2010-04-23,0.6879487553359354,0.573299512529235,0.7195453064847535
2010-04-26,0.6852469959722941,0.6002891463793639,0.717341985561325
2010-04-27,0.7244378999629888,0.7518345684944268,0.7275341383868144
2010-04-28,0.7338013959260419,0.7678403114762563,0.7282090191901239
2010-04-29,0.7458188790203193,0.7664553640361302,0.7305923891736436
2010-04-30,0.7546289049937878,0.794725964528928,0.7312920096900436
2010-05-03,0.7545825048801094,0.8221065051718749,0.7296119275993509
2010-05-04,0.7827274464865067,0.8607726691313435,0.7199531149167612
2010-05-05,0.7848449883701992,0.8503494804463742,0.7183853126919103
2010-05-06,0.8018220838272642,0.9131863376806408,0.7486462667225452
2010-05-07,0.8088399313421257,0.9031583771733253,0.7530125707417971
2010-05-10,0.8646204006649802,0.9583942518293072,0.7846978776464913
2010-05-11,0.8565767785564925,0.9457099753762959,0.7776182620275085
2010-05-12,0.8503683039336133,0.9332846011107288,0.7691406838876679
2010-05-13,0.8493085102540389,0.9329501269461682,0.7703445287655023
2010-05-14,0.8570415628572211,0.9384313387727303,0.7757824558197607
2010-05-17,0.852995690488375,0.9326097797882342,0.7741074725896587
2010-05-18,0.8535248333385608,0.9315374852315075,0.7763660026440427
2010-05-19,0.8529499610551926,0.9286562100009421,0.7732547161837823
2010-05-20,0.8815138731934179,0.9536715872564802,0.7956143029732683
2010-05-21,0.885868349217491,0.9622312487156757,0.7981837809497203
2010-05-24,0.8839951862411354,0.9655373864554312,0.7981457912979711
2010-05-25,0.8788583601489693,0.9650170174536647,0.7961532272717005
2010-05-26,0.8785873054972637,0.9607702400644779,0.7952693510412279
2010-05-27,0.895976795030856,0.9756529139037864,0.8111135493816759
2010-05-28,0.8994532719002462,0.9788719219934553,0.8145116137255085
2010-06-01,0.8913830538284366,0.9633971542793657,0.8100546271652053
2010-06-02,0.8956171590454557,0.9617243932420967,0.8191801312690692
2010-06-03,0.89231338757441,0.9532879379030662,0.8199329464853587
2010-06-04,0.9041548849675294,0.9655780775207752,0.8334349223009285
2010-06-07,0.9030718711008202,0.9490581334725743,0.8338634700806518
2010-06-08,0.9012770298399109,0.9507095803710458,0.8345719453694679
2010-06-09,0.9016574389005889,0.9163609537096099,0.8361454214782084
2010-06-10,0.8921133138216699,0.9101515213199555,0.8352829244120328
2010-06-11,0.8910560145985454,0.9172331792997684,0.8352274685732922
2010-06-14,0.8922622158102643,0.9185890961235278,0.8362483810464479
2010-06-15,0.8959135091638597,0.9222976760696174,0.8409411739399245
2010-06-16,0.8942950341333703,0.9264249862457963,0.8405782856086039
2010-06-17,0.8952135509591977,0.9277737873794866,0.8404005944481071
2010-06-18,0.8947222566198404,0.9278257996979481,0.8406663106330353
2010-06-21,0.8948753851669277,0.8990788673782929,0.8397120945982471
2010-06-22,0.8950069017066568,0.9053520297497165,0.8428895280566535
2010-06-23,0.8952580299953025,0.9036109824211155,0.8415703088882734
2010-06-24,0.8980201884093398,0.9145245445244744,0.8430407996558347
2010-06-25,0.8920220380462227,0.8973120656291524,0.8392728000102712
2010-06-28,0.891073569825086,0.8618064409437848,0.8377066671304058
2010-06-29,0.8972568729110788,0.8757550473738702,0.8444007045047536
2010-06-30,0.8966260514279235,0.8908885454068814,0.843979803237849
2010-07-01,0.8969835683784106,0.8699196086868999,0.8438342623741386
2010-07-02,0.897093044846349,0.8771780802965032,0.84332455752512
2010-07-06,0.8974217752627492,0.8386384451320837,0.8421008938080514
2010-07-07,0.9058789161216217,0.8817457332610255,0.8524126926791348
2010-07-08,0.9055854533772659,0.8885184431942853,0.855075503756632
2010-07-09,0.9052725556895923,0.8884952616498527,0.8572583313438812
2010-07-12,0.9013979560410158,0.8711105837094036,0.8546681810389718
2010-07-13,0.9016886040062554,0.8764673853931119,0.8557218367534405
2010-07-14,0.9020114430266971,0.8753134977604425,0.8556611396051419
2010-07-15,0.9021030324160281,0.8565597698509176,0.8561261057812704
2010-07-16,0.9048735102308082,0.878564683902821,0.8600002428804742
2010-07-19,0.9048876901173867,0.8796244087714343,0.8590980764416221
2010-07-20,0.9038153649257034,0.877021959938172,0.8608245191313063
2010-07-21,0.9056618052935406,0.874232283884881,0.8616388792193274
2010-07-22,0.9113261427375754,0.8914644996055376,0.8629642781281149
2010-07-23,0.9136036175440703,0.893883693359881,0.8626521537956167
2010-07-26,0.9158510890581993,0.8898941241389815,0.8627512909902273
2010-07-27,0.9121507515130889,0.9082376440172418,0.8624493662339366
2010-07-28,0.9109916706644895,0.9133664486590352,0.8647829675160874
2010-07-29,0.9099521503942909,0.8696434029721152,0.8663886033035342
2010-07-30,0.9082428470600079,0.8697092923206924,0.8657718609819034
2010-08-02,0.9112113853546382,0.8791482295131307,0.868640959223867
2010-08-03,0.9054510043125606,0.8611051748927987,0.8680717315983206
2010-08-04,0.9056060457472874,0.858932673008365,0.8686699721041898
2010-08-05,0.8950109861245974,0.8193203334204948,0.8632816209200013
2010-08-06,0.8954227982467284,0.820093614613476,0.8646582199426333
2010-08-09,0.8776319810686101,0.8215634225408613,0.8659158673182086
2010-08-10,0.8745860351093201,0.8303488770496067,0.8614902560711064
2010-08-11,0.8833552431961195,0.8623917640550707,0.8662462616935327
2010-08-12,0.8829057298813908,0.8625551994538908,0.8650541885825722
2010-08-13,0.8800736641186006,0.8629594163553889,0.8649756264452976
2010-08-16,0.8826976738467873,0.8336566769099073,0.8650418667029646
2010-08-17,0.883332398737096,0.8382389504052309,0.865157241089281
2010-08-18,0.8826905295403356,0.8378380450342061,0.8643121381825457
2010-08-19,0.8717338374282346,0.8532381835946405,0.8666324142198149
2010-08-20,0.8719183705187316,0.8349240496992759,0.8680138267855207
2010-08-23,0.8704982507705643,0.8281973997384161,0.8657485800373262
2010-08-24,0.874496605059306,0.8234762670441835,0.8656795931565797
2010-08-25,0.8733677366153529,0.8332452814701357,0.8648671375119915
2010-08-26,0.8586336937696216,0.8358987083522093,0.8650975848522102
2010-08-27,0.8570692710050921,0.8556580756724177,0.8649189756858726
2010-08-30,0.8677053137736811,0.8662399295437284,0.8661399328573968
2010-08-31,0.8607745816372929,0.8106813196121401,0.8656666898799359
2010-09-01,0.874625761254048,0.884209480614713,0.8712814161095004
2010-09-02,0.8607692912136419,0.892763604438224,0.8707289791984846
2010-09-03,0.8638289734372306,0.8970283302515852,0.8717751053761422
2010-09-07,0.868202791481926,0.9004295924911618,0.8723507467513113
2010-09-08,0.8684897014442046,0.9017381409088105,0.8729618153866436
2010-09-09,0.861409672328917,0.9012277116455224,0.8719077667825083
2010-09-10,0.8621684753790964,0.8700174330043093,0.871742705176675
2010-09-13,0.8610264862883689,0.8651821035366702,0.8721065350041173
2010-09-14,0.8545883235640195,0.8632790688250919,0.8715648449296665
2010-09-15,0.8545883802951796,0.8590423948462591,0.8706032855349952
2010-09-16,0.8553155778398313,0.8584800029814231,0.8716426508060872
2010-09-17,0.8549772246882468,0.858610280971929,0.870981967218962
2010-09-20,0.8594080335869978,0.8445451049618288,0.8726665799293102
2010-09-21,0.8578806991983036,0.8429241021837618,0.8725964758645495
2010-09-22,0.8572810882424466,0.8508770991130011,0.8726645412197195
2010-09-23,0.8539153873510218,0.8475982031532604,0.8736892127520939
2010-09-24,0.8702336624249235,0.8688234797137518,0.8763032978315947
2010-09-27,0.8733256755474933,0.8716710779789805,0.8771823209109079
2010-09-28,0.8590785203863021,0.8740419206451545,0.8767430916675856
2010-09-29,0.8580555080464155,0.8468552536716897,0.8761648417881267
2010-09-30,0.8586017324284734,0.8612251378366008,0.8770425334044075
2010-10-01,0.8568171065249396,0.7796551087956426,0.8771610525900807
2010-10-04,0.8573283234966786,0.7748692795566361,0.8773379870281732
2010-10-05,0.8477682564662034,0.8068482623332632,0.8792664680520168
2010-10-06,0.8461557393957574,0.768581829159543,0.8785012289308085
2010-10-07,0.8454140564458694,0.7635098826933979,0.8779413885452049
2010-10-08,0.8475840993127254,0.7734543649546521,0.8757149183947375
2010-10-11,0.846792567347326,0.7824449858142819,0.8760136488301267
2010-10-12,0.8463252177536825,0.7839024929784607,0.8764477147156748
2010-10-13,0.8451402764902098,0.7829871585438546,0.8765292144528697
2010-10-14,0.8293206168277548,0.7922538224223538,0.875661079578502
2010-10-15,0.817520829621915,0.7488130992955166,0.8721385806698211
2010-10-18,0.8137497298822242,0.7274306180195753,0.87004027280828
2010-10-19,0.8019500245788456,0.6682400937086129,0.8688243519667576
2010-10-20,0.7942975698009787,0.6747059984654645,0.8704989490883179
2010-10-21,0.7951804887986692,0.6733973647375925,0.8718069948924488
2010-10-22,0.7928239936268409,0.6596017727697733,0.8728984873394839
2010-10-25,0.7964099837106816,0.5751239468001927,0.8699104466630417
2010-10-26,0.7956892480499869,0.5616699083095422,0.8695686481076902
2010-10-27,0.7989995087364752,0.5662005026817686,0.8701254248031133
2010-10-28,0.799846793299502,0.5712827739093186,0.8690810417035043
2010-10-29,0.7822344773362091,0.5624808066413428,0.8686185797353222
2010-11-01,0.7874441718091636,0.5670176872841473,0.8659511875033156
2010-11-02,0.7887176465723432,0.548672447816409,0.8667727278569534
2010-11-03,0.7896452324326753,0.3900069527975254,0.8573312117423036
2010-11-04,0.7946155966236673,0.5243290284494352,0.8587081997033152
2010-11-05,0.7845215353360827,0.48833279498936444,0.8429508903330322
2010-11-08,0.7897207059997794,0.4991393604372428,0.8422427916431826
2010-11-09,0.7596730796996695,0.5261974280821001,0.8444600917681271
2010-11-10,0.7576955888340177,0.5224797627994324,0.8434596136535866
2010-11-11,0.7488938815926985,0.4973620059187484,0.8379042241569941
2010-11-12,0.7535932547647921,0.5417391307169604,0.8400591485598049
2010-11-15,0.7512751693667056,0.5905980364385874,0.8399645090662751
2010-11-16,0.7637386848186641,0.6687452120584588,0.8418984766187891
2010-11-17,0.7464238946741952,0.6797025805829814,0.8287318568529009
2010-11-18,0.7489785156572286,0.6922373017163508,0.8289195510009325
2010-11-19,0.7525002566991399,0.6970101448693279,0.8288074538335393
2010-11-22,0.7393916907333142,0.6817760949935101,0.8303256768950515
2010-11-23,0.7503485903869256,0.7158847162269859,0.8313344918702305
2010-11-24,0.7543934600436054,0.7395746051445623,0.8218786536138185
2010-11-26,0.7657739005244345,0.7802520155485074,0.8235268891643271
2010-11-29,0.7533163128210242,0.7849821562856358,0.8285377488816633
2010-11-30,0.756904927246368,0.7880616462129402,0.8240400016349724
2010-12-01,0.7370189641204927,0.820459283796387,0.8294628826902932
2010-12-02,0.7380179360686555,0.830389758766686,0.8161353485467985
2010-12-03,0.7340382518262734,0.833534684126521,0.8173730512558751
2010-12-06,0.7271586590526375,0.8190347138817602,0.8195960939319764
2010-12-07,0.7243269903815086,0.8401956953668697,0.8188626968693715
2010-12-08,0.7164001952328156,0.816872879027747,0.8076101324264705
2010-12-09,0.7172844367415303,0.8187426994978313,0.8086741259037726
2010-12-10,0.7182470979716525,0.826358429516939,0.8091390585266637
2010-12-13,0.7185088707905227,0.8480173875852813,0.8039532369059122
2010-12-14,0.7164308082033789,0.8271907142160293,0.8032166452772662
2010-12-15,0.7203338671510046,0.8315575937631944,0.8050278717035296
2010-12-16,0.7220596069532387,0.7994267425521939,0.8054840224983557
2010-12-17,0.711044211440149,0.8032280618955462,0.8058325802882494
2010-12-20,0.7116760601583737,0.7996044737314424,0.8045753823426391
2010-12-21,0.7110912143371806,0.7896980271823839,0.8037922570744068
2010-12-22,0.7072566414040083,0.8079739899623622,0.800639700806145
2010-12-23,0.6862734215508625,0.7705029440071332,0.8077303306628741
2010-12-27,0.6827676984831587,0.7511384600221003,0.8094799960362754
2010-12-28,0.6845433057514055,0.6456112437797299,0.7964004345583531
2010-12-29,0.6867949899974093,0.6540548737033303,0.7962069967942578
2010-12-30,0.6854061131163807,0.6400413307010338,0.7961091166195043
2010-12-31,0.6880096975020832,0.441205860644214,0.7962474933416992
2011-01-03,0.686231650412061,0.3886299364110307,0.7966285684680846
2011-01-04,0.6555785302482791,0.37102489054890514,0.7814083403737707
2011-01-05,0.6597963206703067,0.3692138152470826,0.7816003260312308
2011-01-06,0.6570233346313562,0.36982328379394286,0.7797877971362966
2011-01-07,0.6548892277562972,0.404668031527962,0.7778600873323656
2011-01-10,0.6554478721622662,0.41306383546803993,0.7763186627231788
2011-01-11,0.6546316618831661,0.3774280380161318,0.7758768286389746
2011-01-12,0.6576035954104855,0.43441196930785003,0.7759508177001753
2011-01-13,0.6601878951078344,0.4775131598462371,0.7627634948357574
2011-01-14,0.6829838243288506,0.4547102248006289,0.7633505786915254
2011-01-18,0.6906418729537934,0.45217073757047577,0.76402518429849
2011-01-19,0.7013191589250957,0.5509464115144775,0.7621608622316579
2011-01-20,0.694365497163924,0.5234790010736917,0.7542885588652438
2011-01-21,0.6920833301802709,0.5025132735021358,0.7534101130739554
2011-01-24,0.688717347094003,0.49431222366719446,0.7504312036646664
2011-01-25,0.6897690055806215,0.48686092070513415,0.7532460367051703
2011-01-26,0.6813270757200218,0.4593632910559017,0.7487337763540918
2011-01-27,0.6741175348274767,0.4296622676611005,0.7479352066008724
2011-01-28,0.691334617654617,0.5698221497732988,0.752441669796162
2011-01-31,0.6844935739912846,0.5530583681769722,0.7364725979350049
2011-02-01,0.7016893154681443,0.6196583238426848,0.745563283848976
2011-02-02,0.7018414688841925,0.6056562084335974,0.7459930808922887
2011-02-03,0.6999282353497936,0.6057727199690294,0.7457909893903658
2011-02-04,0.6796210259975898,0.5966586829882471,0.7451636162336216
2011-02-07,0.6921075235675709,0.607303342710518,0.7448102717585884
2011-02-08,0.6882842909140089,0.6047833792432035,0.7411729182501556
2011-02-09,0.6829685713227576,0.5938470841928583,0.7187992706242537
2011-02-10,0.6839812279929226,0.5957122702966228,0.7179922677443719
2011-02-11,0.6941500348149159,0.5866636527950095,0.717556032022041
2011-02-14,0.6751076125864403,0.5609912826234917,0.7136606577255816
2011-02-15,0.675222328116876,0.5619379584361952,0.7121389899541894
2011-02-16,0.6523785196902845,0.5752310965600982,0.7147034494860705
2011-02-17,0.6521603392407749,0.5430794674514102,0.7020763706490948
2011-02-18,0.6428000436496556,0.552036736299874,0.7018130166883138
2011-02-22,0.674355673578636,0.6622517533128738,0.7136545557833148
2011-02-23,0.6689037969593062,0.6481982411573435,0.7016204086268006
2011-02-24,0.6427137845907329,0.6348004303516316,0.7005094873576775
2011-02-25,0.6382767769105004,0.6691221530834132,0.7019636942162549
2011-02-28,0.6096622728681339,0.6875289253153379,0.6987867165888305
2011-03-01,0.643352841070729,0.7007639820200531,0.700997517732001
2011-03-02,0.6374343261992129,0.7116490008202788,0.7013764032142918
2011-03-03,0.6220121064570744,0.7057649625063083,0.6826242685416445
2011-03-04,0.620493711043674,0.721082909943466,0.6835388848271213
2011-03-07,0.6248840056291748,0.7291294036063105,0.681793698206217
2011-03-08,0.6169024841792303,0.7132478363497418,0.6726935071642163
2011-03-09,0.6154754238277765,0.705938900703473,0.6700350904367768
2011-03-10,0.6520092008220095,0.7393365133353522,0.6821577742659077
2011-03-11,0.6543715535814869,0.7518384452929848,0.6835433172289547
2011-03-14,0.653412179013796,0.7496420821082264,0.6839590853341344
2011-03-15,0.6636555866939136,0.7568099559704682,0.6893031844249254
2011-03-16,0.6899423765483764,0.7852038217797442,0.7002492240578748
2011-03-17,0.6983317513162869,0.8088307629572671,0.7049776687075757
2011-03-18,0.6935363032079493,0.7906451794624121,0.7038731259673752
2011-03-21,0.7026140723596971,0.8056509717115833,0.7016841061785998
2011-03-22,0.702965818259906,0.8040911001247386,0.7026227525052676
2011-03-23,0.7039968917259256,0.7951895912588355,0.7033519393773118
2011-03-24,0.7045236664874047,0.818825205537573,0.7023109267485007
2011-03-25,0.7054687989848545,0.8303793887853899,0.6924598197062178
2011-03-28,0.708401706069462,0.8233063189778786,0.6925853975225842
2011-03-29,0.7093961315497355,0.8258796879536952,0.69391145391193
2011-03-30,0.7116265247610971,0.8110734507122005,0.6959401854419841
2011-03-31,0.7111466758111055,0.8168627528029752,0.6950460673734479
2011-04-01,0.709132005304018,0.7996254122765288,0.6950496360998027
2011-04-04,0.707445692299533,0.7957803729381681,0.6928528869571604
2011-04-05,0.7091806416898233,0.7915007234360791,0.6805590847822764
2011-04-06,0.7032773790343448,0.8034050110596734,0.6788973483005274
2011-04-07,0.7080863647910168,0.8148963745386033,0.6802244989269812
2011-04-08,0.7052164577205555,0.7677421142670984,0.6775496613957903
2011-04-11,0.6980686914706851,0.74214141151025,0.6736264809032113
2011-04-12,0.6947672457954385,0.7316184908203803,0.6720260522355572
2011-04-13,0.6909306996013709,0.6982309845322581,0.6707838623346849
2011-04-14,0.6874620212921114,0.5944909385078346,0.6700631023710464
2011-04-15,0.6862498798254754,0.5299240066254438,0.678414451273074
2011-04-18,0.6958189746250472,0.6292946573175705,0.6888230117304459
2011-04-19,0.6967574867135922,0.5543954535152438,0.6919398814105724
2011-04-20,0.7032888117685032,0.5919780115634612,0.6915651126914045
2011-04-21,0.7067173149227984,0.5976130532938602,0.6923454341485656
2011-04-25,0.709061805622216,0.5889057704099575,0.6927323727526985
2011-04-26,0.7097314477281595,0.5963674005720936,0.6931517908510717
2011-04-27,0.7168965926970113,0.5984046308127006,0.6938625769789648
2011-04-28,0.7218524469858465,0.5814993154767967,0.693622991908883
2011-04-29,0.7111480528953003,0.555302693244824,0.692880052289113
2011-05-02,0.7138188422161467,0.5446636196764069,0.6903659640477616
2011-05-03,0.6930572806183816,0.5371602826174081,0.6870016195424904
2011-05-04,0.6956735063613061,0.5601307660388073,0.6871233247289181
2011-05-05,0.7006823964949069,0.5993814849673078,0.6898880364392463
2011-05-06,0.7033039590738777,0.6264027749539762,0.6825736321695853
2011-05-09,0.7014570917489316,0.614651950468218,0.6874515578756285
2011-05-10,0.7039964800425987,0.6414720451149075,0.6890099459486302
2011-05-11,0.7074674575328367,0.6772081798678861,0.6893047306609296
2011-05-12,0.7035936330816291,0.6520159584546769,0.686965242947868
2011-05-13,0.7044345705053134,0.6582995043110276,0.6917616563010701
2011-05-16,0.7108310793556528,0.667470313301274,0.6882314166237015
2011-05-17,0.7059429197410617,0.6520159556172567,0.685664021215495
2011-05-18,0.7058904780226025,0.622752118806581,0.6783632189374695
2011-05-19,0.7062771788018353,0.6148511359121854,0.6788565588912108
2011-05-20,0.7093661652012756,0.6050576446061904,0.6780920029897266
2011-05-23,0.7022373204788812,0.6240941206554187,0.6816908898218823
2011-05-24,0.7119911344652028,0.608283783631771,0.6830765006567685
2011-05-25,0.7110388950875074,0.5754374106839945,0.6735279660935418
2011-05-26,0.7063170103154195,0.5678912695725498,0.6687873361893534
2011-05-27,0.705014454337168,0.5727358447532744,0.6591281005706529
2011-05-31,0.6944924030527198,0.6103937027150282,0.6625795523499318
2011-06-01,0.7230948108520129,0.7114995920215818,0.6807632316788323
2011-06-02,0.7055598504043445,0.7201403511365796,0.6642719955746514
2011-06-03,0.7040854357408848,0.7228564698499861,0.6634474407219433
2011-06-06,0.7064946129468834,0.7232517716851325,0.6658232350090023
2011-06-07,0.7151220179804373,0.7191626195588837,0.6662761307336029
2011-06-08,0.7164082904702631,0.7210676049745426,0.6665394052336397
2011-06-09,0.6952373105402929,0.7174672186522282,0.6692534698384215
2011-06-10,0.701044105618986,0.7379930748933349,0.674522142701799
2011-06-13,0.6961652049451462,0.7371126355025515,0.6702528675800702
2011-06-14,0.6993609627391119,0.764840414063758,0.6746650067867537
2011-06-15,0.7031760035536234,0.8004982330011674,0.6875040771857276
2011-06-16,0.6907353696604029,0.8099045433145842,0.6856233984742299
2011-06-17,0.6936737041894907,0.7966017487522623,0.6842414096140007
2011-06-20,0.6818917283953106,0.7940612165045879,0.6843179928262036
2011-06-21,0.6887450516039884,0.8020714420529703,0.687672585151995
2011-06-22,0.6910970809635989,0.8033041858522311,0.6901909486502892
2011-06-23,0.6823279105179811,0.7936570976068544,0.687410256911904
2011-06-24,0.6860284566518069,0.8051387271108644,0.6898940415497038
2011-06-27,0.6904985722970955,0.8094219918182508,0.6930255632738487
2011-06-28,0.694573792659678,0.8119246748580231,0.6953625952018815
2011-06-29,0.6898708818826911,0.8002639730774226,0.6954701145789619
2011-06-30,0.6940200782177833,0.7718587414729268,0.6969322493640496
2011-07-01,0.7065423094443583,0.796146538261347,0.7020587333759633
2011-07-05,0.7039976681470479,0.7846630261838493,0.6998864290315037
2011-07-06,0.7037025920900988,0.770988615098103,0.7000357441700733
2011-07-07,0.7108716007048328,0.7698688231764746,0.701401959123594
2011-07-08,0.7121479325528519,0.779496700978111,0.7040764212198858
2011-07-11,0.7286913026425309,0.8133390194080505,0.7126366205122849
2011-07-12,0.7336965048846956,0.7985026115394039,0.7121147977797289
2011-07-13,0.7396916871591274,0.8175798401843044,0.7134548743812119
2011-07-14,0.7441076395329922,0.8189678655747834,0.7141453671979463
2011-07-15,0.7389811864451667,0.754251523753353,0.7101787875941997
2011-07-18,0.7433957947044192,0.7798703472532038,0.7119957887080199
2011-07-19,0.7459118087658558,0.8078978966929794,0.7175539238966654
2011-07-20,0.7400424864394187,0.8034801353290836,0.7147382636336367
2011-07-21,0.7439794489900291,0.7931642698995216,0.7191452192341807
2011-07-22,0.7380284317350285,0.7767906116863581,0.7180359650026178
2011-07-25,0.7379586672342695,0.7954934684758515,0.7194009378682041
2011-07-26,0.7335596109761306,0.7816680348694776,0.7171160960142339
2011-07-27,0.7471955955210151,0.8155360644905892,0.7290727794130972
2011-07-28,0.7483847811295743,0.8185469767656928,0.7316807688901962
2011-07-29,0.7510995088260533,0.8219267947838867,0.7306103619383656
2011-08-01,0.751945383810528,0.8068515988420679,0.7316954842013651
2011-08-02,0.7825853254626489,0.8329726250638712,0.7404443601255305
2011-08-03,0.7838635278128637,0.8365404606628328,0.74064572731072
2011-08-04,0.8346887366290398,0.9085111856987661,0.7808524472407674
2011-08-05,0.8230471410112044,0.8812377351448917,0.7750577386123056
2011-08-08,0.8722252741337304,0.925124866539937,0.8202576028944444
2011-08-09,0.8828855811129175,0.9322266272465205,0.8341721061386066
2011-08-10,0.893085584752108,0.9353732958070151,0.8443387336221263
2011-08-11,0.9100241892990849,0.9490835170023364,0.8594558021942049
2011-08-12,0.9072344466735396,0.9433657950098298,0.8572834657776316
2011-08-15,0.9085660730206303,0.9466692008058295,0.8597961581408193
2011-08-16,0.9084472524289074,0.9446343317056353,0.8590784785768927
2011-08-17,0.9078448627288315,0.943595208346359,0.8580556608760228
2011-08-18,0.9091820907280505,0.9418984009119674,0.8634051268124673
2011-08-19,0.9092706896688937,0.9389676795476494,0.8644747492691679
2011-08-22,0.9086567195577412,0.9409388623730258,0.8635709082747869
2011-08-23,0.9105798854696117,0.9412831878969171,0.8698166836059528
2011-08-24,0.9116647986602159,0.943631085634596,0.8707560161976976
2011-08-25,0.9103305519252917,0.9413819933150688,0.8695995938762057
2011-08-26,0.9089776295790939,0.9391315041478521,0.8689906412684567
2011-08-29,0.9133189398766279,0.9450169333275803,0.8728741881250451
2011-08-30,0.9112297362175006,0.9461517151794585,0.8729207019583859
2011-08-31,0.9114337399494543,0.9436783319936543,0.8715118143294021
2011-09-01,0.9113288431310905,0.9429179544814613,0.8707032312014401
2011-09-02,0.9123169968897169,0.937909966304122,0.8722046236736176
2011-09-06,0.9119584253804957,0.9425034927907798,0.8737896802275361
2011-09-07,0.9121999476318372,0.9247014485602402,0.8750426593087992
2011-09-08,0.9156243893591082,0.927025897963333,0.8775599869463715
2011-09-09,0.9169018120751918,0.9174105462013857,0.879128735171139
2011-09-12,0.9178369238633656,0.8903095026006607,0.8792339014716736
2011-09-13,0.9176109351282244,0.8967310642933631,0.8790516857965494
2011-09-14,0.9180748840492522,0.9049192291631086,0.8799965144968056
2011-09-15,0.9201373333460515,0.9115322001360285,0.8810240045371073
2011-09-16,0.920016120008469,0.9119325731917145,0.8813227828316927
2011-09-19,0.9192612292915999,0.8969983709336763,0.8806666884142101
2011-09-20,0.9180600436855834,0.8850546067644758,0.8795098040996865
2011-09-21,0.9159714760800872,0.8898523769717854,0.8787837892362103
2011-09-22,0.9196674349173989,0.8995456391607847,0.8828038176232313
2011-09-23,0.918825318170355,0.8949019285860842,0.881269367105023
2011-09-26,0.9178348220577812,0.8989584884423174,0.8815451410891718
2011-09-27,0.9188194464716642,0.9029174311812115,0.8816902374265072
2011-09-28,0.9182635382353711,0.883963184941748,0.8811014893235637
2011-09-29,0.914612137237824,0.8716322463203416,0.8782099663066619
2011-09-30,0.9148567994973037,0.8816448809462664,0.8802407566253584
2011-10-03,0.9162390844361861,0.8894642318684084,0.8818303610694014
2011-10-04,0.91332692426997,0.8782936826110522,0.8797988259910307
2011-10-05,0.9129009819010699,0.8781803927763763,0.8804826399727437
2011-10-06,0.9127545316623988,0.8742781240845791,0.8805610216196538
2011-10-07,0.913262976274239,0.8693094356491228,0.8823604559467215
2011-10-10,0.9173748425115068,0.8815849860648933,0.8875255552950057
2011-10-11,0.9169246435724814,0.8822851367849377,0.888711014298448
2011-10-12,0.9160988799306233,0.880969699619377,0.888295782018746
2011-10-13,0.915698245734826,0.868625881452103,0.8865931714341313
2011-10-14,0.9145415022984423,0.8615776348140478,0.8865753668205081
2011-10-17,0.9150464031858702,0.8688716823108782,0.8866984422666153
2011-10-18,0.9127459684866183,0.8641018632445625,0.8841542047027496
2011-10-19,0.9113719549599639,0.8671806883569161,0.8847884808301424
2011-10-20,0.9114785200588624,0.8617535791387209,0.8838854226009308
2011-10-21,0.9123574139222833,0.8396112317972727,0.8845541877325448
2011-10-24,0.9112893347863341,0.8386850121970132,0.8832525865301987
2011-10-25,0.9120002597765081,0.8446062525213739,0.884302572937823
2011-10-26,0.9114829125661211,0.8432428547964653,0.8841394748963898
2011-10-27,0.9141345802574572,0.8608125889703014,0.8874441777045506
2011-10-28,0.9143594307607674,0.8725826280860094,0.887751258691534
2011-10-31,0.9128567728597189,0.8657556782607247,0.889442340893923
2011-11-01,0.9141440809675321,0.8641290478007159,0.8909361575836479
2011-11-02,0.9080416948032815,0.868005381444223,0.890342673741799
2011-11-03,0.9104298789226781,0.8681507598063809,0.8901250431501453
2011-11-04,0.8962021697698394,0.8681767065371132,0.8904888873564922
2011-11-07,0.8945972420735948,0.8807941907571851,0.8934382257715134
2011-11-08,0.8877256593516468,0.8628571921177994,0.8949684794398731
2011-11-09,0.8854556191959349,0.892891410491,0.8996785049886848
2011-11-10,0.8877763734207882,0.8949148955782678,0.9000091311834034
2011-11-11,0.8883364285430352,0.9042171934182426,0.9006444842552487
2011-11-14,0.8884823749225123,0.9049967843577732,0.9009775882383942
2011-11-15,0.8883372915272546,0.8968554860211005,0.9006168864841331
2011-11-16,0.8844066714597396,0.9049023870796808,0.9005467177283863
2011-11-17,0.8836776276636005,0.9078506867423431,0.9002335727273173
2011-11-18,0.8835851933516781,0.9081922307072725,0.8998656977581777
2011-11-21,0.8850485656581756,0.9125093364271177,0.9012471227822638
2011-11-22,0.8846208465633613,0.9202489536938848,0.9016367518256961
2011-11-23,0.8885756443405952,0.9232920177738653,0.9027128399325626
2011-11-25,0.8892881971692327,0.9229714983175568,0.9023402606991499
2011-11-28,0.8853959234082156,0.9143336148285552,0.9032545999333179
2011-11-29,0.8835641474928964,0.9124632738258183,0.9010200992302236
2011-11-30,0.888366002224031,0.9200696593159327,0.9029268473977757
2011-12-01,0.8885469288308286,0.9120232729801427,0.9032076331754951
2011-12-02,0.8837400229065551,0.9074229229664995,0.901958705704383
2011-12-05,0.8841973578040304,0.9098870041598467,0.9022923538869705
2011-12-06,0.8822915777165061,0.9112933948149997,0.9025456453692421
2011-12-07,0.8860303298798984,0.9140154798299215,0.9056151520994931
2011-12-08,0.8866215991902804,0.9142255814185368,0.9067120465497248
2011-12-09,0.888433226590876,0.8927218220343612,0.9079133882081729
2011-12-12,0.8900360509101823,0.896550714482089,0.9082466590302225
2011-12-13,0.8884690947487126,0.8950450721309751,0.9073790054443108
2011-12-14,0.8843755017898874,0.8910017817607379,0.9066672931547153
2011-12-15,0.883840234647049,0.8907654249434088,0.9061292333371248
2011-12-16,0.8840917889787371,0.8874862084591075,0.9060894845112899
2011-12-19,0.8859930405620003,0.8837735373366027,0.906121653031702
2011-12-20,0.8919724762078106,0.9077460857370401,0.9085979228672525
2011-12-21,0.8799018483399527,0.8822256769827324,0.9068612818314644
2011-12-22,0.8818436433066662,0.879175993500571,0.9068147732393774
2011-12-23,0.8809954164999991,0.8606115871210496,0.9072158821218623
2011-12-27,0.8811604193555713,0.8621791305933056,0.9077668002281453
2011-12-28,0.8840063182098062,0.867321296078458,0.9087227078071043
2011-12-29,0.8896129367510545,0.8812769224714496,0.9094006361105873
2011-12-30,0.8861475255625677,0.8557677718052309,0.909136451025249
2012-01-03,0.8800732624546025,0.8530039402127088,0.9087796800757657
2012-01-04,0.8825302793659573,0.8640191287836418,0.9087466405800033
2012-01-05,0.8826519003825855,0.8555526159761822,0.9084647737598637
2012-01-06,0.8822510708418063,0.8543454577887291,0.9082145413260763
2012-01-09,0.8869883867388136,0.8589685762996375,0.9065979962122394
2012-01-10,0.8788414382379108,0.8391028176947255,0.9069540365348945
2012-01-11,0.877281643687082,0.8190544547133561,0.9061220834660908
2012-01-12,0.8773720679687512,0.7985659252845847,0.9056518463323682
2012-01-13,0.8837608718940263,0.8042465124724639,0.9072794759000052
2012-01-17,0.8844039186557137,0.795721041974323,0.9069536760069984
2012-01-18,0.8820243529435042,0.8135088463374598,0.9070261663522476
2012-01-19,0.8853114590615071,0.8113573535274691,0.907148403241207
2012-01-20,0.8852037107064309,0.7782010101695946,0.9068888649814849
2012-01-23,0.8876830854410435,0.6643517304941228,0.9075958534809425
2012-01-24,0.8872085853071364,0.7761692120002868,0.9075980546488154
2012-01-25,0.8901267859205477,0.7600999188866706,0.9079246611450619
2012-01-26,0.8868198738243422,0.7478016749708272,0.9074478551269247
2012-01-27,0.887097564089906,0.7486890715585155,0.9070656162635342
2012-01-30,0.8767183085678472,0.6755866459335546,0.9068445535245534
2012-01-31,0.8777553388352156,0.639863654105896,0.9074939056165956
2012-02-01,0.8751623178089559,0.6188433570149785,0.906251632157523
2012-02-02,0.8662416530172254,0.5457941115535057,0.9063145391966558
2012-02-03,0.8671335845047579,0.61557929247041,0.9015717237293758
2012-02-06,0.865347598926307,0.609260288511606,0.9033435305093065
2012-02-07,0.8658680004569228,0.5925163075029106,0.8909469652668057
2012-02-08,0.8676681272490556,0.602154683562036,0.888082686936021
2012-02-09,0.8626596715376071,0.5710767833892145,0.8821849023355539
2012-02-10,0.8416372945625006,0.6372772042053131,0.8753106527087163
2012-02-13,0.8437112135284215,0.6657141816438923,0.8774899411683044
2012-02-14,0.8418172091001023,0.6380964173086046,0.8770697682314615
2012-02-15,0.841829156783292,0.6582509973160087,0.8774480624992514
2012-02-16,0.8457781930114363,0.6685852580444914,0.8783482285065654
2012-02-17,0.8433675438389768,0.6665727352485954,0.8742471043051254
2012-02-21,0.836667807790497,0.6584074307305238,0.8721613397451293
2012-02-22,0.8389937015535839,0.6420568526147732,0.8729939710687677
2012-02-23,0.8302845391640684,0.647739922396543,0.8723426401495751
2012-02-24,0.8295161167769027,0.6461052067249995,0.872065899683212
2012-02-27,0.8123996940894244,0.6416412755093103,0.8724127439447883
2012-02-28,0.8131413231076006,0.649144584901363,0.8731625728308161
2012-02-29,0.7981035637884055,0.6336702618536295,0.8679222484285692
2012-03-01,0.8050565789531429,0.62759043493677,0.8680190787627404
2012-03-02,0.7637464614010325,0.6223153279257975,0.8686598278346699
2012-03-05,0.7635018044046669,0.6236967090844189,0.8685016685887341
2012-03-06,0.7819081052983783,0.6629310468342204,0.8669229207364733
2012-03-07,0.7773055893567963,0.6881596900098942,0.8665696480943121
2012-03-08,0.7802311403215884,0.7168121715776311,0.8649947392606295
2012-03-09,0.7833084108203827,0.7197971444149873,0.8647121379585625
2012-03-12,0.7578654214866516,0.7300573549922266,0.8621224065396546
2012-03-13,0.7545458589774944,0.7494859760213912,0.8629331971741256
2012-03-14,0.7388665309836284,0.7252172070613093,0.8626809733855995
2012-03-15,0.7340682599813843,0.7248484658596649,0.8614474649920564
2012-03-16,0.730511179844794,0.701720190362385,0.8589995998033363
2012-03-19,0.7398994781722437,0.6807294691714234,0.859775379060246
2012-03-20,0.7373682301364967,0.6739033607093456,0.8592275648197655
2012-03-21,0.7287634177909931,0.6941831086422805,0.86055310326277
2012-03-22,0.6611108168428398,0.7093007963404615,0.8589912095048685
2012-03-23,0.6947152007342513,0.6965952598578041,0.8517776714947012
2012-03-26,0.7100345366247418,0.7452445824031554,0.8549008531923037
2012-03-27,0.7049737303242213,0.7475849693748353,0.8534064139517188
2012-03-28,0.7076348678352935,0.7524285490047957,0.8534454523769157
2012-03-29,0.6791448529352966,0.7519876531522016,0.8529656903949071
2012-03-30,0.6632996584920535,0.7472427362858408,0.8560422237352976
2012-04-02,0.6562078849170807,0.7392133805173662,0.8511182850844268
2012-04-03,0.650112873984541,0.7529582605831255,0.846075445421481
2012-04-04,0.6696087269792192,0.736251521087292,0.8493901662937351
2012-04-05,0.6716069045933657,0.732967073217001,0.8496001881437069
2012-04-09,0.6876197616736193,0.7496350037502555,0.8499706728487353
2012-04-10,0.7193630526674241,0.7945843546608226,0.8572937787533479
2012-04-11,0.7198871795140828,0.8097932396981615,0.8486992571645622
2012-04-12,0.7325617822011066,0.7952891587955285,0.8491008237795442
2012-04-13,0.7416779284372859,0.8064909512291087,0.8502548223488334
2012-04-16,0.7261564243659895,0.7818272919867366,0.8522205102035338
2012-04-17,0.734505337652284,0.8055453208464156,0.8523486901532858
2012-04-18,0.7299621472357396,0.8041712352929908,0.8500494804019365
2012-04-19,0.7324930059322541,0.8147827157375155,0.8528157830583706
2012-04-20,0.7245241007484274,0.8032926101318074,0.8514272867912318
2012-04-23,0.7214396081736288,0.7999456540970803,0.8517385003489147
2012-04-24,0.7174366114979249,0.7942502782197806,0.8495906729801377
2012-04-25,0.7160960063441023,0.7544949224721653,0.8498689850138049
2012-04-26,0.7154655672189828,0.75709573586323,0.8462733988564863
2012-04-27,0.7163787635639602,0.7587668264061332,0.8467652731198716
2012-04-30,0.7146861671578755,0.755846597582995,0.8358920029667744
2012-05-01,0.7157598317847998,0.7621358165580205,0.8369730800937586
2012-05-02,0.7106462072223373,0.7469107021260072,0.8325717047366755
2012-05-03,0.717072559330626,0.7511474522129677,0.8252147607948067
2012-05-04,0.7259591985952025,0.7643713942215384,0.8277495849664152
2012-05-07,0.7298523975710042,0.7685163635808224,0.8263362855908688
2012-05-08,0.7300352518044694,0.7604324777015539,0.8268521201469899
2012-05-09,0.73128407180334,0.7246067116743788,0.8284397215070638
2012-05-10,0.730431691616947,0.7062507260498857,0.8241328168219905
2012-05-11,0.7244003271032079,0.6855846103271371,0.80491405966426
2012-05-14,0.7293799917485126,0.6936350776021522,0.8074870280176917
2012-05-15,0.7323660915646735,0.7096434866241682,0.8059930041582761
2012-05-16,0.7283108771132186,0.6486719492717862,0.8044043082733018
2012-05-17,0.7296991651335352,0.6775009031890116,0.8075253919185804
2012-05-18,0.7353726564326849,0.6902033816849943,0.8078666120104622
2012-05-21,0.7552561157629759,0.7692617019936996,0.807527718701891
2012-05-22,0.7552160505010821,0.7803447980558033,0.8082375735760263
2012-05-23,0.7505977692966985,0.7844473144753011,0.801891512109663
2012-05-24,0.7459990348201943,0.7585458903177259,0.7995708144831828
2012-05-25,0.7474042886776802,0.7527519801648752,0.7898999285487476
2012-05-29,0.7575289441766063,0.7992808672932425,0.793307326827204
2012-05-30,0.7665263109518867,0.8174711000987279,0.7866142520791166
2012-05-31,0.7646920921831211,0.7938812922602847,0.7893145928958604
2012-06-01,0.7857859404493726,0.842391669755915,0.7769401206966217
2012-06-04,0.7833510445256443,0.8309094602918717,0.7755105608619292
2012-06-05,0.782067430699114,0.8356025785433692,0.7817981535724566
2012-06-06,0.7991695719827197,0.8715886019482609,0.7881744680486239
2012-06-07,0.7944488519399128,0.8688748468421882,0.7873511471665405
2012-06-08,0.7937793490199496,0.8690134416455143,0.7878143654805653
2012-06-11,0.8012304111507181,0.8905826384886351,0.7833859547448574
2012-06-12,0.8029616891715263,0.9008222893782123,0.7820964151836537
2012-06-13,0.8066376032177065,0.8919453968713918,0.7786158383076883
2012-06-14,0.8077673601986131,0.8889334583847484,0.7775042437673033
2012-06-15,0.814558278976318,0.9007249068130946,0.7803422590536435
2012-06-18,0.8112404732560821,0.8851203850035634,0.7815090808344735
2012-06-19,0.8158547786853899,0.8706808252530204,0.783079192511706
2012-06-20,0.8140930775219285,0.8614243896960808,0.7805966099441387
2012-06-21,0.8320825851359084,0.897938981832797,0.7727758169683547
2012-06-22,0.8352112486873178,0.9060831744931233,0.7847396724522481
2012-06-25,0.8318304461919087,0.9201017683448051,0.7897949048379289
2012-06-26,0.8328050698698106,0.9170200219003231,0.7872062032226886
2012-06-27,0.8335627796258576,0.9058504300726494,0.7868899955634165
2012-06-28,0.8317500282921025,0.8950928144069978,0.779271659517646
2012-06-29,0.8447739745081054,0.9099681713493323,0.7860383142597132
2012-07-02,0.8425310722456509,0.8869873481177143,0.7834358703087848
2012-07-03,0.8379344647701578,0.8839360352028683,0.780335491986983
2012-07-05,0.8314890414062838,0.8749748045932346,0.7799733430245859
2012-07-06,0.8345974158951747,0.864573121051659,0.783025538942162
2012-07-09,0.8321813888671818,0.8672398201407495,0.7829785708510498
2012-07-10,0.8257797938645913,0.870747586843861,0.7836314218722803
2012-07-11,0.8202590755850364,0.8466925103331081,0.7796732142750012
2012-07-12,0.8188005198633845,0.8362978850298095,0.7823428616133268
2012-07-13,0.8274923280133117,0.8549676392399603,0.7903631656873212
2012-07-16,0.8317493944611372,0.8580453108501,0.7887779273348502
2012-07-17,0.8292679611664183,0.8487191960631106,0.7889804720767027
2012-07-18,0.8224660116027788,0.839257809993722,0.7836581133017362
2012-07-19,0.8192207079850213,0.8310856009416133,0.7829157098929014
2012-07-20,0.8210939604294797,0.8317155637084007,0.7814210815451466
2012-07-23,0.8261884909047306,0.7939118190063715,0.7833430791603879
2012-07-24,0.8284058516392413,0.7884037097834939,0.7839607029856163
2012-07-25,0.8320287964541988,0.7645453081283893,0.784521291567065
2012-07-26,0.8391319291043692,0.7904302054268354,0.7892038034604875
2012-07-27,0.8417759120832985,0.7994053714979108,0.7926836054413696
2012-07-30,0.842141545583661,0.7976433683090051,0.7926227335634674
2012-07-31,0.8424278347007351,0.7559726343524606,0.7942922009741956
2012-08-01,0.8428875032655052,0.7547656058887608,0.7921755995096297
2012-08-02,0.8391251307469123,0.7595663849665953,0.7916637053603307
2012-08-03,0.8452302603173968,0.8179506910676507,0.7988793414753647
2012-08-06,0.8446475066239274,0.8074774482227445,0.7997903022031819
2012-08-07,0.8395103064164974,0.796372611217678,0.796722020324596
2012-08-08,0.8381201005637265,0.7913503116551125,0.7965369200006418
2012-08-09,0.8415442831794322,0.808203866725672,0.7980854258173832
2012-08-10,0.842386536426259,0.8118553066762061,0.7964195813458089
2012-08-13,0.8392537456880552,0.7912355782878678,0.7954422954630034
2012-08-14,0.8391626327013971,0.7878892658372683,0.7961830974416658
2012-08-15,0.8424897871872835,0.7914414253397922,0.7960291266966113
2012-08-16,0.8376189839472552,0.8110586938905587,0.7934298705902467
2012-08-17,0.8320811424026779,0.81879685454944,0.7930179644646806
2012-08-20,0.8271371466536843,0.8278228075689623,0.7950729448808348
2012-08-21,0.8278097634857312,0.7998590594203178,0.7947107601227725
2012-08-22,0.828920709265722,0.7888130174096455,0.7939878764413342
2012-08-23,0.8360971341013603,0.8108850282202164,0.7956803163488317
2012-08-24,0.8341900240347786,0.7744995421832702,0.7957745605272166
2012-08-27,0.8303232092919348,0.7413788762373663,0.7965191080881975
2012-08-28,0.8263475141737895,0.7527911239918789,0.7975699933721812
2012-08-29,0.8281884806536965,0.7105432165681212,0.7979054601140281
2012-08-30,0.8142973020557869,0.7494452805106843,0.7986281878325614
2012-08-31,0.8179026496260754,0.7487065667005739,0.7988974856533373
2012-09-04,0.813396019716634,0.48644747382790965,0.7946992049527271
2012-09-05,0.7992562525251233,0.495561249505917,0.7948255265038692
2012-09-06,0.8156307579462323,0.7566122360875961,0.8010607509033338
2012-09-07,0.8063750196853492,0.7165471975329422,0.7967526913455378
2012-09-10,0.8003027485471373,0.7302797324454617,0.7978488824443949
2012-09-11,0.7936700541611451,0.7205866259477914,0.7958166418707965
2012-09-12,0.7930246933008261,0.717373131780017,0.796865673678704
2012-09-13,0.7956293050092705,0.745372888416412,0.7987921686851955
2012-09-14,0.7876290732852372,0.7260721862368901,0.797609443637561
2012-09-17,0.7914850667258669,0.7260186752241483,0.7968658207229364
2012-09-18,0.7888679748827014,0.7237400561571421,0.7980651167084695
2012-09-19,0.7869583659523979,0.7123823954169132,0.7973267243023681
2012-09-20,0.7562817300594713,0.6978056119862484,0.7971193878858823
2012-09-21,0.7539139094369821,0.6980712868508558,0.7973539306379653
2012-09-24,0.7398763264441468,0.6585325353937981,0.7926208936427817
2012-09-25,0.7466207676735234,0.6962619888952241,0.7945684848318255
2012-09-26,0.7497631344218005,0.7039064569063097,0.7959425176773175
2012-09-27,0.7550783446107885,0.7156479212110775,0.7976851905194005
2012-09-28,0.7268801898561905,0.7261496949108383,0.7988697688517463
2012-10-01,0.7278554018311808,0.7053813528228955,0.7976228884702136
2012-10-02,0.7337860854456578,0.7092810458393072,0.7973567389362461
2012-10-03,0.7321761581577823,0.7026904410236064,0.792745107045301
2012-10-04,0.7261031717892817,0.7038263573486462,0.793663722986949
2012-10-05,0.7252989485066931,0.5915527614360634,0.7911188256393907
2012-10-08,0.7183083204052948,0.6234847183569915,0.7808825878000343
2012-10-09,0.7307004529278469,0.6300875614001418,0.7808456014581914
2012-10-10,0.7302868583060643,0.639222032659603,0.779206631684573
2012-10-11,0.7097681074309478,0.6369234933252064,0.7774458975889418
2012-10-12,0.7078666176680534,0.5409422557042333,0.7797073238577203
2012-10-15,0.7106086797801179,0.6027581555215192,0.777743965322097
2012-10-16,0.7234361014450603,0.6427083416578075,0.7785919239705664
2012-10-17,0.7215626251787693,0.6359572566104175,0.7752645558552959
2012-10-18,0.718550545754131,0.6413664066684158,0.7759870639169267
2012-10-19,0.7263954434727921,0.7189477056761814,0.7805680435016342
2012-10-22,0.7206774678263035,0.7110023252364269,0.7814921501792931
2012-10-23,0.7338525051098992,0.7356238452322675,0.7859059613466077
2012-10-24,0.7167372711618509,0.7232414285986103,0.785918594868144
2012-10-25,0.6984331918806315,0.712512042584977,0.7858290997389337
2012-10-26,0.6995429986636139,0.6862348150548454,0.7860655236921742
2012-10-31,0.6898229526872126,0.6716625642707088,0.7837758808880291
2012-11-01,0.6944181689314814,0.679332640772714,0.7847992835641564
2012-11-02,0.7016806476152505,0.6926610024778503,0.7848488905958366
2012-11-05,0.6589277153612273,0.6936989681975847,0.7787340047510355
2012-11-06,0.6649778205483389,0.6994345534759138,0.7797573082993505
2012-11-07,0.721376186851258,0.781200328790941,0.7921417122208334
2012-11-08,0.7265462558402557,0.7816747127401347,0.7902642936842648
2012-11-09,0.726568976362657,0.784083316675878,0.7920161729924217
2012-11-12,0.7260926172254909,0.7914883823726268,0.7924878790666564
2012-11-13,0.7267989124852641,0.7945744234049311,0.7910536879842184
2012-11-14,0.7332392380350218,0.8028392940595469,0.7929570730900649
2012-11-15,0.7324480228626069,0.7939428323010909,0.7949706855851275
2012-11-16,0.7343340754874161,0.7860911247124949,0.7934492248313039
2012-11-19,0.7599626695523575,0.8435106407509273,0.7974282134942712
2012-11-20,0.7581548057823615,0.8463722039505673,0.7921808138401393
2012-11-21,0.7589932455528988,0.8426028669677676,0.793082195318182
2012-11-23,0.7686801859461562,0.8637126316371231,0.7966166985088183
2012-11-26,0.7590269583984137,0.8436913923728798,0.7969236050839585
2012-11-27,0.7600409790047198,0.8490412275542921,0.796939819066416
2012-11-28,0.7632738878091114,0.8652721588230788,0.7949856565862407
2012-11-29,0.7637539321968188,0.8675310675465259,0.7934052887928229
2012-11-30,0.7641951677752168,0.8754449488204538,0.7946070479891301
2012-12-03,0.7617995294013946,0.8814340371305388,0.786421000473786
2012-12-04,0.7627890034531957,0.8797336626569524,0.7890166792250781
2012-12-05,0.756590760180946,0.8550102013447163,0.7830252592523135
2012-12-06,0.7567814023781514,0.8554326329489831,0.7741490708799025
2012-12-07,0.7297933302784619,0.7749311858556373,0.7732881278940582
2012-12-10,0.7321920152024166,0.7495771701415066,0.7670969613016989
2012-12-11,0.7301832315154837,0.7464392905543183,0.7628593658894989
2012-12-12,0.7325371506383259,0.7457561120289508,0.7596558058281129
2012-12-13,0.7359639922888711,0.754036560762859,0.7613567798825409
2012-12-14,0.7268111837519282,0.7197061166665115,0.7607130965930835
2012-12-17,0.7374721461725913,0.7206270474676042,0.7596046815697468
2012-12-18,0.7428556814335837,0.7191014976719055,0.7630625909687089
2012-12-19,0.7480828901887517,0.661459102750985,0.7640914236304038
2012-12-20,0.7533959816455823,0.6699489989467777,0.7650624800067551
2012-12-21,0.762641322239181,0.7103747067454805,0.7547347842700339
2012-12-24,0.7643035466344643,0.6753141930519009,0.7539098609948037
2012-12-26,0.7637286311994391,0.690808759582709,0.7481719931726859
2012-12-27,0.761053173246019,0.6823915812217405,0.7486661036062541
2012-12-28,0.7653293680657445,0.7033348006053237,0.7521445699759293
2012-12-31,0.7800532586693351,0.7795640936634003,0.7622073779740559
2013-01-02,0.8006145086819518,0.8402937294131468,0.7615668825260129
2013-01-03,0.8022250483512758,0.8431769179641149,0.7631658188909421
2013-01-04,0.7993455815694583,0.8333125375059818,0.7645201867506601
2013-01-07,0.8031342970118204,0.8593203512360501,0.7666658065687543
2013-01-08,0.8031814301140568,0.8594459945539883,0.764650143025702
2013-01-09,0.8004862507887238,0.8572886530984504,0.763287777582379
2013-01-10,0.8032159495494502,0.8667114990954536,0.7630921226727028
2013-01-11,0.8021301773441842,0.8719548680927011,0.7666435938562343
2013-01-14,0.8029103842162754,0.8674344736769737,0.7663031562616606
2013-01-15,0.8025855349770823,0.8559838175941086,0.7583931614656543
2013-01-16,0.8041401192014745,0.8558282019957537,0.7581588681755483
2013-01-17,0.8034978708326211,0.8552467758067832,0.7589286521748239
2013-01-18,0.8005642512638198,0.8575007034517543,0.7620664534907214
2013-01-22,0.8076747591526423,0.8509938643923236,0.7652021593604728
2013-01-23,0.8069244348589536,0.8374201392118072,0.7644870213946738
2013-01-24,0.7844000717628653,0.779256555801627,0.7533738848519037
2013-01-25,0.787354791634888,0.7755773322992102,0.7527554632638072
2013-01-28,0.7795610121671972,0.7746028991508244,0.752351241441209
2013-01-29,0.7736872595284474,0.7522005105601123,0.7421264550603643
2013-01-30,0.7781419437361722,0.7281655780711952,0.7379368478537308
2013-01-31,0.7801199724378854,0.6698446362407592,0.7395609995459252
2013-02-01,0.7904453846794611,0.4410514806189919,0.7416407576946847
2013-02-04,0.8013254958384595,0.5574404052369023,0.7487838873039806
2013-02-05,0.8018017015340518,0.6129865022708618,0.7519226496201142
2013-02-06,0.8064473570512326,0.6213466106876191,0.7388602385130472
2013-02-07,0.805413576082354,0.6151050993652389,0.7393388879602656
2013-02-08,0.7747057126795031,0.631728948818181,0.7426704050289427
2013-02-11,0.765371526748399,0.5936073772608179,0.7408553774067117
2013-02-12,0.7649352002164754,0.5830396138025679,0.7407905692054213
2013-02-13,0.7652494192935507,0.5865082217070714,0.7406325378766524
2013-02-14,0.7622899577352612,0.5922944668769934,0.7400094376714571
2013-02-15,0.7503421118310006,0.5856425857170982,0.7388696655090938
2013-02-19,0.7504773398601621,0.5946511031472902,0.7395186390117042
2013-02-20,0.7572052620826668,0.6682703640651093,0.7432971376828328
2013-02-21,0.7379648210705082,0.6727697604179673,0.745129947464062
2013-02-22,0.747163715419579,0.7250214494857039,0.7488441168810497
2013-02-25,0.7792494862578689,0.8793538306584794,0.7628127204941009
2013-02-26,0.774610521381033,0.8912600771273528,0.7654917441490156
2013-02-27,0.7873935658347195,0.902909789374347,0.7668097663785738
2013-02-28,0.7875781465822048,0.9292378632946361,0.7675709092851993
2013-03-01,0.7852138051309122,0.928419062455022,0.7678818136522662
2013-03-04,0.7837154675923677,0.923105559681458,0.7675470393089241
2013-03-05,0.7837268128251587,0.8986251215911533,0.7682799798813107
2013-03-06,0.781770057715413,0.880051156237337,0.7662882606706579
2013-03-07,0.7810851790750893,0.873876131855655,0.7667662777414016
2013-03-08,0.7945559927005906,0.867946214331387,0.76893572753282
2013-03-11,0.7956483494142559,0.8724497416470673,0.7693179872398856
2013-03-12,0.7993672005364408,0.8786226569484975,0.758382875330617
2013-03-13,0.799330140361392,0.879057373410495,0.7616123607377615
2013-03-14,0.8010873467200575,0.8796239579737986,0.7604012756220166
2013-03-15,0.8003223898900692,0.8735499044221381,0.7613547569241513
2013-03-18,0.7973539170787838,0.8812401650956134,0.762286226413235
2013-03-19,0.7941483441140976,0.8721543466527972,0.7578091343305582
2013-03-20,0.795118378942362,0.8729486106896737,0.7618188914002025
2013-03-21,0.8012607665930364,0.8728640003868536,0.7654468925561774
2013-03-22,0.8010610586952394,0.8802912150821939,0.7690192258898402
2013-03-25,0.8059829809566919,0.8847829954701424,0.7727302604036754
2013-03-26,0.801889922338883,0.7669890782211192,0.7764252860129329
2013-03-27,0.7993221824996176,0.7465162594403005,0.7763770457926529
2013-03-28,0.8003371778591802,0.6899953355658301,0.7759530530973305
2013-04-01,0.7967416097182657,0.6715456942154928,0.7727176273411291
2013-04-02,0.7784308904159668,0.635058253699294,0.7674947822895118
2013-04-03,0.7624051795088488,0.6707196984025481,0.767179311143516
2013-04-04,0.7233314951087305,0.6675725241599789,0.7657184634419791
2013-04-05,0.7224533642060337,0.6731616796864853,0.7664076076159072
2013-04-08,0.7288110793457035,0.689345378549216,0.7663773063917688
2013-04-09,0.7267775682064981,0.6756252910486205,0.7684536252451467
2013-04-10,0.728102205008206,0.6888432512487733,0.7695263958532321
2013-04-11,0.7296521401092219,0.6799273158724485,0.7688181551097468
2013-04-12,0.7142612298139686,0.6623406065397088,0.7656922916850912
2013-04-15,0.7559162806008698,0.7817153570945534,0.7763254060463046
2013-04-16,0.7714265853392609,0.8210309765278405,0.7823435984138464
2013-04-17,0.7837833296020352,0.831946286152519,0.7871361798312128
2013-04-18,0.7775596864707336,0.8144205641673683,0.7850560229534481
2013-04-19,0.7719494493758063,0.8046430909111214,0.781841374556757
2013-04-22,0.7720795141967859,0.791801403770129,0.7806005934449745
2013-04-23,0.7737615030194201,0.7851887499959183,0.7851094560086315
2013-04-24,0.7515046839411565,0.7214289017386707,0.7746617617546185
2013-04-25,0.7686718558314811,0.7129129068231939,0.7695325382938553
2013-04-26,0.7674469986992054,0.7140452688023455,0.770453873973066
2013-04-29,0.7644183699919794,0.7084487617750976,0.7646713025522983
2013-04-30,0.7632961986489021,0.6996101086913357,0.7617903309879787
2013-05-01,0.7617100990330746,0.7136517172848457,0.7633190718376974
2013-05-02,0.7598924865430416,0.7057988425033502,0.7639195415199366
2013-05-03,0.7528230106867333,0.7096209242086557,0.7656442180428951
2013-05-06,0.7336815974765272,0.6928810142520544,0.7626657621026064
2013-05-07,0.728622571280461,0.6908323658200989,0.7602238677025394
2013-05-08,0.7260633533396195,0.6920671709516235,0.7615850976201222
2013-05-09,0.7240936199054949,0.6845991372370502,0.7601575602965519
2013-05-10,0.7228617097602166,0.6858171154770704,0.7416879437731122
2013-05-13,0.7224587467699081,0.6931277771246659,0.7375833949614676
2013-05-14,0.7267754159647781,0.5881514163782979,0.7391031810105692
2013-05-15,0.7268947666059679,0.5393687423667166,0.7390077876586751
2013-05-16,0.7241439104881081,0.4564055748381361,0.7357516078274701
2013-05-17,0.7257369686738765,0.4534486214640042,0.7302646167032163
2013-05-20,0.7159136670370617,0.45726618350805465,0.725483244307294
2013-05-21,0.70550130944181,0.44884015433183744,0.7237815482433388
2013-05-22,0.7023971863956358,0.45041479291643094,0.7135046868427024
2013-05-23,0.6993275353992953,0.5179906778796028,0.7154759177493171
2013-05-24,0.657930229440974,0.5087673396512009,0.7137082952958718
2013-05-28,0.6519783079803924,0.5036721132506137,0.7070019764504879
2013-05-29,0.634958445740986,0.5130911870618835,0.7043583760344648
2013-05-30,0.6286640519421132,0.5206680341782868,0.7006746771430566
2013-05-31,0.6434629678684809,0.5799896795063971,0.7038450447096141
2013-06-03,0.6434042296835222,0.5712124508497515,0.7032808623799847
2013-06-04,0.6434877548173714,0.5596599977911517,0.7040978877781476
2013-06-05,0.6618602803740583,0.6385025494630655,0.7109859206404054
2013-06-06,0.6674731081501001,0.6630876934809746,0.7128906991590381
2013-06-07,0.6743950516235708,0.6892056807563856,0.7218411660693338
2013-06-10,0.6733846737836355,0.691313754445313,0.7218353934412618
2013-06-11,0.6808501279492992,0.7101797544941317,0.7273915981579046
2013-06-12,0.6868748891885565,0.7270787694780186,0.7306131305862776
2013-06-13,0.7004060764097478,0.7522671474364923,0.7375790400694162
2013-06-14,0.7021380979850808,0.7470483214468059,0.7380952228645504
2013-06-17,0.7008419567199446,0.759090532004595,0.7364370591064463
2013-06-18,0.7074041991992078,0.7684902800868745,0.7390838697589609
2013-06-19,0.7161087814509115,0.8056495016301427,0.7436992158941548
2013-06-20,0.740996720065183,0.8446799778286987,0.7587248095820095
2013-06-21,0.7325649617016469,0.8443809627036115,0.7533384000285974
2013-06-24,0.7387190556657155,0.8514003318130914,0.759001109154433
2013-06-25,0.7367488647960628,0.8575208906987055,0.7565094026446944
2013-06-26,0.7421810000244496,0.8744448097285196,0.7581995435308185
2013-06-27,0.7429420313294349,0.8896554881924836,0.7587296088826946
2013-06-28,0.7445425035984521,0.8973894371827268,0.7581675807647641
2013-07-01,0.7496866515780063,0.9011133655412676,0.754761559671604
2013-07-02,0.7472425642167896,0.8998219552563103,0.7467476286539539
2013-07-03,0.7465066833776314,0.8960751133080848,0.7337685620017713
2013-07-05,0.7495632888871632,0.8873115002733809,0.7355199981374736
2013-07-08,0.7488512371333421,0.8800351847599936,0.7373415664938987
2013-07-09,0.7516726425730722,0.8781622301322809,0.7385395822329163
2013-07-10,0.7487833135808792,0.8727948263441342,0.7367594082638848
2013-07-11,0.7547451982976515,0.871042029513458,0.7410594034693975
2013-07-12,0.7563952237409513,0.8575218623652753,0.7377895581180027
2013-07-15,0.7373609525069916,0.8432517196828815,0.7379156707414563
2013-07-16,0.7281383213736622,0.8461748042281019,0.7391224920758209
2013-07-17,0.7237289253750568,0.851359622900467,0.7408620423088697
2013-07-18,0.7258999469830707,0.837016214424023,0.7399658701123394
2013-07-19,0.7074555743342906,0.7563041179384447,0.7284825374692516
2013-07-22,0.7082124724205062,0.6053810022563372,0.7290370320864108
2013-07-23,0.7057357456001955,0.64228528241408,0.7286811191760353
2013-07-24,0.7182844678464746,0.5094061244458352,0.7282245822607523
2013-07-25,0.7172988582992933,0.49514750700410437,0.7359037133936348
2013-07-26,0.7168832809761367,0.4591053614012015,0.7349670152771567
2013-07-29,0.7196191553668237,0.46984750570586825,0.7350896110343725
2013-07-30,0.7244667311530589,0.4515923369099874,0.7373598086198788
2013-07-31,0.7230085023169356,0.442739438335441,0.7358921924919759
2013-08-01,0.7249399099309518,0.4769113792027809,0.7361762660250101
2013-08-02,0.7233535626300388,0.47530429426045967,0.7322011905856739
2013-08-05,0.7303248519277334,0.45241241046119046,0.7275714353354211
2013-08-06,0.7336620480819107,0.4915509045870227,0.7270557257876571
2013-08-07,0.7340440455410034,0.48087500187112847,0.7263431036783161
2013-08-08,0.7341674006098655,0.4887246912950522,0.7261184713121406
2013-08-09,0.736000427789697,0.38267589415895165,0.7263737332973118
2013-08-12,0.7354305295198341,0.3876047820019112,0.7263777490523624
2013-08-13,0.7318024332477326,0.37474912682670863,0.7267930470682136
2013-08-14,0.7323071265736214,0.3822288209055027,0.7271459778634232
2013-08-15,0.7436564402463514,0.4996291452924863,0.7319615220045725
2013-08-16,0.7431977726953549,0.5006389113205173,0.7330718129897311
2013-08-19,0.749247122740043,0.6078821171521068,0.732282542020943
2013-08-20,0.752203570782748,0.621455381845916,0.7301012745161366
2013-08-21,0.7576786997652554,0.63786267502416,0.7310573074651504
2013-08-22,0.7610684569305594,0.7049890609165624,0.7305966893250634
2013-08-23,0.7625643948553595,0.7057111399991165,0.7151431089813601
2013-08-26,0.763418173787484,0.700983562097887,0.7123750102286968
2013-08-27,0.7808692505881671,0.7494729781753248,0.715498172000648
2013-08-28,0.7815468175682787,0.7462006390106278,0.7127417024448455
2013-08-29,0.774183177444044,0.7316155815286818,0.7106282998036699
2013-08-30,0.7735485600721065,0.6971211844542452,0.7102634548735993
2013-09-03,0.7726700358682953,0.7026445180038102,0.7095196514407869
2013-09-04,0.7640392209450788,0.7241412682604733,0.7111624257435095
2013-09-05,0.7603872540576418,0.724883958049462,0.7117573121513653
2013-09-06,0.7551724697398067,0.7277078860458062,0.7118831423733386
2013-09-09,0.7576524477964233,0.7456351943621353,0.7126851439844307
2013-09-10,0.7531737934053855,0.753547443260298,0.7133308073050979
2013-09-11,0.7417144111823152,0.7437599520925661,0.7094864361053497
2013-09-12,0.7269703090723711,0.7416221767534711,0.7095153584552966
2013-09-13,0.7255652905747682,0.7365371539871186,0.7095851002980832
2013-09-16,0.7220584019621665,0.6906046673783631,0.7075506097325966
2013-09-17,0.7188641448675196,0.6906228894022786,0.710038279200922
2013-09-18,0.7092512345395044,0.6963352271193678,0.7106766832445218
2013-09-19,0.6548420668653957,0.7017354119599601,0.7089288180457118
2013-09-20,0.6711183394152487,0.7042874692222957,0.7083539178012379
2013-09-23,0.643692435748857,0.6760937739254191,0.7046735706669317
2013-09-24,0.6388687159572022,0.6804085158938622,0.702245741304394
2013-09-25,0.6260651087050526,0.6730548161464999,0.7017222927153517
2013-09-26,0.6268406023275305,0.5598575018995442,0.7026419576643418
2013-09-27,0.6303264887414245,0.6111317347484427,0.7048103188833862
2013-09-30,0.629316638307236,0.639058966721784,0.7080950310104732
2013-10-01,0.6370959412876623,0.6508666777961067,0.7075416427878048
2013-10-02,0.639619974434453,0.6605982915942593,0.7080781559310289
2013-10-03,0.6462114763232316,0.6981692353995214,0.7120097733272517
2013-10-04,0.6522443323189091,0.7102335345151107,0.7134648840127898
2013-10-07,0.657133499613697,0.7325122956169735,0.7167426796081035
2013-10-08,0.6671998803567124,0.7301310928356262,0.7165497719420933
2013-10-09,0.6480422629684434,0.717479457728673,0.7170730693594444
2013-10-10,0.6960896231309172,0.8100258954044702,0.7318423259368695
2013-10-11,0.6970041902610308,0.8145141582811324,0.7193955819431337
2013-10-14,0.6965864144603481,0.8159162981900201,0.712501781455733
2013-10-15,0.7000519880018411,0.8340054302444928,0.7108356546856016
2013-10-16,0.7127730802530297,0.8355023625444584,0.7172083185013035
2013-10-17,0.7417785942675187,0.8333704063048871,0.7186377986718809
2013-10-18,0.7338058318963006,0.8064615197233064,0.7153880324352679
2013-10-21,0.7312758417503018,0.7977957167769878,0.7125795078594628
2013-10-22,0.7351991025512217,0.802387093700986,0.7218205581055547
2013-10-23,0.733669816705485,0.798038031616481,0.7208254736621108
2013-10-24,0.7346123793790664,0.8014117247130791,0.7209240545625091
2013-10-25,0.7367853565305288,0.8025406176231373,0.7231200269823275
2013-10-28,0.7322157559819341,0.786333756158151,0.7239103598251944
2013-10-29,0.7342549929989045,0.7889827994094921,0.7241665559067922
2013-10-30,0.7342158233914852,0.7902765976250373,0.725286742418465
2013-10-31,0.7327789272011203,0.7808358282265213,0.7238458471335563
2013-11-01,0.7307171871966228,0.7502416283662723,0.7270866755744776
2013-11-04,0.7269360219801921,0.7433070317216265,0.7270687290241313
2013-11-05,0.7276392900588684,0.7227223331971269,0.7278765117679776
2013-11-06,0.7241914139794926,0.6831213788377145,0.7264452158467021
2013-11-07,0.7323777584023976,0.7255788520040605,0.7311158532650995
2013-11-08,0.7405935034104116,0.6636303812530233,0.7359556256884069
2013-11-11,0.7421139392399685,0.662892133685728,0.7349822448282665
2013-11-12,0.7383670255606694,0.6593948607072717,0.7334329573756103
2013-11-13,0.7282468737306333,0.6434408870819932,0.7358110482118914
2013-11-14,0.7245579686037166,0.6013738925550064,0.734697857378559
2013-11-15,0.7254324834191671,0.6073803983389076,0.7396954145485843
2013-11-18,0.7266297557919265,0.6486096371621809,0.7411928629308719
2013-11-19,0.7216487863673063,0.6530389831454027,0.7421957848283683
2013-11-20,0.7183869988566711,0.6627896352968778,0.74142270078773
2013-11-21,0.7216700139206588,0.6702633855751506,0.7439061941122458
2013-11-22,0.7201488757039767,0.6628196941625231,0.7443032153347842
2013-11-25,0.6973126810040151,0.6600456987789534,0.7479991714802406
2013-11-26,0.70296887373259,0.6720246735633799,0.7496632934809294
2013-11-27,0.7037157368438519,0.659219020486827,0.7445138572051838
2013-11-29,0.7033477155191152,0.6412531024660785,0.7442966530467914
2013-12-02,0.7068511169742517,0.6563741733755262,0.7442997709068008
2013-12-03,0.7000445777509925,0.6440781560457358,0.7347756389736084
2013-12-04,0.6983645006498976,0.6435109300058355,0.732099280991109
2013-12-05,0.699665853527931,0.645419147515214,0.7295505759239619
2013-12-06,0.7057808144908819,0.6992530839123764,0.7335085206135781
2013-12-09,0.705721445091334,0.6487583995374203,0.7299639239845771
2013-12-10,0.711450486920113,0.5932519061658014,0.7254217544953194
2013-12-11,0.7186883384805719,0.6412459961403743,0.7204782538741511
2013-12-12,0.7135568603865962,0.6312013357051449,0.7174314982460946
2013-12-13,0.7174153446067826,0.6130897411064329,0.7168939104666333
2013-12-16,0.7156163570861958,0.6248155465272257,0.7146020320186569
2013-12-17,0.7124641251024031,0.610079138121839,0.707548456219099
2013-12-18,0.7336962943519385,0.72737598457654,0.6928126140259988
2013-12-19,0.7322069355589496,0.7349112127449754,0.6980296698327987
2013-12-20,0.7387755068844536,0.7422730449526469,0.6898774345726311
2013-12-23,0.7368575362932885,0.7277226906297943,0.687378259439194
2013-12-24,0.7385956055692594,0.7369947851747708,0.6831541987228699
2013-12-26,0.73980850175789,0.7472728183407845,0.6846315099485343
2013-12-27,0.7368387467402402,0.7467384377158927,0.6842727973971378
2013-12-30,0.7348454626736113,0.7493845719192299,0.6828729846375534
2013-12-31,0.7314699333447977,0.751117291532033,0.6842319187974931
2014-01-02,0.7387107582018149,0.7708981010045008,0.6900809055345886
2014-01-03,0.7241263600615475,0.7838070118977238,0.6860762782482847
2014-01-06,0.722504804037781,0.7889753568763886,0.6870116957295654
2014-01-07,0.7128025399229707,0.7800863426773035,0.6860425902225027
2014-01-08,0.7014462845514917,0.7398935463405587,0.6849302683869338
2014-01-09,0.6968257022977964,0.7180659529522407,0.6754942259847977
2014-01-10,0.6576490627474586,0.706089623056771,0.6764744642492521
2014-01-13,0.6811872982505527,0.7473957219522389,0.6866151670898171
2014-01-14,0.6855503107547907,0.7750521495999444,0.6885400447060723
2014-01-15,0.673485356787313,0.7562928270907815,0.6855981181793591
2014-01-16,0.6602353271140382,0.7533890688802803,0.6871432816532589
2014-01-17,0.6646324760431394,0.7604878925917786,0.703937710959076
2014-01-21,0.6719782615682152,0.6968963048253488,0.7034646647053993
2014-01-22,0.6737375481201293,0.6891377625715178,0.7028795922729073
2014-01-23,0.6784646191187386,0.6754548765327302,0.7065254218818315
2014-01-24,0.7256376403563953,0.786658926301954,0.727084981735693
2014-01-27,0.7252663602247685,0.7819487485377623,0.7271850733381934
2014-01-28,0.7140845713404166,0.7486332913681438,0.72260709824231
2014-01-29,0.7198539508227451,0.7401949562234783,0.7233599929399508
2014-01-30,0.717567125749131,0.7456557984623792,0.723068852888034
2014-01-31,0.708865406563055,0.7246156852747967,0.7184596946126913
2014-02-03,0.7478945366368234,0.7811296050566741,0.7378209308008012
2014-02-04,0.7489212370462839,0.7861262600283768,0.7376081668338695
2014-02-05,0.7477476323847874,0.7822319904965839,0.7355786701130422
2014-02-06,0.7577331290989623,0.8002507601204418,0.7410570698368695
2014-02-07,0.7654766499580749,0.8149673104312664,0.7435225339808519
2014-02-10,0.7569412292906352,0.8213987620979538,0.74215765091742
2014-02-11,0.756995023283887,0.828921187403193,0.7463698835944945
2014-02-12,0.7556855314586026,0.8138264045651684,0.746388184735056
2014-02-13,0.7599859572736595,0.8110894467658843,0.7464660504631896
2014-02-14,0.7599310605818782,0.8237537726854398,0.7419816792723322
2014-02-18,0.7602683524485911,0.821399174703375,0.7404178178079723
2014-02-19,0.759000270463112,0.8199434826841867,0.7415200633881714
2014-02-20,0.7608935886455924,0.8271512965338492,0.7426021274770178
2014-02-21,0.7605021116922495,0.8252441444975147,0.7403272818955803
2014-02-24,0.7588543939352582,0.8249635293139725,0.737519468049359
2014-02-25,0.7545277506825563,0.7651376545697538,0.7369588908580355
2014-02-26,0.7556952536279601,0.763838863804,0.7371975493556326
2014-02-27,0.758148353952241,0.7883380820357723,0.7297266530255415
2014-02-28,0.7586146867073476,0.7819443934087115,0.7318868792572318
2014-03-03,0.7606140671475379,0.7926257508419179,0.7341045060140089
2014-03-04,0.7652551229447402,0.8116844496405387,0.7368423899103793
2014-03-05,0.7591458826376526,0.6579767970802919,0.7349748895864617
2014-03-06,0.7621859378141173,0.6506919880269293,0.7326749692104169
2014-03-07,0.7617607826811393,0.6467101537520002,0.7318151275417423
2014-03-10,0.761445875566801,0.6163165976164462,0.7315602312087354
2014-03-11,0.7568518374631767,0.6078151050716724,0.7312170006776066
2014-03-12,0.7557011741543093,0.6189903341671638,0.7308210594142428
2014-03-13,0.7618966763955519,0.6515722801642165,0.7380315485494747
2014-03-14,0.7574813746562646,0.6580254546353443,0.7376373766596759
2014-03-17,0.765997393286836,0.6725527662586063,0.7398499075318097
2014-03-18,0.7660974974464678,0.6674999142724898,0.7417667307614227
2014-03-19,0.7647739332282262,0.6771466250694613,0.7405744096593855
2014-03-20,0.7613768724145117,0.6581138412027239,0.7384071181380337
2014-03-21,0.7386217643941241,0.6362087806783754,0.7349244071707755
2014-03-24,0.7377899309050562,0.6436493846264946,0.733872213116991
2014-03-25,0.7328696307900796,0.6358541176716532,0.7344448626944241
2014-03-26,0.7337650980443935,0.6507628345959148,0.7347316353785823
2014-03-27,0.7327783088326191,0.6526173507645368,0.7352687858033612
2014-03-28,0.7306224970986017,0.6458992273605948,0.7347487452274252
2014-03-31,0.7319133774631945,0.656252052021073,0.734191908899938
2014-04-01,0.7310087106630936,0.638915570930362,0.7326515841590093
2014-04-02,0.7303158842917923,0.5950349815924855,0.7307277101174696
2014-04-03,0.7248507514702002,0.6182591824057909,0.72988845289551
2014-04-04,0.7300560308928499,0.6597963148564876,0.726418280110942
2014-04-07,0.7317729974592257,0.6734300802990619,0.7263457432323738
2014-04-08,0.7252064858922973,0.6611789124872918,0.7194515453776201
2014-04-09,0.7310417143448451,0.6741659453498122,0.7170720690129936
2014-04-10,0.7532054356400845,0.7475663221179307,0.7294519945723359
2014-04-11,0.7543839704243687,0.7376167450154374,0.7181930565476244
2014-04-14,0.7471677121184339,0.7449487643016792,0.7181590572333575
2014-04-15,0.7438851503246532,0.7371118859917346,0.7182569893229694
2014-04-16,0.7523990746171203,0.7477239069335812,0.7197037079262784
2014-04-17,0.7498986993780317,0.7527369616684506,0.7136501219245414
2014-04-21,0.7479463011997414,0.7592733974499486,0.7135315659076957
2014-04-22,0.7482283389365555,0.760556155496009,0.7165711526635914
2014-04-23,0.7450437117657855,0.7522757544883132,0.7151473362383922
2014-04-24,0.7445833855351685,0.7505808930783281,0.7151552842333896
2014-04-25,0.716846378139902,0.7524087668355135,0.7152109524871085
2014-04-28,0.7103526285422971,0.7356123862550993,0.7124247698311382
2014-04-29,0.7153218784413169,0.7283283510836205,0.7112619034261408
2014-04-30,0.7155417804287904,0.7290648313315011,0.7137975809155023
2014-05-01,0.7160994852808388,0.7301494422756232,0.7131066610877799
2014-05-02,0.7163653919332346,0.7166578633407653,0.7095281635875433
2014-05-05,0.6747524931934125,0.712290362346562,0.70959222468331
2014-05-06,0.6790565971993737,0.7026299724275707,0.7112100608001863
2014-05-07,0.6768547217619284,0.6842673897613583,0.7094186150501195
2014-05-08,0.6594258016095875,0.6788959776251815,0.7065704869543273
2014-05-09,0.6484308843470445,0.662713398194412,0.7068152902873865
2014-05-12,0.6538796711542679,0.5342144168324009,0.7031181192442872
2014-05-13,0.6463128475838632,0.48842992505664434,0.6989424913733002
2014-05-14,0.6488696805945683,0.4904133635110639,0.6988941414014138
2014-05-15,0.653587744832763,0.5272112857719441,0.7034016566421747
2014-05-16,0.6504577691628117,0.4777722379832427,0.7021579244295983
2014-05-19,0.6512038823720987,0.48693426457339706,0.7018680418792245
2014-05-20,0.6506117921627745,0.507770658424665,0.7016779423527056
2014-05-21,0.6553871247107431,0.5447621023061661,0.7046027417123074
2014-05-22,0.6561138566968432,0.5615366321180205,0.7047839474034588
2014-05-23,0.6556998609987715,0.5668988307634503,0.7041334168038075
2014-05-27,0.6617890835933271,0.5694602200511943,0.7043578712031936
2014-05-28,0.6637891665005491,0.5978919171031563,0.7054004653360929
2014-05-29,0.6623049972649949,0.6013028075755175,0.7062295075460413
2014-05-30,0.6620980247572432,0.5951078789125847,0.7066324239475521
2014-06-02,0.6587601948675396,0.5940972734998045,0.7076222567454721
2014-06-03,0.6480283029920731,0.6088777159470484,0.7078105849547741
2014-06-04,0.6554690833677826,0.6209428218523143,0.7076233442918033
2014-06-05,0.6602386554641989,0.605947094976643,0.7110458749070396
2014-06-06,0.6611176474343716,0.6275153726702499,0.711305115840048
2014-06-09,0.6595428873111873,0.6416151598966939,0.710297059969887
2014-06-10,0.6585238706785729,0.6563616864683561,0.7070010520144147
2014-06-11,0.659056772248356,0.6521765696315479,0.706619169148901
2014-06-12,0.6452268972004339,0.6638437678799833,0.7045736519911046
2014-06-13,0.6452621678333373,0.6508777065869867,0.7013547579221289
2014-06-16,0.6377204102566348,0.5752259436566107,0.7032950360550919
2014-06-17,0.6336717089737535,0.5727423429395184,0.7028739416841204
2014-06-18,0.635078809534548,0.5946643099965554,0.7023187838476328
2014-06-19,0.6364910893659786,0.5283329135599177,0.7011304869046281
2014-06-20,0.6358727252902497,0.4476464522096582,0.6882518315852965
2014-06-23,0.6319111776379258,0.44904173307307593,0.6867390543205791
2014-06-24,0.6303019585982155,0.4845940324938993,0.6837522929849184
2014-06-25,0.6274467412868394,0.4593945033399959,0.6841015832399115
2014-06-26,0.6283306989694063,0.46193215290391504,0.6846029124721853
2014-06-27,0.6274980756855619,0.44321998666298185,0.683232146341653
2014-06-30,0.6252524364232284,0.44808381603895586,0.6831637000716531
2014-07-01,0.6254238129176815,0.4551932884239822,0.683313219893037
2014-07-02,0.6215135074979916,0.4377679475940131,0.6808327281501901
2014-07-03,0.6211709150747624,0.4377621149335521,0.6768209786351653
2014-07-07,0.6084888234805097,0.4218566264784121,0.6775920730068776
2014-07-08,0.6024033322830152,0.44710405550659316,0.6781797807537565
2014-07-09,0.6095507369261244,0.46502796280028363,0.6775834537124247
2014-07-10,0.6034970597663425,0.46919857843322454,0.6797396991106103
2014-07-11,0.53038444871743,0.4471711909228994,0.6807032689142443
2014-07-14,0.5140067756451876,0.41867349092850475,0.6796411883749903
2014-07-15,0.5006600116156714,0.404947034944078,0.6683574828209273
2014-07-16,0.48994963728993823,0.3951050865772935,0.6627204632025321
2014-07-17,0.501534186441146,0.4993811923972261,0.669838439808367
2014-07-18,0.520315334235028,0.5282829293505673,0.6730598815560045
2014-07-21,0.522969260724367,0.538967104124829,0.6721103280500643
2014-07-22,0.5230663758496028,0.5587190147147173,0.6723044354549447
2014-07-23,0.5280816953296743,0.5609582690838275,0.6721256695237198
2014-07-24,0.5307776731307,0.5543314921107733,0.6717561693733088
2014-07-25,0.5305646370904614,0.5697223641736169,0.649348798859182
2014-07-28,0.5377756663434392,0.5618772606092477,0.6476737497726592
2014-07-29,0.5425637333245421,0.5710929845798441,0.6523835065855297
2014-07-30,0.5333158693330519,0.5498175159535388,0.64643260306034
2014-07-31,0.6118750669207134,0.6961768256516855,0.6682272952428685
2014-08-01,0.612406580245516,0.6879135006018238,0.6691445520569864
2014-08-04,0.6187206703673778,0.699855385454581,0.6428928903357918
2014-08-05,0.6268362037686376,0.7183815887202069,0.6469273314780267
2014-08-06,0.6252459328509045,0.709239358649482,0.6451772254391535
2014-08-07,0.630503559222053,0.6981878396745971,0.6378254810235655
2014-08-08,0.6478891469004825,0.7321447362273065,0.6383686299463871
2014-08-11,0.644063025122824,0.7396987522719664,0.6397332970668267
2014-08-12,0.6443197609734367,0.7353084297688122,0.6352267837482869
2014-08-13,0.6470583957094812,0.7560580015084745,0.6373123509828592
2014-08-14,0.6342842815779319,0.7699768808951202,0.6354680221570255
2014-08-15,0.6332035842348899,0.7503642079402755,0.6336368961512957
2014-08-18,0.6383914800233496,0.7371572991316776,0.6365536212154851
2014-08-19,0.6357711489044378,0.7439269932471753,0.635533078263187
2014-08-20,0.6242317466415382,0.7448918621271746,0.6335152295608218
2014-08-21,0.6209690045877645,0.7392723925557705,0.6327587662200927
2014-08-22,0.6235469800859503,0.7411300766642501,0.6330550745423584
2014-08-25,0.6204807267323159,0.7413439682898135,0.6352261730056606
2014-08-26,0.619603805415713,0.744260107420842,0.6354553197514315
2014-08-27,0.6189543858960949,0.745095013887146,0.6344790401887652
2014-08-28,0.6201953270943693,0.7673126954637371,0.6351187141803089
2014-08-29,0.6214477657558557,0.6127991597997705,0.6336491507374957
2014-09-02,0.6172641243918829,0.6120670726350714,0.6246794621019517
2014-09-03,0.6139956930734131,0.6002504457817921,0.6272992897153619
2014-09-04,0.6058914101014125,0.5071758004385297,0.6262718750006471
2014-09-05,0.6074028600714744,0.533298752466033,0.6276220265094383
2014-09-08,0.606718957534719,0.5050941244526318,0.6253157140477127
2014-09-09,0.6107296349914674,0.4686481720638275,0.6263519328420799
2014-09-10,0.6107979911719411,0.4760489188538825,0.6265522009639856
2014-09-11,0.6138284510773138,0.46638646375547016,0.6212838022227374
2014-09-12,0.6199678140620241,0.5007105131209968,0.6232880210682639
2014-09-15,0.6171128469677081,0.47684885124367016,0.6178450718443728
2014-09-16,0.6246705464227382,0.5203078054470214,0.6188117885368529
2014-09-17,0.6200618968794148,0.4901897356013013,0.6175371180435834
2014-09-18,0.6250369755961802,0.48703183679209433,0.6196325239819098
2014-09-19,0.6309395199089587,0.5050075324845001,0.6227405933388587
2014-09-22,0.6398753089879209,0.5613961472713066,0.6254206002879961
2014-09-23,0.6438038450476861,0.5780599226829499,0.6288988913564254
2014-09-24,0.643817728607945,0.5756440188406496,0.6278630053831872
2014-09-25,0.6685626850670059,0.6756859423705375,0.6424711151898945
2014-09-26,0.6714901644294328,0.6811052189206473,0.6436786337425043
2014-09-29,0.6724250456817511,0.6809919980010595,0.6426524629413972
2014-09-30,0.6690208168073511,0.6686776343494844,0.6414275414836782
2014-10-01,0.6841901125154196,0.7056951638547609,0.6489413041392399
2014-10-02,0.684664409044031,0.7108468362710076,0.6494412729225414
2014-10-03,0.6909133202270614,0.7326759315176212,0.6488865116949959
2014-10-06,0.6902786939713255,0.7279245191630104,0.6451744315002317
2014-10-07,0.7092618459224382,0.7719788553829146,0.661826044146341
2014-10-08,0.7299898476925064,0.8083698886942705,0.6723709805662456
2014-10-09,0.7464058356347757,0.8159355380965462,0.6693874845383597
2014-10-10,0.7401103624229297,0.7981722895064944,0.6679700425556295
2014-10-13,0.7538594852182439,0.8092833091425368,0.6760215848532588
2014-10-14,0.7505007625014286,0.7997916487378129,0.6696621154651974
2014-10-15,0.7323982323289687,0.762582791088325,0.6587771258643278
2014-10-16,0.7155744418760581,0.7362889362713937,0.6542261345162554
2014-10-17,0.7190939635009247,0.7401831919282266,0.6573165083714655
2014-10-20,0.7250216585166142,0.7531779633638148,0.6608341997719928
2014-10-21,0.7446113797201738,0.783704899386854,0.6790359544883858
2014-10-22,0.7438353463012805,0.7826767434518627,0.6802641885861511
2014-10-23,0.7441930605820611,0.7863930134685699,0.6822411645019852
2014-10-24,0.7469573518791546,0.7781460517569988,0.6865443179057993
2014-10-27,0.7415079104486273,0.7700622216778812,0.6825820533723
2014-10-28,0.7487252269173326,0.7711959067793255,0.6845834648896154
2014-10-29,0.7263296315319991,0.7712578269787485,0.6841786209049578
2014-10-30,0.7259468200871785,0.754911011018382,0.6846422147244188
2014-10-31,0.728710004442887,0.7561810291526364,0.6885975547557202
2014-11-03,0.7200978146857224,0.7520992902397166,0.6863110357681654
2014-11-04,0.7205126022215865,0.7479125399834604,0.6855099496654917
2014-11-05,0.7188593901067533,0.7212716783003226,0.6861392463603907
2014-11-06,0.7085727443343932,0.6959704442994055,0.6844841671381912
2014-11-07,0.7048051280075488,0.6401772075992282,0.6813392925742274
2014-11-10,0.706865316366054,0.6456463246359203,0.6834414917700723
2014-11-11,0.7045069044377804,0.5559803835778179,0.6831316164417167
2014-11-12,0.7028062916045924,0.5760354877302533,0.6787320260223256
2014-11-13,0.7010022749981787,0.5854055129543171,0.6769964897580404
2014-11-14,0.6936711867086155,0.5937575579889111,0.6744502375343406
2014-11-17,0.6909400320422162,0.5862788681041005,0.6718794403911036
2014-11-18,0.6918242127163468,0.5815322766134049,0.6684161662924764
2014-11-19,0.6915032346993397,0.4633847299265535,0.6670321621923809
2014-11-20,0.6876513804269576,0.40237569477666696,0.665721729200567
2014-11-21,0.6873046800983911,0.37058293874428866,0.6645327803901709
2014-11-24,0.685562810159712,0.3514277546946536,0.6627669083709121
2014-11-25,0.6841803858476351,0.36038689184476563,0.6614651909250365
2014-11-26,0.6812365958964878,0.28125806275362997,0.659623236575797
2014-11-28,0.6389487256234366,0.1824512280558676,0.629430282165226
2014-12-01,0.6379216653456822,0.21656223607788486,0.6287765822402506
2014-12-02,0.640593275101164,0.15057409762189278,0.6294798139218504
2014-12-03,0.6361147999647407,0.1474695256639018,0.6250745415831335
2014-12-04,0.6357128946352498,0.13697202584306273,0.625053573623127
2014-12-05,0.634025451752208,0.10924900374681548,0.6239200190101373
2014-12-08,0.624135685854927,0.14367000356977333,0.6169841454892379
2014-12-09,0.6218850602020963,0.14999256131575642,0.6160333800084666
2014-12-10,0.6448120280388051,0.34903188383557127,0.6319268748572505
2014-12-11,0.6447292992008581,0.3668972721179455,0.6331547543825842
2014-12-12,0.66269743967058,0.4777824665490443,0.6455511316793568
2014-12-15,0.6623223784683056,0.48977576634642045,0.6478744440559439
2014-12-16,0.658856637206583,0.4945317135400599,0.6451301491038424
2014-12-17,0.6720029314268037,0.5923525587533873,0.6562105123588123
2014-12-18,0.7036675596171653,0.6966957791434617,0.6818772258134582
2014-12-19,0.6962051005409002,0.6893056190844,0.6788010586416806
2014-12-22,0.6890928122987409,0.67709293972641,0.6732853573471069
2014-12-23,0.6800961942177023,0.6468287425090847,0.6659210554435385
2014-12-24,0.6691808365947505,0.6464706578473026,0.6647579021474074
2014-12-26,0.668351559580602,0.6472439929760541,0.6650607966439579
2014-12-29,0.6659403281242692,0.647888984412803,0.66380687655648
2014-12-30,0.6668411770884322,0.7305751840031437,0.6646382938481602
2014-12-31,0.6619326574114888,0.7436177452062939,0.6682612479052861
2015-01-02,0.660647707671779,0.73688255496144,0.6678807463450759
2015-01-05,0.6733979959382332,0.7629730163461891,0.6766763825746409
2015-01-06,0.6755995923240363,0.7619222443086184,0.6777707416851513
2015-01-07,0.6684773228326277,0.7738221983690243,0.6803688312963874
2015-01-08,0.6702950842129686,0.8156437861751146,0.6877951709342043
2015-01-09,0.654267126815609,0.8160498303176423,0.6887629277326635
2015-01-12,0.6621945711038737,0.7975552209805296,0.6913284641596816
2015-01-13,0.6488519305967615,0.7956128849869063,0.693582057880618
2015-01-14,0.6520315189622437,0.7697615485856024,0.6936957335600232
2015-01-15,0.6621231908008269,0.769505111248747,0.6913220954480453
2015-01-16,0.6735691913847128,0.7825201616749624,0.6927390765968184
2015-01-20,0.6693866164423878,0.7600691398532963,0.6913259935098226
2015-01-21,0.6656504359872926,0.6712630551948245,0.6908691427008666
2015-01-22,0.6512014653058442,0.6986502457502346,0.6935636364660122
2015-01-23,0.6471034640130419,0.7139211031626771,0.6923069533029627
2015-01-26,0.6430723604467573,0.7510295888862029,0.6906490910201334
2015-01-27,0.6410557445165708,0.7443219348287711,0.6894638663695722
2015-01-28,0.6484538538704825,0.7327006883850954,0.6902883977918904
2015-01-29,0.647161287306068,0.7448737902310069,0.6943878776066371
2015-01-30,0.6479241754846468,0.7382777086716,0.682505494303303
2015-02-02,0.6554974860338826,0.747316058624217,0.6855527128108104
2015-02-03,0.6579493756748,0.761256491724522,0.6882708050236599
2015-02-04,0.6567039710696694,0.7287369182838818,0.6833449860229321
2015-02-05,0.661597745241027,0.7242530398451622,0.6859099900512585
2015-02-06,0.653458381592625,0.7015949755933555,0.6814448249478359
2015-02-09,0.6551952510073303,0.6735068270004418,0.6779742854710766
2015-02-10,0.6591678736682297,0.6706512299519353,0.6786564923213128
2015-02-11,0.6589309512362439,0.6679593619752612,0.6777733317579895
2015-02-12,0.6616588714736379,0.6730121608264324,0.6783283610160823
2015-02-13,0.6594417251655597,0.6690122378231368,0.6763310397123111
2015-02-17,0.660866392253684,0.659565399937736,0.676548878266004
2015-02-18,0.6611374085577142,0.6353108653895386,0.6740415133506645
2015-02-19,0.6611246483786948,0.643565644972878,0.67256604597745
2015-02-20,0.6625291819192305,0.6474470679725151,0.6734703681649026
2015-02-23,0.6637598747793864,0.6281639244790375,0.6741969676532752
2015-02-24,0.6657271410782352,0.6306520692964183,0.6740666382159787
2015-02-25,0.6625509956382096,0.6310789271579003,0.6720472400741433
2015-02-26,0.6615892798628923,0.6332306164243582,0.670812672591401
2015-02-27,0.6632900155058757,0.6077067129231659,0.671344753637329
2015-03-02,0.6641337157847836,0.5914904540693076,0.6704242731688467
2015-03-03,0.6952977629428146,0.5532923152640835,0.6698507100228563
2015-03-04,0.6968845853888344,0.53536513179172,0.6701606804444774
2015-03-05,0.6952976410302147,0.46334461806480753,0.6705230785574173
2015-03-06,0.7031817146632281,0.5661314049278012,0.6736328661706382
2015-03-09,0.7025643243883299,0.5410836238022046,0.6731698761331703
2015-03-10,0.7115438878328942,0.6267215117923904,0.6779139640962683
2015-03-11,0.7200130325361509,0.6163904556997455,0.6759697514780593
2015-03-12,0.7206188516272749,0.6195259681559013,0.6763458995579325
2015-03-13,0.7094275799728736,0.6324249779283744,0.6760333962879334
2015-03-16,0.7121503728105529,0.6568309650469374,0.6780038769498089
2015-03-17,0.6993495944845245,0.6809019961121968,0.6787039776403542
2015-03-18,0.69902292855037,0.6828682414007796,0.6793296701436844
2015-03-19,0.6991497510249967,0.6892854039333227,0.678428113425423
2015-03-20,0.6890910430375844,0.6976933385078846,0.6786361171952748
2015-03-23,0.6552036078621869,0.6879471939762829,0.678228720929682
2015-03-24,0.6623880951180497,0.6923913810777285,0.6777280915881716
2015-03-25,0.6675044048895491,0.6755378594025913,0.6756980183593178
2015-03-26,0.6809256485175139,0.6812757896870593,0.6763499209237873
2015-03-27,0.6817650491950865,0.6942928513284247,0.671381401420161
2015-03-30,0.6868676587244631,0.7083679245800587,0.6733587028155426
2015-03-31,0.6886301206999963,0.7148447820905052,0.6736462476124955
2015-04-01,0.6874646290524115,0.7147085913896662,0.6741487664568894
2015-04-02,0.6838844148953085,0.7184695208991438,0.6703682122216447
2015-04-06,0.6847902481553626,0.7179873849133519,0.6702571816631256
2015-04-07,0.6718285761093685,0.703279153076525,0.6696345503432094
2015-04-08,0.6684250611364569,0.7018210606335337,0.669434975416734
2015-04-09,0.6649513890972745,0.6664658280678456,0.6637980294664164
2015-04-10,0.6513465921318219,0.6736430165815201,0.6590313916123604
2015-04-13,0.6496076576341048,0.6814102829133698,0.649773360269488
2015-04-14,0.6490602728909407,0.6656827405730659,0.6516527170968329
2015-04-15,0.6448802887365654,0.6281066533807074,0.6424136528437608
2015-04-16,0.6458719787260877,0.6280101136595626,0.6449996154835388
2015-04-17,0.6520237437584038,0.6371558751270072,0.6520118900191455
2015-04-20,0.6456232807696417,0.6608463604219519,0.6547847147130327
2015-04-21,0.647177037643301,0.6423851978924888,0.6533073233439632
2015-04-22,0.6482981387521051,0.6468873217208576,0.6513927382449423
2015-04-23,0.641318167080986,0.6388432675870303,0.6411715268197955
2015-04-24,0.637112184787766,0.5895771563375591,0.6376401911003262
2015-04-27,0.6336352765936479,0.5655867233562212,0.633723029996823
2015-04-28,0.6353972935788655,0.5759316330052032,0.6335234886845964
2015-04-29,0.630453405165735,0.5336480916472398,0.6348157296249438
2015-04-30,0.6338881271550068,0.5599934153817685,0.6350824118654734
2015-05-01,0.633782507823374,0.5846581498934441,0.6378546126475888
2015-05-04,0.6255505169110961,0.5763954385537844,0.6384930135822876
2015-05-05,0.622248118867651,0.614051951496386,0.6379634495170998
2015-05-06,0.6274452532850364,0.6156482586142333,0.6394083481377271
2015-05-07,0.6212714600663125,0.6144651865792645,0.6403864809653179
2015-05-08,0.6421631585410876,0.6590253912721468,0.6449719481132256
2015-05-11,0.6428279080135707,0.6579575179103523,0.6467994125520996
2015-05-12,0.6385945918443255,0.6535633518020557,0.6481130214783136
2015-05-13,0.6388699990800062,0.6597617553636713,0.6477180187655674
2015-05-14,0.6362219558827837,0.6860954942829773,0.6481896181301089
2015-05-15,0.6386354740337381,0.6763514244673621,0.6476940702863649
2015-05-18,0.6387253000512583,0.6403111453209309,0.6487137217148988
2015-05-19,0.6411000715300254,0.6177415971322543,0.6498001545115087
2015-05-20,0.6434222203759166,0.6274138212287196,0.6506429754335409
2015-05-21,0.6411917823032094,0.6220387616166085,0.6507952421117547
2015-05-22,0.6433406229777641,0.629838693183152,0.652312438794464
2015-05-26,0.6507156672134357,0.681087909497327,0.6562824261196394
2015-05-27,0.6542005953382051,0.7096564977870261,0.6552952004810499
2015-05-28,0.6600503986754067,0.7095218806680517,0.6565077524140931
2015-05-29,0.6608471457894965,0.7264874954254082,0.6578326956202797
2015-06-01,0.663966626396001,0.7085384065959506,0.6595302045161275
2015-06-02,0.6625600868058958,0.6712349171272333,0.6793125910708898
2015-06-03,0.6590745020352626,0.6646553330768493,0.6788419226796395
2015-06-04,0.6645291271687551,0.6565912307126851,0.6799435710311333
2015-06-05,0.6475938879721632,0.6293072179607304,0.6793114267970943
2015-06-08,0.6503008236353073,0.6388253955581867,0.6796406516990148
2015-06-09,0.6323950700987272,0.5617611973663925,0.6813144976968153
2015-06-10,0.6454629844231616,0.6221316091317767,0.6910451526672284
2015-06-11,0.6450681947680733,0.6301241881303465,0.6917247884120445
2015-06-12,0.6500032406845183,0.6631808031698347,0.6866661494558388
2015-06-15,0.6396623013119498,0.648243042154886,0.6859454391946644
2015-06-16,0.6408788770320604,0.6690025963094285,0.6774827657852583
2015-06-17,0.6326660376429799,0.6629801354973651,0.6757259679367807
2015-06-18,0.6490534537355177,0.7185192081156371,0.680031606154431
2015-06-19,0.6368085610984887,0.685021809922844,0.6688338444939655
2015-06-22,0.6294251545383959,0.6591547551677057,0.6426782342804545
2015-06-23,0.625188631603974,0.6512117414080115,0.6456637810669331
2015-06-24,0.6279232043733473,0.6337783864665507,0.652439251137118
2015-06-25,0.6259637350781848,0.6256517259288402,0.6606649135985145
2015-06-26,0.6241866340129991,0.6117439748579578,0.6603338701804174
2015-06-29,0.6566462691606052,0.7191244321857603,0.6738536513982424
2015-06-30,0.654568533824168,0.7180395599863765,0.6751122767594153
2015-07-01,0.6507551742963509,0.7213691588399987,0.6729911038189239
2015-07-02,0.6483019489761506,0.7208165160496971,0.6694594078017895
2015-07-06,0.6474496296271973,0.7073047601002646,0.6697075887768128
2015-07-07,0.6392362274798157,0.71232900288294,0.6581718644149089
2015-07-08,0.6656520681384904,0.7557444425231938,0.6662350737070226
2015-07-09,0.6625111713969456,0.7469927891860902,0.6625018931289748
2015-07-10,0.6744591437311382,0.7529605203119675,0.6584505409709476
2015-07-13,0.6812639041331106,0.7599568773928338,0.6603412868834763
2015-07-14,0.6910251205323483,0.7576620473473245,0.6661678521339452
2015-07-15,0.6931801241364427,0.7440580789508974,0.6634714596170365
2015-07-16,0.6967946039970565,0.7482069426546286,0.6655940440719993
2015-07-17,0.6755772284456983,0.7198978680887925,0.6592048538366858
2015-07-20,0.6713263440349483,0.696947232231373,0.654593454871182
2015-07-21,0.6725796132848055,0.7101883371504102,0.6562331080678285
2015-07-22,0.6598637892494416,0.7001636318155848,0.6517710920247767
2015-07-23,0.6613987983496212,0.7053567413423587,0.6475505749503169
2015-07-24,0.6655382294535475,0.6885518867228275,0.6472087376672122
2015-07-27,0.6745177974078235,0.691190035182915,0.6483654172599538
2015-07-28,0.6735203641715993,0.6931741707796554,0.6494733831925437
2015-07-29,0.6759852037956816,0.6097337707121464,0.6480575404395646
2015-07-30,0.6688296064088387,0.6099589272657155,0.6454850681729377
2015-07-31,0.6570917937134405,0.6047278160009533,0.6407231828204026
2015-08-03,0.6552378326787025,0.6079368733590089,0.6356529330938148
2015-08-04,0.6469270558997037,0.6030506694385651,0.6294584566575382
2015-08-05,0.6375429490131503,0.6001796569554596,0.6276844706840102
2015-08-06,0.628694592212698,0.500187514298511,0.6217531528338572
2015-08-07,0.6091897682203805,0.502675237749467,0.6238342173043764
2015-08-10,0.610975642492234,0.4858339978482851,0.6253401269326577
2015-08-11,0.6137932179569952,0.470052866216923,0.6241281755002547
2015-08-12,0.6088338621267505,0.4510074689065489,0.6222011448268709
2015-08-13,0.6022788454245892,0.45420964033746974,0.6182350413555509
2015-08-14,0.6056921690484854,0.43736459387214205,0.6209832203143887
2015-08-17,0.6078587865253723,0.4761582452403509,0.6222890621838728
2015-08-18,0.6112101969248929,0.48486902177235036,0.6255945310659428
2015-08-19,0.6130228299813831,0.497208605754885,0.6272866042535837
2015-08-20,0.6394704972360407,0.6094700086909445,0.6400712861915804
2015-08-21,0.6727626717345765,0.6778504046513185,0.6603230248968481
2015-08-24,0.7582834187976683,0.8263209954388561,0.7188946093915802
2015-08-25,0.762794073780884,0.8283150673167087,0.7241400066341479
2015-08-26,0.8014527668205678,0.8778283480599918,0.754926966145955
2015-08-27,0.8137903234264862,0.8936826294937191,0.7647495384548729
2015-08-28,0.8091226953511322,0.8877605970907311,0.7634521873224542
2015-08-31,0.806811655509668,0.8878141489219004,0.761920487583886
2015-09-01,0.8305075260366206,0.9124910561883964,0.7806486737293857
2015-09-02,0.8368949098952919,0.9225150911196031,0.7865878387983123
2015-09-03,0.8392365426793845,0.9277967268153046,0.7853258393548267
2015-09-04,0.8418632587064933,0.9377606879895216,0.7884943171404617
2015-09-08,0.8510708030538919,0.946986532510607,0.7950082192709289
2015-09-09,0.8505709093895343,0.9514213115952183,0.7979621404901858
2015-09-10,0.8504002670822468,0.955264741158888,0.7994852272308922
2015-09-11,0.8482263829054394,0.9602367775740106,0.7976360763517535
2015-09-14,0.8487385071908068,0.9618743179286845,0.7969040478067946
2015-09-15,0.8503111748052902,0.9623005754027373,0.7986730260550675
2015-09-16,0.8487117142759029,0.957759007530036,0.7980528359486851
2015-09-17,0.8427038452603716,0.9508983104899866,0.7965907134396771
2015-09-18,0.847659967086435,0.9534423856146207,0.7988741754386317
2015-09-21,0.847508143776476,0.9495704338788996,0.7961424935632689
2015-09-22,0.8495384174815448,0.9633321356841523,0.7977640300172933
2015-09-23,0.8472544353672943,0.9229560303794376,0.7992900379474415
2015-09-24,0.8470790080838373,0.9175394890276191,0.798649136567211
2015-09-25,0.8370042780395833,0.8641757932203336,0.7904881079705469
2015-09-28,0.833899327484102,0.8466077760871467,0.792422834781974
2015-09-29,0.8322554147340776,0.8499293494874985,0.7915632441641038
2015-09-30,0.8377093085149768,0.8666491451579218,0.7952507823402216
2015-10-01,0.8364368509347878,0.8119698993198086,0.794046977692975
2015-10-02,0.8340152883417075,0.7848583415670544,0.7928661999284662
2015-10-05,0.836536164171989,0.7857065606924671,0.7928065015014871
2015-10-06,0.8250516454575969,0.7524036588310448,0.7870745893063568
2015-10-07,0.8252963017158764,0.7130178201041015,0.7864088709036976
2015-10-08,0.8232793748087015,0.700369918934794,0.786354449352144
2015-10-09,0.8216710798494037,0.69890779136567,0.7859535425845952
2015-10-12,0.822410203710414,0.7018358672349553,0.7872458388433754
2015-10-13,0.8241742380304742,0.7030180684920783,0.7885312803825912
2015-10-14,0.8214112466682332,0.6884535826902971,0.786812578643358
2015-10-15,0.8278908224110457,0.700090590438144,0.7877750656583286
2015-10-16,0.8287035418464893,0.7119846731429912,0.7878669987769631
2015-10-19,0.827376497323133,0.6774970331321164,0.7872487174593895
2015-10-20,0.8299048625323989,0.6826925722567821,0.785100909481935
2015-10-21,0.8309596578770774,0.6745135736025892,0.7856239284087415
2015-10-22,0.8316848070036733,0.6826710723363985,0.7871504858736501
2015-10-23,0.8235318207687858,0.6399270163716179,0.7836293885967948
2015-10-26,0.8214858415500875,0.6606375671942053,0.7817370591978943
2015-10-27,0.8162746051591391,0.5369455152494506,0.7787696065107088
2015-10-28,0.8130469960314562,0.5265911690834154,0.775678523066984
2015-10-29,0.8150801663332052,0.5003850510923528,0.7746007590234711
2015-10-30,0.8139704913419139,0.5069285667357127,0.772956421174984
2015-11-02,0.8155419412986956,0.5061597712371324,0.7734358957634997
2015-11-03,0.8169583580942974,0.4656971933008454,0.7715626779259442
2015-11-04,0.8201375516830631,0.4968913684258525,0.7719591039288997
2015-11-05,0.8216130886792393,0.4971747221248276,0.769383022505931
2015-11-06,0.8166183266838952,0.47590529821029387,0.765204532629738
2015-11-09,0.8188172517968657,0.5083380735692117,0.7665250860500556
2015-11-10,0.8209634052040803,0.5012188016232205,0.7668958085495957
2015-11-11,0.8204701698888685,0.48994100933335033,0.7660582842421015
2015-11-12,0.8238232558558366,0.55644681604215,0.7698408314925732
2015-11-13,0.8192319165975017,0.5103214818411717,0.7671911030390594
2015-11-16,0.8213823381454837,0.5552034317172475,0.7703953249729398
2015-11-17,0.8212019191313714,0.5594885737920513,0.7695159301793676
2015-11-18,0.8209336699091624,0.6085769192012762,0.7723626556539802
2015-11-19,0.815339051339635,0.5836598538584372,0.769533630456318
2015-11-20,0.7694956058943999,0.563481580791462,0.7667839675188208
2015-11-23,0.7628318660933214,0.5773637253969023,0.7661389201665657
2015-11-24,0.7324068911474593,0.5797573827918973,0.7647955746709701
2015-11-25,0.714130228276965,0.6061145860969807,0.7641589981987985
2015-11-27,0.7165611269512011,0.6057176844804255,0.7638980146538706
2015-11-30,0.7158830548415394,0.5968174983427157,0.7630128406618091
2015-12-01,0.6765685917477436,0.6264068433407781,0.7645690559398481
2015-12-02,0.6671964302227495,0.6175370681747266,0.763694483199526
2015-12-03,0.675761785296097,0.6531667151196898,0.7670552867483318
2015-12-04,0.6704155684041488,0.6841318071457765,0.7675995666039379
2015-12-07,0.6434795530137394,0.6696256102343984,0.7647854765516404
2015-12-08,0.6345216686605565,0.6885298014704196,0.7626035658504284
2015-12-09,0.6278220136772552,0.6512014281792938,0.7586227443539783
2015-12-10,0.6329775086335754,0.6610393910839052,0.7620021185803517
2015-12-11,0.6468300413823355,0.6980249777662868,0.7652643249031723
2015-12-14,0.6417373008452669,0.677621265454822,0.7649739150296928
2015-12-15,0.6414342277251548,0.6913843710987594,0.7645022679729785
2015-12-16,0.6509408461315381,0.6819463276897415,0.7640374953154362
2015-12-17,0.6507177895994173,0.7117862401832324,0.7686005404451219
2015-12-18,0.6654811982760952,0.7062531918877899,0.7726417201158832
2015-12-21,0.6613550008902133,0.7318591280556848,0.7736975537871037
2015-12-22,0.664830185217181,0.7474986486738405,0.7735736123562376
2015-12-23,0.6665382379375718,0.7560242699266233,0.7736046131006843
2015-12-24,0.6802209920822686,0.764015362958121,0.7746048269510685
2015-12-28,0.6579242065291959,0.7647812683997023,0.7696400443231608
2015-12-29,0.6628323432963997,0.7706513985594728,0.7708090208268555
2015-12-30,0.6555534128786997,0.7868990726580992,0.772466397445966
2015-12-31,0.6616391000095049,0.7829457283324619,0.7733983437833855
2016-01-04,0.6644218780165193,0.78458019564327,0.7742408458772198
2016-01-05,0.6584817074833983,0.7801704062388546,0.7761313543911879
2016-01-06,0.6731059976584501,0.7770336113313554,0.7727169625505959
2016-01-07,0.6948937576045195,0.8208150753806455,0.7792871906871583
2016-01-08,0.6976381611368658,0.828823567239231,0.7788321858051329
2016-01-11,0.6915038257318455,0.8339027691182558,0.775194478640563
2016-01-12,0.694714368495313,0.8385943596166621,0.7772392496078037
2016-01-13,0.7078972416217132,0.8337785116192385,0.78115742632274
2016-01-14,0.7166593474149167,0.8379880432337872,0.7820998096299132
2016-01-15,0.7233812518485756,0.8550488443504706,0.7888813013711206
2016-01-19,0.7194094469313078,0.8442319028234213,0.787592537159876
2016-01-20,0.7246800505402529,0.8329443868361134,0.7888325506472593
2016-01-21,0.7254958838594872,0.8224572156664464,0.7900021046908442
2016-01-22,0.7355835749091979,0.8405820281426605,0.7931616144393664
2016-01-25,0.7378389862563615,0.8370987078604639,0.7941157965146642
2016-01-26,0.7488686365927854,0.8321881986620391,0.794395405381319
2016-01-27,0.7495131059502566,0.824328942120925,0.7933547274985275
2016-01-28,0.7409951674643868,0.7945137114866953,0.7871551698592943
2016-01-29,0.7585186216288022,0.8189194179064255,0.7925409530073008
2016-02-01,0.7570930480717627,0.8129601484961868,0.7927413786390093
2016-02-02,0.7623678753712508,0.8140867052029406,0.7935871521717028
2016-02-03,0.7527719973822721,0.800561499910145,0.7906937175444062
2016-02-04,0.7473307816374737,0.7850823031155348,0.7891697257695739
2016-02-05,0.748934819900485,0.7874612458449947,0.7913547126891081
2016-02-08,0.7484368932966855,0.7645567334776935,0.791375518074596
2016-02-09,0.7532570943894235,0.7521792845157389,0.7893915621132298
2016-02-10,0.7503695676774655,0.7608766299261422,0.7891689585545292
2016-02-11,0.7482053225359714,0.7523445479845651,0.7885450336436581
2016-02-12,0.7539945139943357,0.7467366308203564,0.7897064928483114
2016-02-16,0.7550528572979159,0.749994858506278,0.791494101876016
2016-02-17,0.7619822722267952,0.7316634597679236,0.7922037506027443
2016-02-18,0.7559461379546836,0.7390275416221497,0.7915955876680569
2016-02-19,0.757457412651625,0.7302813180093244,0.7917535518501253
2016-02-22,0.7549345762547879,0.7410906096164803,0.7904980170749549
2016-02-23,0.7605810742718211,0.734335943770488,0.7887692312011019
2016-02-24,0.7642266780618597,0.7269783807315842,0.7674858071415213
2016-02-25,0.7701620875539453,0.7309114175583669,0.7677267631137465
2016-02-26,0.7646461121396916,0.7126109615002613,0.7518743803488817
2016-02-29,0.7655810611483786,0.7531121744047783,0.743874181448591
2016-03-01,0.7708611084072325,0.7403570823521223,0.7482603535068549
2016-03-02,0.7724099903017395,0.7396354101816123,0.7486333657055506
2016-03-03,0.7710837316952917,0.7238949046849585,0.7342702163185002
2016-03-04,0.7715970425318591,0.7432157846577941,0.7300395462213
2016-03-07,0.7659605770369332,0.7492833989617983,0.7283073039141112
2016-03-08,0.7636641191595535,0.7289096482011811,0.724399932330203
2016-03-09,0.7670665133254709,0.7187667415647292,0.7167180423897692
2016-03-10,0.7684508965887502,0.7344029192858025,0.7146026216242553
2016-03-11,0.7754106342460297,0.7444497216517726,0.7163885894309822
2016-03-14,0.781220679797878,0.7398146311755853,0.7197045006802093
2016-03-15,0.7727926160347762,0.7254188189137536,0.7183786389073138
2016-03-16,0.7721742074272744,0.703538095188475,0.7161388828900205
2016-03-17,0.7677398550151157,0.6646527431220539,0.7129484490699598
2016-03-18,0.7654232154834008,0.6549684745716127,0.7142441499082041
2016-03-21,0.7596444808175593,0.6527714572959665,0.7102890781565752
2016-03-22,0.7520565142169553,0.6230886167486686,0.7110926006277738
2016-03-23,0.751751221285214,0.5979115081016784,0.7092340460098281
2016-03-24,0.7505950023416276,0.6006999010980593,0.7099219279386892
2016-03-28,0.748069207011057,0.5760982775553801,0.7097716052466804
2016-03-29,0.7480549323708969,0.6052016494322082,0.7161694458818353
2016-03-30,0.7490251618915018,0.5788863795592761,0.7087708830507706
2016-03-31,0.7469865545089527,0.4796562292070179,0.7098233301760483
2016-04-01,0.7445685729999656,0.48493554809639966,0.7053068096489093
2016-04-04,0.7396102272002898,0.47740694314437354,0.7045214111143746
2016-04-05,0.738548612421451,0.5228919084788165,0.7047518712177555
2016-04-06,0.7371552132442797,0.5655701259500467,0.7021773588115964
2016-04-07,0.7381292299952669,0.5840017985649777,0.7087380700510425
2016-04-08,0.7208766684972948,0.5756667226042765,0.7081714192080658
2016-04-11,0.7155152917087019,0.5715858814004637,0.7071077963680952
2016-04-12,0.722872582327109,0.5310095648741479,0.7082677861474563
2016-04-13,0.7188537672483318,0.5170189792209469,0.7063932728514775
2016-04-14,0.7051462860664611,0.5264726543137063,0.7063933823355729
2016-04-15,0.7007344094745844,0.5331309069344609,0.7071491153855166
2016-04-18,0.6826542608688244,0.5812802001019807,0.7048916658432197
2016-04-19,0.682624429214859,0.5566133444978977,0.7025297552202476
2016-04-20,0.6679044411335433,0.5344701687811877,0.7004481512063089
2016-04-21,0.6673431146319756,0.541802107229565,0.700211974230779
2016-04-22,0.6467857664935708,0.48708697492605724,0.6948789138899132
2016-04-25,0.6373178423602311,0.4860441757083791,0.6938003889618116
2016-04-26,0.630575962028162,0.4783029281652252,0.698038133675566
2016-04-27,0.6248149620846442,0.4606689476270917,0.6980508014090646
2016-04-28,0.647917656343815,0.4891418606669048,0.7029966016541519
2016-04-29,0.6218958574747045,0.4834579986954448,0.7028742068984389
2016-05-02,0.6251726900841994,0.4932568801922958,0.7034932964863762
2016-05-03,0.6144985049757374,0.5246047816496495,0.7059088944151267
2016-05-04,0.6219692167181935,0.4885764795428401,0.7034519172148352
2016-05-05,0.6305978676374038,0.46740378106429475,0.7043241999613704
2016-05-06,0.6132471154453667,0.40558743111434037,0.7035496101669222
2016-05-09,0.6015305332715568,0.38855190501882353,0.7022902537693515
2016-05-10,0.6138708482761007,0.443405329947732,0.7093636105347266
2016-05-11,0.6192525071138553,0.44122528603305705,0.7078045104818065
2016-05-12,0.6115656369828478,0.4290062182697978,0.7082404807067104
2016-05-13,0.6008580727865204,0.4505733758052416,0.7094597999855469
2016-05-16,0.5888113251042134,0.48078829682147467,0.7061848848420754
2016-05-17,0.5801997967420409,0.47683059342636147,0.7074205929950963
2016-05-18,0.5682193129995272,0.4555477643879279,0.698660265728559
2016-05-19,0.5644476585712495,0.4603669053450491,0.6980879802328377
2016-05-20,0.5514605121667316,0.47797817349534427,0.6934080319941455
2016-05-23,0.5390944464644797,0.5164688575637825,0.6958618611625029
2016-05-24,0.5481412319545907,0.5614669812945139,0.6996942653519147
2016-05-25,0.5392853968150901,0.5831285497246332,0.701392674546182
2016-05-26,0.5434250089806114,0.5928309831673354,0.7015016559299315
2016-05-27,0.5388213483976012,0.5809111268544855,0.7026028478196102
2016-05-31,0.5020676886427677,0.5930326430519701,0.7026274060695253
2016-06-01,0.5023769108094746,0.5776898542769715,0.7038654349080435
2016-06-02,0.5015479191446572,0.553856058502115,0.7023925805648376
2016-06-03,0.49710741590501506,0.53760613891059,0.7000795608143522
2016-06-06,0.504285804591041,0.5334895860425793,0.6972158110261267
2016-06-07,0.4937606090689611,0.5288025987468318,0.6943969608116822
2016-06-08,0.49420803631798826,0.5507261233895849,0.6967682697311041
2016-06-09,0.49275650403453053,0.5059787020974662,0.6965048278887479
2016-06-10,0.48259962552577074,0.5184145333237934,0.7014584516088523
2016-06-13,0.4894496744851573,0.5426452349257782,0.7031472453584963
2016-06-14,0.48984501611959574,0.502418818524655,0.695464655616412
2016-06-15,0.49109021503203043,0.4716728425828288,0.6954803720553765
2016-06-16,0.5006652852831844,0.44523144513408197,0.695503180452483
2016-06-17,0.5021571638793193,0.5135743814503988,0.6935897142435462
2016-06-20,0.5084614803254364,0.5470097897898833,0.6894636289361743
2016-06-21,0.5106304136239703,0.5442643880798916,0.6836093716699563
2016-06-22,0.5074891090022793,0.5510107238219464,0.6828413429565627
2016-06-23,0.5251076892582476,0.5654098844315529,0.6846052137800738
2016-06-24,0.6277144043404332,0.8072721910642018,0.7033603664061121
2016-06-27,0.6330126979868139,0.8050683817866302,0.7041180918711419
2016-06-28,0.647154424814193,0.8169112592567926,0.7084728321292918
2016-06-29,0.6632079346753739,0.8406468238436313,0.7118253433021547
2016-06-30,0.6696670241615269,0.8374365796177907,0.7119701649553305
2016-07-01,0.6715327102821436,0.8357923763042177,0.7097541997292112
2016-07-05,0.6653587003511399,0.8396630680594801,0.7068695492463665
2016-07-06,0.6681362931441617,0.844067239019576,0.7075067178410991
2016-07-07,0.6584777815326811,0.8427151902964527,0.7050632885267728
2016-07-08,0.6672919438157232,0.8431853992275119,0.695914355990609
2016-07-11,0.6681874925874325,0.8428811628092765,0.6930881254946056
2016-07-12,0.6626804026492326,0.8230798912793742,0.6954523281589132
2016-07-13,0.6624133142602772,0.816456911391983,0.6926716382631837
2016-07-14,0.6630697916190615,0.8207955122678854,0.6836083629090048
2016-07-15,0.6656453109719218,0.8250189062715249,0.6817236657055673
2016-07-18,0.6632951808253321,0.8240217325724477,0.6704536649482791
2016-07-19,0.6706182113199117,0.8276936488210317,0.6734809037003793
2016-07-20,0.6747178677746498,0.8169823970363959,0.6673638858232573
2016-07-21,0.6806693445914256,0.821057847349497,0.669318439028886
2016-07-22,0.6951603696699483,0.8189568417368156,0.6630982288770503
2016-07-25,0.6950487842742612,0.8122366199649007,0.65870964834052
2016-07-26,0.6969776049777606,0.6924882331254587,0.6554337592132146
2016-07-27,0.6939607208853569,0.6453207754252094,0.6511057823327578
2016-07-28,0.6901762672889509,0.6080049855377011,0.6618167610538775
2016-07-29,0.6930198717270547,0.5231071494700616,0.648175937694961
2016-08-01,0.6846025069104015,0.43825930712447,0.6463686190014882
2016-08-02,0.6806229268749797,0.46322974230754405,0.6395283998768146
2016-08-03,0.6772371414873742,0.4304031442644948,0.6423706188234665
2016-08-04,0.6778783110358714,0.4187815212416575,0.6470571884609267
2016-08-05,0.6776016751524038,0.4273193177047898,0.6393747251629973
2016-08-08,0.6806183887554117,0.28948722890692763,0.6359839021524403
2016-08-09,0.6740014533593991,0.2855285701273634,0.6393372854334776
2016-08-10,0.6714194564976548,0.2593504541879123,0.6400908162060385
2016-08-11,0.6735308067842867,0.2773290216618369,0.6392117422669049
2016-08-12,0.668521499923779,0.24737962805257227,0.6317098910239559
2016-08-15,0.6642096792712132,0.23996899974167948,0.6233840857276598
2016-08-16,0.6648155563174978,0.2617165190561535,0.6183974000421827
2016-08-17,0.6785553671466791,0.2582570980765066,0.6184169757340965
2016-08-18,0.6810710651876191,0.2627751741971454,0.6172613021964497
2016-08-19,0.6832009737119971,0.2592714192257025,0.6121151436680057
2016-08-22,0.6837831867192748,0.23843084917907298,0.6070666225095506
2016-08-23,0.6777581356987048,0.23351850195357604,0.6068709113535774
2016-08-24,0.6743104761220264,0.2617332547120761,0.6016569131082442
2016-08-25,0.6746492844675345,0.2952889731442964,0.6054308214700261
2016-08-26,0.6701935651579136,0.2899179558468323,0.6024078104329638
2016-08-29,0.6705995329454999,0.3163932850089268,0.5881677952453789
2016-08-30,0.6689225245064242,0.34450146697845635,0.5876545595028543
2016-08-31,0.6714679449128416,0.32154475305903213,0.5882821798943564
2016-09-01,0.6774297317020964,0.3271976810401218,0.5882409138681587
2016-09-02,0.6777841449526332,0.3491065461098395,0.5922764554097348
2016-09-06,0.6807572808369946,0.3103783735673839,0.5906339265916817
2016-09-07,0.6788158218098812,0.3102274087240725,0.5902271903594176
2016-09-08,0.6741471979196088,0.28526237733102183,0.587388031307358
2016-09-09,0.6939850399317148,0.645919165785427,0.6015701596109168
2016-09-12,0.7017547646692449,0.7030207833379691,0.6098648875550469
2016-09-13,0.7184282775595366,0.7381763626951621,0.621488350537376
2016-09-14,0.71818304374318,0.7398523916403698,0.6221812779857
2016-09-15,0.7202966128870278,0.7549131649267781,0.6290208709390376
2016-09-16,0.7212040241315718,0.7471802839795286,0.6299470959395361
2016-09-19,0.7172413291457655,0.7489041160764541,0.629487526538065
2016-09-20,0.7185491209712962,0.7485417831248985,0.6313450072282795
2016-09-21,0.7239901197346924,0.7746915661950097,0.6350161404688918
2016-09-22,0.7196392571118087,0.7828599438094899,0.636614385707706
2016-09-23,0.6622703902944098,0.7923123106936585,0.6382660449891877
2016-09-26,0.6569041387117232,0.7874072278131679,0.6380601565161235
2016-09-27,0.6381874880852729,0.7820547161123038,0.6363305671284784
2016-09-28,0.6034417674538451,0.75442195833555,0.6316291670302511
2016-09-29,0.5937811970540672,0.763462230361756,0.6330877893144339
2016-09-30,0.5970607254847482,0.7550192739460853,0.6354310215565082
2016-10-03,0.6004081901110022,0.754405604014031,0.6318093066316799
2016-10-04,0.5996343527602712,0.7504619489246177,0.6322521572787563
2016-10-05,0.5957620137227471,0.7354116364003844,0.6262970507367988
2016-10-06,0.5786399878601245,0.7363587389265077,0.6273322226648157
2016-10-07,0.576170319472149,0.7458138887649974,0.627313014488111
2016-10-10,0.5807499770471533,0.6812900269720203,0.6261844770516879
2016-10-11,0.5971928698513016,0.6754820496999338,0.634014750175665
2016-10-12,0.5919240996264923,0.6120067358666847,0.6331201589464197
2016-10-13,0.5872312939283016,0.6073608174327918,0.6333397933557298
2016-10-14,0.5850272241845751,0.581301707302133,0.6307738577223304
2016-10-17,0.5851430499459801,0.5877001320536062,0.6352164247910091
2016-10-18,0.5937887986120174,0.6020424987252293,0.6400822366297088
2016-10-19,0.5932713499530805,0.5972984844488094,0.6416866319947673
2016-10-20,0.5898367310663218,0.5437912354018336,0.650358018044394
2016-10-21,0.586647990679101,0.5132443843795543,0.6491467918828171
2016-10-24,0.5886056801776391,0.5075164806852841,0.6511580991597624
2016-10-25,0.59741509520878,0.4887856375111866,0.653158598645269
2016-10-26,0.5941112248895504,0.48422793187230795,0.649794982733452
2016-10-27,0.5934496703773713,0.4986406141223894,0.6512247777313712
2016-10-28,0.5927776595415386,0.44107725671357506,0.6448346829289298
2016-10-31,0.5905668556522902,0.4016179680141671,0.6412945754693254
2016-11-01,0.6013489131656072,0.4383594911940201,0.6443936299733742
2016-11-02,0.6056323888624064,0.45750920462422856,0.6465719154252957
2016-11-03,0.6052634442248709,0.4651499380640095,0.646922960890602
2016-11-04,0.603281757381271,0.4421578078006168,0.6487761342757623
2016-11-07,0.6487393724634485,0.675293192969752,0.6594782419281416
2016-11-08,0.6547267179979233,0.6830134006579412,0.6597440091447105
2016-11-09,0.5806160774080679,0.4537577638686743,0.6298838856679562
2016-11-10,0.5200204384396953,0.34521827491100393,0.5960903585186008
2016-11-11,0.515447566014467,0.3375276584362814,0.59147706184162
2016-11-14,0.4958091753566345,0.3137315156002158,0.5802230154131762
2016-11-15,0.49555589634509356,0.30569968802862973,0.585057261254223
2016-11-16,0.48933488118233814,0.2830141050432283,0.5837928772257959
2016-11-17,0.48843457598759704,0.28543397761621425,0.5831557523120062
2016-11-18,0.4889306162223888,0.2864967556193834,0.5831647998222518
2016-11-21,0.4920600790349443,0.2981443870379547,0.5794809515974917
2016-11-22,0.4855193968166082,0.2916411517465875,0.574723286479582
2016-11-23,0.484349189306428,0.2893245604738278,0.5745441902818094
2016-11-25,0.4850269799538767,0.28369761580755753,0.5732902648859631
2016-11-28,0.48074033575637526,0.28347076204805866,0.5716983294648093
2016-11-29,0.4817158131319568,0.28439443048435714,0.5720299270921956
2016-11-30,0.45547244687674415,0.25475541403043417,0.5560256283777795
2016-12-01,0.44159821689234746,0.21911546859061662,0.5489157396868543
2016-12-02,0.43645545584407475,0.1901327329460842,0.546447224219077
2016-12-05,0.4380874581738295,0.1753122394624754,0.5479478902875362
2016-12-06,0.4396256184031526,0.1727094269700445,0.5480169918942281
2016-12-07,0.4487060751674262,0.06251003098019034,0.549432523714442
2016-12-08,0.3915274121435676,0.060896100214678846,0.5451007266797202
2016-12-09,0.36864269522631893,0.07225227301301826,0.5389302917015921
2016-12-12,0.3339941048657053,0.1332910601302967,0.5383887465993463
2016-12-13,0.33592112521277195,0.13280839600675215,0.5381794110387671
2016-12-14,0.33905230849844387,0.23068850233114985,0.5412115088010234
2016-12-15,0.338878215562002,0.2208305490795038,0.5413747343871985
2016-12-16,0.3361744119411882,0.22631115680501482,0.5374610418623483
2016-12-19,0.335059103052346,0.22539597235689246,0.5373525563205082
2016-12-20,0.3208951145996669,0.2153646140337773,0.5368314053029059
2016-12-21,0.31937517250246955,0.21237051899615192,0.5314210598462012
2016-12-22,0.3141688637364962,0.22800061285762188,0.4740543046417079
2016-12-23,0.3049538534822016,0.23209021035132973,0.4616608848403332
2016-12-27,0.3046796653823436,0.23198146135886327,0.4468075527626226
2016-12-28,0.31902589328587033,0.2722930617852029,0.434465624375388
2016-12-29,0.3052509502487424,0.2711014819754809,0.42330470956868715
2016-12-30,0.3014585144443096,0.37086282893851913,0.4247610008902211
2017-01-03,0.30686892593025467,0.4601669184829939,0.4264913623499234
2017-01-04,0.3050389288536955,0.4761230044125975,0.4257834518267711
2017-01-05,0.3037105865899744,0.4740963694291741,0.42506583065871956
2017-01-06,0.3040572218528019,0.47425540993143184,0.4133037520389061
2017-01-09,0.30339750254897774,0.44951735967237333,0.41247254656270227
2017-01-10,0.300425332712435,0.4518867362766697,0.4111227500514642
2017-01-11,0.27109978518706007,0.42288258582781646,0.41048729230132924
2017-01-12,0.27337908523844945,0.4487895255614935,0.40867824516838164
2017-01-13,0.27304468646325286,0.4390944469823931,0.40862093487934154
2017-01-17,0.2655994791336368,0.3114756663717568,0.40133632620671456
2017-01-18,0.26255243809777723,0.29950205830630483,0.401086534970681
2017-01-19,0.2623522146921401,0.33172757110525697,0.40405186198627535
2017-01-20,0.26408148742420684,0.34622738768459355,0.4045361331528438
2017-01-23,0.2647173081212726,0.34916220291669375,0.40361686051196094
2017-01-24,0.2681096603156942,0.34966111171800707,0.4037476635288555
2017-01-25,0.27652069727895334,0.40167794105483506,0.40868695110307196
2017-01-26,0.27521601751932834,0.39993768704782395,0.41190452598361904
2017-01-27,0.27400335624425715,0.38711224566772,0.4107131974059635
2017-01-30,0.28000758220205124,0.35807592562341467,0.41340568177420955
2017-01-31,0.27626416874727017,0.3239876264494366,0.41195384456027373
2017-02-01,0.2746331803424421,0.3056828069815052,0.40794473433350475
2017-02-02,0.2610305084331548,0.25850344677237136,0.407840617609747
2017-02-03,0.2546780688873351,0.2612205131861782,0.40918254885465444
2017-02-06,0.25189646019433365,0.26940751053292344,0.4073642665551169
2017-02-07,0.25076412154846456,0.2570527140640786,0.4067074927099429
2017-02-08,0.1726987051236514,0.24728823409365244,0.40580690895708726
2017-02-09,0.17412603622090828,0.2709159596325117,0.4075465858674614
2017-02-10,0.19776311801448596,0.29098268012981326,0.4093879003356033
2017-02-13,0.24800730267476803,0.2958599912806232,0.4110774215291932
2017-02-14,0.2501600729439601,0.29268577612579194,0.4115392839019964
2017-02-15,0.2729379394068445,0.33914166770989285,0.41044847779271243
2017-02-16,0.2679139722166653,0.3396053469313734,0.4099141030829005
2017-02-17,0.2729998968119026,0.31248275923165336,0.41084711883639197
2017-02-21,0.2795617203302802,0.32904028636086413,0.41260477458815903
2017-02-22,0.2788860406806039,0.3171941092108845,0.4126109149887993
2017-02-23,0.26807020244049384,0.31533068267096426,0.4111988975679272
2017-02-24,0.2731216622253315,0.2578141361154972,0.4082281722477627
2017-02-27,0.2748459540509682,0.25596380200465346,0.40825477118464654
2017-02-28,0.2764556680234694,0.2640263230320783,0.40878418378628906
2017-03-01,0.30383497260507003,0.3172612200773135,0.41661199829517676
2017-03-02,0.31476879401184243,0.4085115098728152,0.41919700265232596
2017-03-03,0.35691557711555555,0.4398107355280728,0.41857291756224335
2017-03-06,0.3894262458721955,0.46913944395220375,0.4194454654424642
2017-03-07,0.39918451834574487,0.4825568323562916,0.4199120594371552
2017-03-08,0.39531896382695353,0.4651742818621423,0.41870444344066066
2017-03-09,0.3927489515806963,0.4684289361739413,0.4187521840794888
2017-03-10,0.3809407290509279,0.48383606507999344,0.4215849241425098
2017-03-13,0.3838383362955795,0.4806542861287407,0.3808227485355827
2017-03-14,0.38861167948213426,0.4998418935546063,0.36855568059523175
2017-03-15,0.4065463627181444,0.5087187190487397,0.3515284680315423
2017-03-16,0.4036889907807921,0.5075006929727844,0.35197506928831784
2017-03-17,0.3801074206278596,0.49669814596408884,0.34595823628947786
2017-03-20,0.3779700975690303,0.4985271659954097,0.3445363914987201
2017-03-21,0.4189171405211129,0.5544006787136082,0.35653097751830604
2017-03-22,0.4212839326565695,0.5399499194585702,0.3563481742920115
2017-03-23,0.42256281299017656,0.5389451462527299,0.34708061099105064
2017-03-24,0.42056743609913055,0.554218571864929,0.3448528572087719
2017-03-27,0.424732029291311,0.5686494001049044,0.342239961555785
2017-03-28,0.4322918000216608,0.5969171352510995,0.3400397208928226
2017-03-29,0.42738031275486127,0.5953416838448207,0.33854501034994233
2017-03-30,0.4073206361683755,0.5082506174040908,0.34137036331002524
2017-03-31,0.4108328143863955,0.4955852546092432,0.33434342709516224
2017-04-03,0.4158566398623134,0.5052168601005891,0.33238585175101837
2017-04-04,0.40701736178693004,0.5017550949709649,0.3321517863724242
2017-04-05,0.40668644615837285,0.5003660329625893,0.33071327448861526
2017-04-06,0.4095864273939323,0.5442679890123042,0.33221932617616584
2017-04-07,0.4095734575787864,0.5551699238567948,0.33241597257518785
2017-04-10,0.4085822583113167,0.5449772593634581,0.33149588097113725
2017-04-11,0.4115756574999722,0.5443538974325681,0.3300863166626597
2017-04-12,0.4212075259637354,0.5378836533048643,0.31488784740612724
2017-04-13,0.4299263665940749,0.5113337428244876,0.32010296729788795
2017-04-17,0.44236264552491633,0.5952641796373882,0.3251519779083168
2017-04-18,0.46085898173866785,0.581148268067206,0.3257072661197096
2017-04-19,0.46168519041846007,0.5715354594139953,0.32457081351678735
2017-04-20,0.46456264389957147,0.5155771306098703,0.32549993196620847
2017-04-21,0.46510648697404644,0.5184331120327687,0.3273999283388469
2017-04-24,0.4794963243355622,0.5701082861552225,0.33494719405625534
2017-04-25,0.4875767655853797,0.5809230682623537,0.3384177338793435
2017-04-26,0.4726388357239265,0.5646923263490353,0.33805656257537087
2017-04-27,0.4737232145031441,0.5349414922918103,0.33675048261024565
2017-04-28,0.47655689665759643,0.5441502134989491,0.3371912188538373
2017-05-01,0.46475634736774973,0.5390164543530556,0.3366518574951548
2017-05-02,0.48148336602703384,0.5319423329360826,0.33932100662455267
2017-05-03,0.48904099068389717,0.5063375360084962,0.33997341964092775
2017-05-04,0.48849987702185127,0.4876965656230615,0.3318853709963865
2017-05-05,0.4856711500798524,0.47720982970701925,0.32691816778581456
2017-05-08,0.4816948200942133,0.4670542307511222,0.32489067775281927
2017-05-09,0.48517333077679536,0.4642318579989727,0.32554565924138806
2017-05-10,0.48526163132505584,0.46087749301853603,0.2792401872977202
2017-05-11,0.48237748789973234,0.46567660201521205,0.2781781271661937
2017-05-12,0.48364359664896756,0.46786218469056357,0.30097934821833455
2017-05-15,0.4861759059032962,0.4433641309413948,0.34011449368933205
2017-05-16,0.48615348686439414,0.4054916924254266,0.3429292190143053
2017-05-17,0.5207915056293334,0.5377008796836735,0.3849849420152873
2017-05-18,0.5268987287699503,0.5484723669617653,0.38456190276993346
2017-05-19,0.5323751270505246,0.5453678872726689,0.3913184948805158
2017-05-22,0.5311246821511277,0.5515782631022504,0.3939694124147669
2017-05-23,0.531709800729592,0.516758383193033,0.39407215911204824
2017-05-24,0.538116516200574,0.5042312950364917,0.3905768611094205
2017-05-25,0.5405233792582281,0.5122548028723979,0.39601430324478093
2017-05-26,0.5439125916010953,0.5180558582609875,0.39860093572496186
2017-05-30,0.5433758365458241,0.5162918204363782,0.39756143049208176
2017-05-31,0.5136652856519307,0.5199439099201139,0.39592559475495354
2017-06-01,0.5181439823265703,0.5510087268876405,0.40170735467764124
2017-06-02,0.5158836865427131,0.5575871553363728,0.42852521796282594
2017-06-05,0.5144581387432332,0.577545002258387,0.4477176035344655
2017-06-06,0.5108258505187115,0.5785173162361203,0.45096829818377737
2017-06-07,0.5172077757091001,0.5791860197719483,0.449915889756758
2017-06-08,0.5096654246031316,0.5512743627390696,0.4451665608300963
2017-06-09,0.44227527728563826,0.41240328576242113,0.4081791025576613
2017-06-12,0.43866755166235893,0.40352172383704576,0.40761083800912923
2017-06-13,0.43979767916488166,0.40775521226813705,0.4113864032886404
2017-06-14,0.426197740765259,0.38579246920599325,0.4123995326732138
2017-06-15,0.42812204650318514,0.3906509592629326,0.4104051119667704
2017-06-16,0.42297590953014763,0.12698778811902414,0.3979657615253085
2017-06-19,0.43101746677814384,0.15848594409595776,0.4009475565668699
2017-06-20,0.406924446430107,0.20094625802610655,0.40883898417740167
2017-06-21,0.3945326421831283,0.16571978473171903,0.4044553820144151
2017-06-22,0.38947264170768175,0.15926191787117613,0.4025189422577923
2017-06-23,0.38654797412726283,0.15187211113711502,0.4001829091339988
2017-06-26,0.3826968232981639,0.13665769319606713,0.3994657063536042
2017-06-27,0.38117630990339146,0.1885433131779897,0.4021113933768071
2017-06-28,0.39734959264414144,0.24508933892223114,0.4073975415049759
2017-06-29,0.404112581391235,0.2925101221870388,0.40057661259285593
2017-06-30,0.40275610291788944,0.24774840432944473,0.4012144391438498
2017-07-03,0.3899491402324243,0.24136208442270748,0.39547379474816485
2017-07-05,0.3828866383868069,0.22773813058507972,0.38713397211454187
2017-07-06,0.39935242424545503,0.27753533824473636,0.39582042026340825
2017-07-07,0.40329057374848537,0.2987473603325679,0.3994197404599986
2017-07-10,0.3992645312453318,0.29933217271842094,0.3968326792210029
2017-07-11,0.3990155217783253,0.3835433763272922,0.3963799285999278
2017-07-12,0.405659616715491,0.41203475674266427,0.4012517048833372
2017-07-13,0.4049702096721357,0.4013965912942183,0.4050981167242333
2017-07-14,0.39448523882788294,0.41343181003243634,0.40387921113922076
2017-07-17,0.383384605110194,0.4154447297887082,0.40347686954742545
2017-07-18,0.38482936859301226,0.4269179075810446,0.41180268161466677
2017-07-19,0.3877289232791446,0.41585609087502934,0.41441040332905243
2017-07-20,0.3788919403229358,0.38849539063630667,0.4117469460446841
2017-07-21,0.3777357782933925,0.42155757891578544,0.4115771301345967
2017-07-24,0.3587249526871365,0.4365244409088785,0.41023458742680224
2017-07-25,0.344366348021621,0.4180534535060512,0.4061508914624678
2017-07-26,0.3438139889637475,0.4158969966382435,0.39840735492079654
2017-07-27,0.338384411911735,0.3615933842440921,0.39529811760834305
2017-07-28,0.33675624299494933,0.31427738928269233,0.3949754480963087
2017-07-31,0.33683057567402563,0.25796712285117246,0.3891120953289564
2017-08-01,0.33736889370564416,0.26161030513893596,0.3960585154430756
2017-08-02,0.3394814942751781,0.3108122473638119,0.4007438866598575
2017-08-03,0.3438990373101001,0.3412126953199049,0.40326260276479653
2017-08-04,0.3430969573509971,0.19196413098924142,0.40109283813701807
2017-08-07,0.3435499411433396,0.1476501969367751,0.3996334597602089
2017-08-08,0.34711072557267275,0.1845164427287576,0.4026450542354214
2017-08-09,0.3483490133993919,0.18504696908488355,0.40394798694837486
2017-08-10,0.3940438766101022,0.4032448202780164,0.4249338265676333
2017-08-11,0.38645711795304377,0.38478409055629825,0.41873589707240083
2017-08-14,0.3951648401204878,0.44951518372993543,0.42403961303385707
2017-08-15,0.39403396003597735,0.4413847263986794,0.42306631446161086
2017-08-16,0.3366612278904138,0.4390999804090582,0.4216618664322214
2017-08-17,0.39632851381911494,0.5743164931287513,0.44983614736340366
2017-08-18,0.389690722793182,0.5783152671147146,0.44931443714680663
2017-08-21,0.38409676118603303,0.5734759969173434,0.4456895436788223
2017-08-22,0.4040140709689425,0.6219161383748062,0.45519545973247116
2017-08-23,0.40302843351272344,0.6508435626606243,0.45693353489575517
2017-08-24,0.4020272140277788,0.6448325375008495,0.4580774437589135
2017-08-25,0.403505176541857,0.6872304179818108,0.4597082023832575
2017-08-28,0.4042548804915457,0.6920593173514767,0.45894860284317957
2017-08-29,0.4054099691182854,0.699037560478721,0.44335206336571137
2017-08-30,0.39755818159578876,0.7107140285879641,0.4426184321381002
2017-08-31,0.4042203416245183,0.7103475186570694,0.4442043343964208
2017-09-01,0.4026778908012224,0.7060302946136572,0.4425436441288536
2017-09-05,0.4041681161355929,0.6933217879688527,0.4429640551462614
2017-09-06,0.4063056503043852,0.6916956677731211,0.44693363306269923
2017-09-07,0.3991781198698074,0.6522149682594512,0.44084929487615304
2017-09-08,0.4404736734179041,0.6245822316571534,0.4358802211008428
2017-09-11,0.4627447896807193,0.5852457490655141,0.4460295942745186
2017-09-12,0.4535332221590105,0.5730589737615265,0.4412842271400969
2017-09-13,0.4553868129098313,0.5430504100217589,0.43598375220902197
2017-09-14,0.4547974666215571,0.546304596731122,0.4362423783079851
2017-09-15,0.45960992873783163,0.5497259245435947,0.436882319041971
2017-09-18,0.4489251562983771,0.36653218257185133,0.4353496512760485
2017-09-19,0.4376622014958766,0.34757024429612526,0.4185239877720569
2017-09-20,0.44456890292346096,0.3389322369945791,0.4153976293297812
2017-09-21,0.4493033861661828,0.2807557872523944,0.4151097226160416
2017-09-22,0.45065768601383516,0.27080071783643883,0.41439093219146
2017-09-25,0.44378116754219826,0.2409970774102232,0.40932267380619364
2017-09-26,0.437647932717708,0.23627303520015555,0.40529002884312426
2017-09-27,0.4190313851143262,0.2247142691568172,0.4032668693835363
2017-09-28,0.4132776582377099,0.23018185626876658,0.4041555279176715
2017-09-29,0.4156383919708704,0.22201546829886312,0.4043888153153852
2017-10-02,0.4307043859966212,0.2143804893133916,0.40380064891443285
2017-10-03,0.442373549667035,0.21749604038437878,0.40432060934174224
2017-10-04,0.416185308671101,0.1419280379097975,0.40201551560258325
2017-10-05,0.41674262920905897,0.16305947350276762,0.40407886035166446
2017-10-06,0.41959924490926936,0.2232439703947831,0.40323553112112637
2017-10-09,0.42183114913588354,0.2484839869525614,0.4040328993161701
2017-10-10,0.4134270911571546,0.10075505787501403,0.40356660840112396
2017-10-11,0.4119864764800906,0.09494370027525673,0.40108270118011474
2017-10-12,0.40982717584200795,0.10298298502070272,0.3947108784896339
2017-10-13,0.40827667870156326,0.10199726005560424,0.38785178237528667
2017-10-16,0.40834951527342195,0.10180178356074576,0.3883104443792742
2017-10-17,0.39580201357979944,0.08916888685517786,0.3849858032465108
2017-10-18,0.3976900519903391,0.09708010117049466,0.3806876118489761
2017-10-19,0.3949780558944547,0.10500261691149035,0.3786138864800126
2017-10-20,0.398274667731173,0.10247870742396296,0.36986152688357776
2017-10-23,0.4145861272266102,0.15796674192246193,0.3696784511564868
2017-10-24,0.41475442890155007,0.184373388170269,0.3692454132184084
2017-10-25,0.43330560877732155,0.2562801152136918,0.3744905137412682
2017-10-26,0.42942376141414823,0.26468650621956746,0.3722473135362901
2017-10-27,0.4068519082507887,0.2041936322128098,0.3636290433754946
2017-10-30,0.40857366923847493,0.22463450193962473,0.3645575716617127
2017-10-31,0.4063322337154453,0.21325878808438323,0.36499713411250484
2017-11-01,0.4064079718682822,0.20445772325718597,0.36715254142726095
2017-11-02,0.4008676414403297,0.20018903859171505,0.3646362616811289
2017-11-03,0.4019892062819962,0.16574955196389518,0.36508794179271536
2017-11-06,0.38804853758082575,0.14308937567405292,0.3608774087807898
2017-11-07,0.3779830361804923,0.11567955410897077,0.3568194214434248
2017-11-08,0.3173555530740291,0.10912572396716576,0.35412384589160756
2017-11-09,0.32070585236887383,0.11762964863067739,0.35265786532657617
2017-11-10,0.2977199286598153,0.11518828601585,0.34743426721432674
2017-11-13,0.29789631187991944,0.11268708993374592,0.3469015161162144
2017-11-14,0.2991498216011623,0.1201291086082912,0.3142679504764818
2017-11-15,0.21752463516872445,0.1589999049433331,0.3157890611115925
2017-11-16,0.23068929491715007,0.21628805082537658,0.3173119331209086
2017-11-17,0.23526905888844768,0.22907169285959295,0.31553675939769155
2017-11-20,0.20430876203510243,0.21684012598847802,0.3152200721059652
2017-11-21,0.20995448049581455,0.231954051862756,0.31922073569663406
2017-11-22,0.20770889493710046,0.2405209781773647,0.3194378649659324
2017-11-24,0.20750591556391518,0.21280207775494653,0.31969917846255
2017-11-27,0.20926403581587952,0.2258545907550393,0.32071598758366887
2017-11-28,0.2328198249885917,0.3072089232404918,0.32941774144414987
2017-11-29,0.19443969890214563,0.19370969655847728,0.3049735153321031
2017-11-30,0.20938693531921201,0.24564167158169742,0.31467587796342367
2017-12-01,0.21003542095091007,0.24902180303180313,0.3133015696500788
2017-12-04,0.17132574843667592,0.20683600284008263,0.29832829225369356
2017-12-05,0.17801121006201695,0.22520510767314036,0.301230518391505
2017-12-06,0.18593035585346476,0.23274673234969503,0.3013455169490525
2017-12-07,0.1893482826156044,0.24527611766688512,0.3228596107811922
2017-12-08,0.163703171320202,0.2654706071562472,0.3263842663940817
2017-12-11,0.15961767018597667,0.2405397535782448,0.3208017486268106
2017-12-12,0.1590774256239703,0.23884828410369152,0.3213860110733621
2017-12-13,0.15678740788071793,0.2314754967152689,0.319484066251349
2017-12-14,0.16594255864820334,0.2439385496811752,0.32377416697340017
2017-12-15,0.18538427262675627,0.24248148842477676,0.32563794718904115
2017-12-18,0.19588097251865222,0.2340713375507464,0.3229619305062153
2017-12-19,0.20588924752192658,0.241658549054369,0.330019347683715
2017-12-20,0.20173799433812037,0.24307146935960233,0.3311494806689268
2017-12-21,0.19717756094284916,0.22098667466481936,0.32912916942586895
2017-12-22,0.20323928467033625,0.21745444543404616,0.33051214537133344
2017-12-26,0.201980818697343,0.22263406360527552,0.32355086122805976
2017-12-27,0.2064311421191044,0.22129202264124442,0.3166321265824537
2017-12-28,0.2068905180380608,0.1656482251085877,0.310529544432166
2017-12-29,0.21235669814687888,0.26773199646792956,0.31330190579160183
2018-01-02,0.2137565273178965,0.21847943038149123,0.3192128481926077
2018-01-03,0.2203125502541726,0.2438439190078739,0.3268845114040219
2018-01-04,0.22281133685174542,0.3439676112399913,0.3126666764533561
2018-01-05,0.22493540747127755,0.33525809039364646,0.3136812723849305
2018-01-08,0.22341032621907417,0.3496151583273817,0.3147598924162798
2018-01-09,0.21624858616032805,0.3395347199420811,0.31202004509425535
2018-01-10,0.2162753444535111,0.3285688358158374,0.3066455970871538
2018-01-11,0.22463779269998813,0.3582848735965861,0.3102865629536744
2018-01-12,0.23127631302371365,0.3825287468438692,0.31322718852794507
2018-01-16,0.23536450942207557,0.40340791110799495,0.3137778789341844
2018-01-17,0.2523891655891744,0.40809241342486885,0.32285945458534177
2018-01-18,0.2597828015517303,0.4061303036025253,0.32133538321567734
2018-01-19,0.26163765324218885,0.3925040049843629,0.3230870844605104
2018-01-22,0.2731807061536161,0.3803315718640343,0.3281251197563451
2018-01-23,0.2693271828386331,0.3603920892105884,0.32645118369639875
2018-01-24,0.25815403868486564,0.3700559975455785,0.3279942860456676
2018-01-25,0.25729249145284233,0.3576549047698795,0.3271833139335464
2018-01-26,0.2654914185049643,0.3965255144377558,0.341176380651122
2018-01-29,0.2871346096346218,0.45810552670557086,0.34918425834845923
2018-01-30,0.3349251526365954,0.5206058543702083,0.36284270073466807
2018-01-31,0.3213401646815375,0.47855654688014804,0.3576396818785716
2018-02-01,0.3171831000150802,0.47591878496642664,0.35389985443503047
2018-02-02,0.4170516795876013,0.6254774634513283,0.4066223145086473
2018-02-05,0.6269725605705866,0.828692016373728,0.5499524579584012
2018-02-06,0.646598149602376,0.8379060097300802,0.5671498051229418
2018-02-07,0.6525268603348512,0.8366031931532417,0.5659317978709744
2018-02-08,0.7350704905624881,0.8918822175599619,0.6351819714700545
2018-02-09,0.7386826153042506,0.8921333426887494,0.631932312987678
2018-02-12,0.7451931672938161,0.8986346045697465,0.6385196086970036
2018-02-13,0.7472787779568827,0.9013676446394716,0.6371588962871231
2018-02-14,0.7484123852059655,0.9006014199705381,0.6401491073227826
2018-02-15,0.7504760687532128,0.8983886637895913,0.6433880687749887
2018-02-16,0.7489018793186714,0.8953447563698016,0.6324464866217037
2018-02-20,0.7459220666512308,0.8880912512207221,0.6306190862889993
2018-02-21,0.7446818215688831,0.8871435322070446,0.630492154266341
2018-02-22,0.7418482786385898,0.8834505513569046,0.6260926554036728
2018-02-23,0.7464723206969788,0.8907844741680239,0.6340998195292332
2018-02-26,0.7492595354855973,0.8970181077054084,0.6379281424816293
2018-02-27,0.7525828686416679,0.897270510700348,0.6426888643131965
2018-02-28,0.7513492365500338,0.8941756249166412,0.6441835533464463
2018-03-01,0.7608830220164888,0.9000004238827972,0.6533652350241204
2018-03-02,0.7793979526639012,0.907334137744218,0.6522288859442306
2018-03-05,0.7820685190903558,0.9196591134289418,0.6569310916197624
2018-03-06,0.7840743516478811,0.919899642174169,0.6568455993123257
2018-03-07,0.7996712835291369,0.8697568961744626,0.6566562224709624
2018-03-08,0.7994863248734697,0.864260252431066,0.6574411852548783
2018-03-09,0.809031204986003,0.8799176727514412,0.6715872692553189
2018-03-12,0.8086783360954775,0.7776303807736157,0.6729705577891429
2018-03-13,0.8076517209894473,0.7792234774565114,0.6707018150322099
2018-03-14,0.8068087027265571,0.7594042180971906,0.6715491627432553
2018-03-15,0.8079738868191416,0.7597229248463153,0.672192727042457
2018-03-16,0.8099785110732899,0.764957226868561,0.6727713709321286
2018-03-19,0.8133494351132331,0.7677465303471197,0.6779596227024545
2018-03-20,0.8129238131211974,0.7723957892501991,0.6790982760231613
2018-03-21,0.8067268830215232,0.761962657790027,0.6762921720448423
2018-03-22,0.8132458928710825,0.8059035444109224,0.6906097050098323
2018-03-23,0.8214330276097311,0.832753102478112,0.7017734352913136
2018-03-26,0.8355328975090113,0.8571952335131202,0.7166271725353994
2018-03-27,0.8296170172619836,0.8343515293639185,0.7185395752863246
2018-03-28,0.8229701859956214,0.813765640657006,0.7130509435575542
2018-03-29,0.8216680336735597,0.8210565674429722,0.7157237080583777
2018-04-02,0.8228431480617331,0.8109970266742802,0.7211861182729989
2018-04-03,0.8252501074620983,0.8218491231869772,0.7239546209228526
2018-04-04,0.8266885642627848,0.8071175682177184,0.7234776359860263
2018-04-05,0.827043246368937,0.8130913357660186,0.7238575730769643
2018-04-06,0.8353374273324042,0.8397079965588177,0.7340413177792289
2018-04-09,0.834969086271803,0.8389186074422952,0.7335471135394576
2018-04-10,0.8333158007281808,0.8206843449239848,0.7340293335011827
2018-04-11,0.8346908086361277,0.8229775293030253,0.7335882623065298
2018-04-12,0.8337299002970707,0.8162467348545339,0.7322139738852932
2018-04-13,0.8313563761345567,0.814643012947056,0.7289849159585998
2018-04-16,0.832828501550231,0.8198971751908747,0.7308585893104654
2018-04-17,0.8337300378458711,0.8178232133822652,0.7308039508305839
2018-04-18,0.8300065272025565,0.8081665315268557,0.7291060073904166
2018-04-19,0.819805328647227,0.7800132246253383,0.7235510917880495
2018-04-20,0.8194633796412529,0.7872460321275654,0.7237396601028615
2018-04-23,0.8191226227222533,0.7725215182197944,0.7242105681158151
2018-04-24,0.8181531333630823,0.7462353023601751,0.7244431615914722
2018-04-25,0.8202055007355608,0.7009201564221947,0.724211322080921
2018-04-26,0.8198661082865093,0.6966889195876739,0.7237407186558702
2018-04-27,0.8181514077747178,0.7116623971709318,0.7221291802731515
2018-04-30,0.817660996026762,0.7118791701643695,0.723286770518172
2018-05-01,0.8161878986616964,0.6572057804142368,0.7277446090824093
2018-05-02,0.8179532975082464,0.6357718446617727,0.7266389673688017
2018-05-03,0.8212354954444137,0.6318154159243081,0.7262952467410517
2018-05-04,0.8194714986883134,0.6428817607498629,0.7283154867495949
2018-05-07,0.78653365782734,0.5451090896951469,0.7294076669161568
2018-05-08,0.7777501758657529,0.5307309346500246,0.7275254583045575
2018-05-09,0.7806682596950699,0.5152482684220474,0.7305236809290652
2018-05-10,0.744130111476306,0.525908847448417,0.7340754266125442
2018-05-11,0.7411006306372662,0.522370401000837,0.7340422936981922
2018-05-14,0.7324547402570961,0.5344738636292631,0.7335418231844852
2018-05-15,0.7329694640079979,0.5339229810104402,0.7347507955729331
2018-05-16,0.7329524747103929,0.5201116595196701,0.7350722060755757
2018-05-17,0.7291115109746397,0.5248755159332771,0.7348707877509478
2018-05-18,0.7294113700423751,0.5590522902588628,0.7344979293735812
2018-05-21,0.7337326318772676,0.5542278203956909,0.7356912300682871
2018-05-22,0.7335647515178656,0.5479212802085888,0.7345599760027506
2018-05-23,0.7337505180570013,0.4910256065108209,0.7336286469038668
2018-05-24,0.725412583568057,0.4873058577328049,0.7321835200894086
2018-05-25,0.7187615391027472,0.47832105116182305,0.7306583948539794
2018-05-29,0.7131868151852568,0.5175196838825746,0.728650465583076
2018-05-30,0.7183626393802962,0.554374143741726,0.7305643963497269
2018-05-31,0.706837846605779,0.576461842290759,0.7300762640897559
2018-06-01,0.7064307609935438,0.5727945397733593,0.7390694034882704
2018-06-04,0.6999635817350084,0.563184581319307,0.7375075493324549
2018-06-05,0.7002048422437023,0.5339035852956746,0.7383448375250632
2018-06-06,0.6996025700895526,0.5368202386405538,0.7455491145550553
2018-06-07,0.6957254692036273,0.53445631548231,0.7435403560629271
2018-06-08,0.6837497699484708,0.5140505342730268,0.7443254650719534
2018-06-11,0.6851907882072342,0.4959265128486174,0.7447658773440128
2018-06-12,0.6838617549276849,0.5014607751797332,0.7440041381631584
2018-06-13,0.6794578017017774,0.49702400566473537,0.7407220631288673
2018-06-14,0.6763719062716075,0.4709307721701556,0.7397862196672479
2018-06-15,0.672224285451869,0.4574695864326771,0.7386319959582808
2018-06-18,0.6633102672261421,0.45667237602893007,0.7372755594634508
2018-06-19,0.6585079377648011,0.44612351789955423,0.7339072295155562
2018-06-20,0.6641464656827781,0.4314108365848125,0.7340101084469287
2018-06-21,0.6416694981033401,0.44639311131012127,0.733870642955724
2018-06-22,0.614316584059651,0.43467239238454763,0.7323784592400049
2018-06-25,0.5830033073169739,0.47115339949475715,0.7335393194476167
2018-06-26,0.5778755096482594,0.46962549961542144,0.7329600910647349
2018-06-27,0.5861134645811741,0.45303404258745844,0.732418878142972
2018-06-28,0.5811322195642739,0.3829194454377159,0.7318674427054527
2018-06-29,0.5512891660357914,0.3828487907089102,0.7318921309015668
2018-07-02,0.5348286509858612,0.3460146644529099,0.7304413959036228
2018-07-03,0.5279557363588379,0.3304755931891519,0.7306958211958583
2018-07-05,0.5256487861621056,0.36274021926763084,0.7301735243957624
2018-07-06,0.47868467064398545,0.3958654420527451,0.7318396503062838
2018-07-09,0.47046482244601007,0.3802257014100123,0.7265374894683051
2018-07-10,0.4561529664778058,0.38307209283838456,0.7263079924693183
2018-07-11,0.4603032180158988,0.4052025922281694,0.7279101849780962
2018-07-12,0.46673238912601206,0.4295238241325212,0.7295967665710693
2018-07-13,0.468396232787031,0.4288085931192803,0.729066133757182
2018-07-16,0.4535701172925119,0.4132835827919227,0.7263641703534248
2018-07-17,0.44724313593583476,0.42250486580097674,0.7268429832567972
2018-07-18,0.4447908228315246,0.4138858045157427,0.7230792683352515
2018-07-19,0.4565468062522356,0.4223212460362268,0.7222096432780759
2018-07-20,0.45017710743762246,0.4222789362019431,0.7220745514728723
2018-07-23,0.44594879528022835,0.39592202025246725,0.719970003051769
2018-07-24,0.4278406116243582,0.41455781419001797,0.7207139246281605
2018-07-25,0.43067524785615624,0.34348816553054407,0.7214959710509058
2018-07-26,0.41581417956044314,0.32300871912638296,0.7185868107127175
2018-07-27,0.41883725643198266,0.3122720139233918,0.7166841157702594
2018-07-30,0.4076048065853055,0.31791482898484347,0.7140727695375053
2018-07-31,0.40738631913310186,0.3007758949537944,0.7108158494338067
2018-08-01,0.39855737198155,0.2969756637787636,0.7111916688898858
2018-08-02,0.39810605476627525,0.2937951006706096,0.7132684554979489
2018-08-03,0.3804199743208761,0.28180145952875396,0.7064027024524601
2018-08-06,0.38265982210014066,0.26225553633187976,0.6701362263868007
2018-08-07,0.38829812181042483,0.2602795899510364,0.6648036986929339
2018-08-08,0.3787415181116965,0.25986473170412483,0.6652614451476984
2018-08-09,0.36868631144109193,0.21214509747282548,0.627076142017964
2018-08-10,0.37736321662894906,0.2105778416842208,0.6254196264827397
2018-08-13,0.3792497988244198,0.2229522765000793,0.6174640620073977
2018-08-14,0.3779964095982551,0.2663154737670583,0.6182141278045696
2018-08-15,0.38128828024984046,0.28575297966670304,0.6152291220634816
2018-08-16,0.39028926218312654,0.3343853347386465,0.612725880499085
2018-08-17,0.3915848826095511,0.3433321180110275,0.6137230648158959
2018-08-20,0.3842208158232387,0.3392656257843609,0.6144928626888742
2018-08-21,0.38272743062235104,0.3514142869492035,0.6143776620522895
2018-08-22,0.3820247583992451,0.33532648497800793,0.6143038697133678
2018-08-23,0.38378217349480237,0.31189526719635335,0.6085137618062582
2018-08-24,0.3872304532031827,0.3640594493246612,0.6061249588046735
2018-08-27,0.37759885738175075,0.3815470914410706,0.6028789906200733
2018-08-28,0.3526371907104835,0.40422187229387574,0.6016744597153024
2018-08-29,0.34965000545025315,0.44133905612236024,0.5932617103062601
2018-08-30,0.34794041318066415,0.4852025043136953,0.5942039250708545
2018-08-31,0.34858636857578024,0.5015298833428228,0.589957950618321
2018-09-04,0.34891904252312256,0.4914337485775955,0.5897309190614558
2018-09-05,0.33697653780392556,0.42508517010867786,0.5868707667674884
2018-09-06,0.34162269397668293,0.4197022459172821,0.5851474878477867
2018-09-07,0.3420518626702719,0.4257749140686087,0.5751749537768022
2018-09-10,0.3421410503148389,0.4274111573084867,0.5761396589564455
2018-09-11,0.3416753626292397,0.3912325685165486,0.574686705787562
2018-09-12,0.3369310030579327,0.3577148436303662,0.5726912838090065
2018-09-13,0.3426438160225928,0.3321229280211285,0.5723310377508773
2018-09-14,0.3438422389853071,0.2799442410892439,0.5715986543930166
2018-09-17,0.34913805838985373,0.2576297274975244,0.5644064834481033
2018-09-18,0.3533401135038061,0.26324570927103286,0.5643400517172934
2018-09-19,0.3446582899579727,0.23311869614766326,0.5638285013581135
2018-09-20,0.34466249382754943,0.27490048746747214,0.5438852502704453
2018-09-21,0.34915204477162676,0.28450944190477695,0.5235363802481948
2018-09-24,0.306159216533072,0.25033347602571737,0.4884923283763003
2018-09-25,0.3074869533166674,0.23020828204948365,0.4809482567193733
2018-09-26,0.2973127193860146,0.19037619198274336,0.4843489317124927
2018-09-27,0.2960904948268886,0.1936443583001918,0.47981098183904164
2018-09-28,0.2927098965182132,0.16659262259927274,0.4523700061633047
2018-10-01,0.2958829471674592,0.15235163827303047,0.44242486715508506
2018-10-02,0.29460721156722736,0.14621969946494875,0.43756701803010184
2018-10-03,0.28353951275252715,0.1391253785297253,0.4323766559880419
2018-10-04,0.276343267982293,0.18158288105564666,0.3934650267582238
2018-10-05,0.2785263142904222,0.20031324902447684,0.3939254416394065
2018-10-08,0.2684026650633223,0.17366613872273023,0.37811720514686104
2018-10-09,0.24848863693595288,0.15935923607752125,0.37320411990547464
2018-10-10,0.4051544228294323,0.5133992147289077,0.4337650673675458
2018-10-11,0.46167511234908054,0.5761358647850036,0.4643341123072685
2018-10-12,0.46963396312344596,0.571311948192894,0.4595251625502949
2018-10-15,0.465558549918738,0.5627573560202235,0.4543665639122918
2018-10-16,0.5169580765249235,0.6392773201383746,0.4800961215946692
2018-10-17,0.5143388010428137,0.6327053467728647,0.4840330726922627
2018-10-18,0.5305425971144415,0.664605119244422,0.49121199102661933
2018-10-19,0.5245773064256808,0.6377850203765006,0.48585485574386317
2018-10-22,0.5127851680240076,0.617490042495327,0.47460696267241204
2018-10-23,0.5053626679658871,0.6282990436291285,0.47274605997473224
2018-10-24,0.5583138092873943,0.667998509409212,0.5033698896147394
2018-10-25,0.5638719670890768,0.6748654227284094,0.5068668324145376
2018-10-26,0.5821342454463742,0.6771954958594142,0.5170764340862076
2018-10-29,0.5759986880378422,0.6613070548498468,0.5132290717906652
2018-10-30,0.5917902234045915,0.6791531055396121,0.521882451587066
2018-10-31,0.5882454879369299,0.6768577401386725,0.5208426875836514
2018-11-01,0.5888214375901171,0.6833292342371071,0.5160945798395864
2018-11-02,0.5829146958533538,0.6830033873058206,0.5138441693421207
2018-11-05,0.5787774165244293,0.6781385425443185,0.5145693175295452
2018-11-06,0.5822561125898278,0.6881799661242013,0.5137611676967163
2018-11-07,0.6008303756147557,0.7165838356857593,0.5246045250780521
2018-11-08,0.5990243766319858,0.6794983084136518,0.5249749169408375
2018-11-09,0.6006378928092009,0.665455493639953,0.5266915050673414
2018-11-12,0.6016007965838166,0.6758425737114659,0.5300464463635962
2018-11-13,0.6012624567150431,0.6734907467336003,0.528154381357953
2018-11-14,0.5987825152389733,0.6308750051477453,0.5288782767845583
2018-11-15,0.5921845610825778,0.6227874398424026,0.5260386552246028
2018-11-16,0.5906940421052532,0.6066786205281403,0.5230609050821342
2018-11-19,0.589820346660714,0.6178528939333131,0.523686675668528
2018-11-20,0.6008607307517828,0.6501171453479304,0.533628907649813
2018-11-21,0.5971366033458381,0.6502242187571813,0.532142993839749
2018-11-23,0.5939844424712116,0.609985286545963,0.5331320553993111
2018-11-26,0.6029199739710327,0.6308266038644226,0.5413392686772316
2018-11-27,0.6028262995306283,0.6040270154354073,0.5362279390845149
2018-11-28,0.6161510239958143,0.6488288175130736,0.5487229309019929
2018-11-29,0.6141569456052458,0.63709103227337,0.5467886482060831
2018-11-30,0.6097585087932244,0.639039351650591,0.5442753217109143
2018-12-03,0.6145852886847313,0.6456154523056661,0.5479060146861918
2018-12-04,0.6445742779591986,0.7129722297716543,0.5748688285162518
2018-12-06,0.6408345710431013,0.7108379309676087,0.5730547379537052
2018-12-07,0.6476559040068701,0.7159593360553796,0.5807596330266467
2018-12-10,0.6427272157412978,0.6789101442270445,0.5772647963845159
2018-12-11,0.6425521774096103,0.6811740079687901,0.5768562706011771
2018-12-12,0.6488549853559005,0.6835123280612334,0.5816646259118485
2018-12-13,0.6478077238833851,0.6803206371847113,0.582499328726445
2018-12-14,0.650494381673625,0.6888039477758185,0.5875126475049893
2018-12-17,0.6553886148378919,0.6942870254113277,0.5949919378179735
2018-12-18,0.6497829180494921,0.691404965383391,0.5928583636335435
2018-12-19,0.6578515559973579,0.7016996377939199,0.5968423010528983
2018-12-20,0.659358562841947,0.7291859175379523,0.6013886978196769
2018-12-21,0.6683431589923222,0.7394193614158892,0.6119773561859226
2018-12-24,0.6827378188402149,0.757466367214971,0.6219940711015294
2018-12-26,0.73972797715735,0.8573255124585261,0.672721268880545
2018-12-27,0.7403409367543766,0.8470144229344545,0.6732144885159603
2018-12-28,0.7403491427012336,0.8482812249088499,0.6735486278013636
2018-12-31,0.7425217943218636,0.8451526483334885,0.6740161111864877
2019-01-02,0.7372360148615204,0.8348452479315128,0.670556205562446
2019-01-03,0.7308113670685156,0.8178213582949219,0.6673753602798499
2019-01-04,0.747113415371506,0.8317598653333897,0.6810575803080067
2019-01-07,0.7487792308341741,0.8221955167729734,0.6794307557275384
2019-01-08,0.7514146543864549,0.8348560167406543,0.6846435942198947
2019-01-09,0.7518119309221585,0.8328690421036621,0.6831346197578899
2019-01-10,0.7538063052373746,0.8390910445754189,0.6824684326118713
2019-01-11,0.7453567989491684,0.8427894588087637,0.6814681149766038
2019-01-14,0.7452958213354088,0.8458044040442173,0.6842709835556844
2019-01-15,0.7496278113998459,0.8508279696367052,0.6885891735171068
2019-01-16,0.7477219219086533,0.8468378040851013,0.6862556844555534
2019-01-17,0.7399124787146167,0.8453432120753663,0.6885496946175316
2019-01-18,0.7422127874210771,0.8550229153164653,0.6902934350778405
2019-01-22,0.7420016469793039,0.8548860923181492,0.692509100189724
2019-01-23,0.7464102912012592,0.8483263415880634,0.6933813907388835
2019-01-24,0.749161025603922,0.8265547002680481,0.6914006997755844
2019-01-25,0.7508482227492499,0.8019369841478735,0.6906799595007689
2019-01-28,0.7452688899406468,0.6642622067294789,0.6929552862681385
2019-01-29,0.7453328623091628,0.6566920715980618,0.691441332029098
2019-01-30,0.7424043940428586,0.6527943709359895,0.6929524572690853
2019-01-31,0.7485322337517162,0.6443610877753958,0.6955459259405545
2019-02-01,0.7441539385309358,0.6595842059127711,0.6953029414100849
2019-02-04,0.7466107363479194,0.645560587124604,0.695153436212171
2019-02-05,0.7476519180625717,0.49333945413126556,0.6952666748935047
2019-02-06,0.7498692614471657,0.5119751554986876,0.6948317052647993
2019-02-07,0.753488230132231,0.5259618387388135,0.694844180556795
2019-02-08,0.7523103579215611,0.5362829584982821,0.6949752869066776
2019-02-11,0.74699422242666,0.5443760135581593,0.6952359108215823
2019-02-12,0.7497906773832356,0.5636969994769945,0.6968534760634026
2019-02-13,0.7540290883644771,0.5566260629740731,0.7018304821878644
2019-02-14,0.7535367380420545,0.5395512081608405,0.7002714682066336
2019-02-15,0.7542833188719601,0.565562108863092,0.701814401486468
2019-02-19,0.7555311667643018,0.5601691455711248,0.7019872690652205
2019-02-20,0.7596897627882516,0.5378748843202341,0.7014718141744317
2019-02-21,0.761135439673556,0.47206909304622907,0.7012372321672257
2019-02-22,0.7659174991692239,0.4762966904517694,0.7017772034929606
2019-02-25,0.7626853731621865,0.48387719623486103,0.7022760293152656
2019-02-26,0.7660109068761252,0.49158871770358126,0.7022460306080577
2019-02-27,0.7678545818597095,0.46877423336586577,0.701640044770746
2019-02-28,0.7639121110455322,0.49310466393946834,0.7008156097987434
2019-03-01,0.7632978370811101,0.4599512517400786,0.7000539126885573
2019-03-04,0.7583564776419406,0.4529475844788131,0.6993256301577322
2019-03-05,0.7603765314534613,0.4872972929499439,0.6991814452636337
2019-03-06,0.764848667404683,0.5098901664089057,0.6986890836655822
2019-03-07,0.7650464135768201,0.549522775252262,0.7000160363767572
2019-03-08,0.748180095458827,0.5449633043782753,0.7017562930819334
2019-03-11,0.7587445965635515,0.5876643983865604,0.7052522717140719
2019-03-12,0.7547687881169679,0.5895526694446112,0.7053597496294515
2019-03-13,0.7616821753417437,0.5955314289440379,0.7057044015972853
2019-03-14,0.7641798726411111,0.559571090143095,0.7061429289024506
2019-03-15,0.7653327298121012,0.5569881733220728,0.7068960886057984
2019-03-18,0.7648776492054435,0.5491672041035749,0.7058604760454575
2019-03-19,0.7615866812219535,0.5108406440003611,0.7055012078058658
2019-03-20,0.7516319712289606,0.4760899720892493,0.7037645769105795
2019-03-21,0.7543749082386151,0.48637891829140545,0.7031877903398531
2019-03-22,0.752832333409042,0.5884434610530566,0.7076128498789115
2019-03-25,0.7479375327532696,0.5825741026038622,0.7070314203499222
2019-03-26,0.7331337467942842,0.6030584116580926,0.7078201374986954
2019-03-27,0.7178662253428358,0.6105520525331911,0.711966367234803
2019-03-28,0.6064151982400521,0.6047436307955342,0.7119797134969076
2019-03-29,0.6061926216177266,0.6082131853189496,0.7126825484068516
2019-04-01,0.6044746504399152,0.6197981705425987,0.7122256580325941
2019-04-02,0.6023915110859998,0.6188838631215628,0.7129089448825308
2019-04-03,0.6137547782946599,0.6096043949936544,0.7126014008216026
2019-04-04,0.6076369981409212,0.5949562870704269,0.7131614996808837
2019-04-05,0.5307964107434437,0.5670723224917299,0.7145642483647872
2019-04-08,0.535527773529518,0.5762777601947937,0.7160357468226602
2019-04-09,0.5304029796375849,0.5317887222862909,0.7159850133107207
2019-04-10,0.536545521332542,0.5367997049731896,0.7182969413725595
2019-04-11,0.535785841734907,0.5173788319846107,0.7190177704310398
2019-04-12,0.5323196157195244,0.5105946759016412,0.707911174931127
2019-04-15,0.5309754136519781,0.5157047624284058,0.7047537208621751
2019-04-16,0.5057425719433746,0.47930075799528765,0.7014155672991964
2019-04-17,0.5003256933958117,0.46038280127749637,0.6976368728305855
2019-04-18,0.4962076623701841,0.47263018903876947,0.6907109260776968
2019-04-22,0.4798497271931408,0.4636978551351319,0.690986674123222
2019-04-23,0.4588023621166695,0.3067682421310374,0.6886067613472278
2019-04-24,0.4626197385101371,0.3197130096810018,0.6924002036067392
2019-04-25,0.45824491285693786,0.27184887246815037,0.6931167142051476
2019-04-26,0.45238922030460016,0.2161414736873573,0.6934203288137125
2019-04-29,0.44199046387315943,0.21223366348826522,0.6841606445799817
2019-04-30,0.4478656560699264,0.19998163364571417,0.6847450826832978
2019-05-01,0.44637002221271477,0.18563409873453582,0.6820716634903401
2019-05-02,0.4418510404583974,0.18842901093987324,0.6863023328212294
2019-05-03,0.4642477339493902,0.26050556721111645,0.6864411571970225
2019-05-06,0.46386938956244683,0.2718299395796193,0.6880370097036598
2019-05-07,0.5016528971260104,0.4079411478857056,0.6930651850828118
2019-05-08,0.5021008546104475,0.4097492194282722,0.6949640032683629
2019-05-09,0.49528375745964925,0.408814048481649,0.6978519717357672
2019-05-10,0.4965737294089714,0.4134795676625407,0.6965855895035016
2019-05-13,0.5473340247702375,0.5467434887154209,0.6979851023816148
2019-05-14,0.5378382480975711,0.5569947365444453,0.6991523615741496
2019-05-15,0.5387085630930554,0.5662390803714074,0.6984975844242416
2019-05-16,0.5515828732614914,0.6369585195904841,0.7001218684602174
2019-05-17,0.5516424480802307,0.706754201482729,0.7023862172532374
2019-05-20,0.5483314001965742,0.6989073019124402,0.7021147411699565
2019-05-21,0.5546050319243873,0.7246118665410672,0.705755148893213
2019-05-22,0.5489795790849313,0.7073874129473389,0.70560395502305
2019-05-23,0.5548722817005904,0.7129143043345723,0.7083270330258792
2019-05-24,0.5568307866656538,0.7318542983298968,0.7052692450004131
2019-05-28,0.5609515727562581,0.72565477383401,0.707987855638364
2019-05-29,0.564209217706612,0.7252417485438487,0.7097799921505612
2019-05-30,0.5632016052084161,0.7339664368317278,0.7060058800246857
2019-05-31,0.5795581590431159,0.7577602747721613,0.709780287322489
2019-06-03,0.5630340698245471,0.7166790538032464,0.6992799366417353
2019-06-04,0.5821361713255097,0.7161442140739218,0.7027510217283628
2019-06-05,0.5823659902632978,0.7218814513828945,0.705175573721705
2019-06-06,0.5765432551013605,0.7008580829920382,0.7035670129708314
2019-06-07,0.5793613792115277,0.7013299585050834,0.6878031788617098
2019-06-10,0.564842334489953,0.6955515924932126,0.6909055742707063
2019-06-11,0.5648652359549751,0.6950365240468617,0.686270865967365
2019-06-12,0.5587144682980033,0.6270943427159789,0.6883337064468499
2019-06-13,0.558926027685776,0.6205310221460167,0.6893740265321265
2019-06-14,0.5594675923466597,0.6141102810610756,0.6903158410860404
2019-06-17,0.5603660469879618,0.5848728692245356,0.6900436593769941
2019-06-18,0.5643199579854505,0.5759820139670212,0.6874650332205996
2019-06-19,0.5702333746401128,0.5761445757131538,0.6836334931988307
2019-06-20,0.5744852510928542,0.572212127440809,0.6878734337608721
2019-06-21,0.5497748373069575,0.5769972142516789,0.6828599812972571
2019-06-24,0.5491991011719232,0.5492772374566443,0.6781261535941727
2019-06-25,0.5536974562684849,0.5784683628900139,0.669904542457942
2019-06-26,0.5354838696949449,0.523653413912029,0.6489830709923469
2019-06-27,0.5356621602771516,0.5036633986749105,0.5762015846084386
2019-06-28,0.5347514841325265,0.5044382457468848,0.5752000253693798
2019-07-01,0.535081449251354,0.4311123829984681,0.5763473605109831
2019-07-02,0.5323294909169983,0.45006704051561786,0.5730217331262175
2019-07-03,0.5395310946847318,0.3670259659040067,0.5813875576331016
2019-07-05,0.5411639542109868,0.36639900602995557,0.5776920211681597
2019-07-08,0.5455631268606094,0.4056132258338682,0.5410295319232978
2019-07-09,0.5459134209477751,0.39349117078864904,0.5433768435172205
2019-07-10,0.5463697712773258,0.40075087694006994,0.5401842975992642
2019-07-11,0.5453938826331536,0.39678988133553805,0.5425902521042041
2019-07-12,0.5421328659395289,0.3799779544143588,0.5400821876075976
2019-07-15,0.543880678762224,0.3766058197532948,0.5396452163514606
2019-07-16,0.5480533959715915,0.4054464306583435,0.5398586398805936
2019-07-17,0.5658143678287646,0.44659472532678374,0.5381206884590398
2019-07-18,0.5837518691086466,0.4173795132766136,0.5413239729682182
2019-07-19,0.5828303364070424,0.4352867805484595,0.5399386353283596
2019-07-22,0.5842468518778223,0.39329873842033686,0.53349111053882
2019-07-23,0.5844709043224976,0.4221808207408778,0.5262286506431793
2019-07-24,0.5840304537972983,0.42645368817774176,0.5269980799639666
2019-07-25,0.5949726273525648,0.3943713917058361,0.5315534558531774
2019-07-26,0.5968486541570346,0.4389274227589069,0.5304071920378379
2019-07-29,0.5986213292770494,0.4430705470903688,0.5278999760459374
2019-07-30,0.6036107120841984,0.4406995978690091,0.5307983771579527
2019-07-31,0.6086192052913102,0.4740678320753716,0.5308780039752953
2019-08-01,0.604690940207457,0.48013527567917563,0.5353987821768145
2019-08-02,0.597862457024329,0.44813466516230677,0.5405984453452389
2019-08-05,0.6512972228907954,0.6677748497684248,0.5787732882510365
2019-08-06,0.6498084278631969,0.7106690133880252,0.587139495325585
2019-08-07,0.644465683672462,0.6946392157310411,0.5865582989856762
2019-08-08,0.6658418607088408,0.7503150571436716,0.5994569356923402
2019-08-09,0.6682561652791351,0.7517686327192353,0.6014307545859198
2019-08-12,0.6518077766780624,0.7823958142584744,0.6071560303045029
2019-08-13,0.6618381786394626,0.8074613375527513,0.610141340922739
2019-08-14,0.699801928258381,0.8425301640764139,0.637138084757938
2019-08-15,0.6915900223662111,0.8413876610131074,0.6370739080453425
2019-08-16,0.6985044861046752,0.8550330496642287,0.642209070144388
2019-08-19,0.7067777631156428,0.8693041073875141,0.645543224654401
2019-08-20,0.7078249517359522,0.8755464977348374,0.6480564107734867
2019-08-21,0.7111315812244587,0.8732327109066657,0.6489123177101954
2019-08-22,0.708663882601204,0.8743022594595281,0.6486338615676868
2019-08-23,0.7310690905528039,0.8855806526174388,0.6661298293536384
2019-08-26,0.7352079248024023,0.8997303261377037,0.6692002450047398
2019-08-27,0.7360080878843305,0.9007349030680821,0.6702021365930209
2019-08-28,0.7364366084692748,0.9041122850032344,0.6704723931765569
2019-08-29,0.731955535329398,0.9067805043809408,0.6745612530645404
2019-08-30,0.754049937264862,0.9186833923989087,0.6753236803755922
2019-09-03,0.7444505567907856,0.9098117078931824,0.6728472449857228
2019-09-04,0.7489822176887957,0.8926738159129566,0.6752672060481143
2019-09-05,0.7435820107492049,0.8629318110072134,0.6709552843194201
2019-09-06,0.7454063330320627,0.8729511980388088,0.6715743175321972
2019-09-09,0.7371466676996504,0.8331838632839454,0.6621303764550206
2019-09-10,0.7340005467708915,0.8247379925460157,0.6605065783847761
2019-09-11,0.7390416866276577,0.817426506219328,0.6606569541430666
2019-09-12,0.7400280034021299,0.8068672602095369,0.6609537768069557
2019-09-13,0.7389955693763248,0.7275108967668714,0.6594750462451423
2019-09-16,0.7330813981828147,0.717759871163531,0.6562664728803019
2019-09-17,0.7315738625154065,0.6876139932171745,0.6569261531483819
2019-09-18,0.7333764725119398,0.6733626628352449,0.6608236456140772
2019-09-19,0.7316926589720572,0.6569727197150883,0.6615020128136105
2019-09-20,0.7303613318913452,0.6513318773100251,0.6529434209278443
2019-09-23,0.7308742051184715,0.6526203907934707,0.6530260204516982
2019-09-24,0.7280413011752592,0.48269836733584076,0.6516655674539796
2019-09-25,0.7409538788329737,0.4472604006288205,0.6500011037421075
2019-09-26,0.7401332669808708,0.4278780589889323,0.649649814200647
2019-09-27,0.7409777251682471,0.43648821688282136,0.6495424800874195
2019-09-30,0.7358524386174152,0.3699981869410472,0.6481981464659406
2019-10-01,0.7403206886812853,0.4219258719294245,0.6501942054901324
2019-10-02,0.7469142395334369,0.5324482386257282,0.6591141566095421
2019-10-03,0.7501332555575463,0.5183621391970422,0.661765944044605
2019-10-04,0.753215950077831,0.5602317040915971,0.6652909416013437
2019-10-07,0.7544429939784082,0.564573177417307,0.6661166712980272
2019-10-08,0.7604180895830024,0.6431094197060944,0.6713086809046284
2019-10-09,0.7641753795699855,0.6815449259276943,0.673327769267526
2019-10-10,0.7718406145555748,0.6790957488155557,0.6760098282224923
2019-10-11,0.7722624147191663,0.6815339764600363,0.6784308739597298
2019-10-14,0.7761524204898071,0.7007327704265794,0.6810904985825168
2019-10-15,0.7743114151455907,0.7346884945989184,0.6880325475184631
2019-10-16,0.7746622235795075,0.7356296090534471,0.6959492523330605
2019-10-17,0.7777657093548375,0.7335225020648498,0.6961082454760891
2019-10-18,0.7788884815130044,0.7298801681630989,0.6974018130809079
2019-10-21,0.777793708897879,0.7402389125148727,0.696858267981897
2019-10-22,0.7740483160152577,0.7202284956169291,0.6945441592010482
2019-10-23,0.7722499598922677,0.7219960184315259,0.6980925248440705
2019-10-24,0.7716798262386643,0.7074075175114687,0.6970250831158873
2019-10-25,0.7684028910453455,0.7026060697888041,0.6962513161569933
2019-10-28,0.767082391057628,0.696108762435193,0.6988930736979492
2019-10-29,0.7593464481241023,0.6812076224357592,0.6951673112737605
2019-10-30,0.7618291804738991,0.6570951049855593,0.6942349883156272
2019-10-31,0.7611884030126498,0.5677364544588887,0.6911304897415802
2019-11-01,0.7291887515209988,0.5546991515982971,0.6911988103491671
2019-11-04,0.7127567493352326,0.4951119133726574,0.6801852110626605
2019-11-05,0.717035468266327,0.4784717554320267,0.6792435525478172
2019-11-06,0.6970076854933058,0.32022764030694045,0.6778129034076477
2019-11-07,0.6915845713564909,0.28185770221922724,0.6765254639250874
2019-11-08,0.6840070859292319,0.26618575189988997,0.6653930293357698
2019-11-11,0.6745624092727016,0.23594558997075613,0.6644433454535698
2019-11-12,0.6215913372579348,0.22674569288761884,0.665565250482841
2019-11-13,0.6229970118083833,0.17460564624489286,0.6613124275216851
2019-11-14,0.6091401143595823,0.1700006914167716,0.6596797706072912
2019-11-15,0.5982049845853292,0.18873414210461537,0.6600986349762173
2019-11-18,0.5906963730592714,0.15517113331748514,0.6582902287968838
2019-11-19,0.5870647541027201,0.1393138144845913,0.6584064025302439
2019-11-20,0.5888827741235342,0.16517082320063162,0.6562597099520242
2019-11-21,0.5209613716328443,0.1704367868872223,0.6549438297643713
2019-11-22,0.5096352209856447,0.19027650375684516,0.652997065315894
2019-11-25,0.5078193568001048,0.22644215906836174,0.6521973072278672
2019-11-26,0.5042320245509234,0.21654515183638287,0.6522222532801774
2019-11-27,0.49166804421216054,0.2510897227861852,0.6462659093894194
2019-11-29,0.4951392105974657,0.2932691663056342,0.661319441722734
2019-12-02,0.5077147569432159,0.3523048487774162,0.6563887842847496
2019-12-03,0.500671111023618,0.3448771385862938,0.6566510912310156
2019-12-04,0.50127559665997,0.40482422365684256,0.6573131348546545
2019-12-05,0.5015591589167766,0.4144741796004255,0.6581831856519884
2019-12-06,0.5221180128025874,0.4660456939849889,0.6604808858861952
2019-12-09,0.5281011085855495,0.4976862410421615,0.661176960256577
2019-12-10,0.5241913885891427,0.5017608917757046,0.6636701155948729
2019-12-11,0.5232171306258764,0.4956342400017509,0.6639713103258644
2019-12-12,0.5335421069655296,0.5035079294186544,0.6677987052006362
2019-12-13,0.5420334109544986,0.5115545674913229,0.66924207592385
2019-12-16,0.5472348460645853,0.5261115606375526,0.6691589361897023
2019-12-17,0.5460062071203173,0.5313678545364985,0.6696235460312637
2019-12-18,0.5448415951164424,0.5342931195760854,0.667764440977118
2019-12-19,0.5476017859446785,0.5518094313717138,0.6687074922694068
2019-12-20,0.5487016530649906,0.5423231525263492,0.669158896141288
2019-12-23,0.54252148263978,0.5363419329801679,0.6662373294826912
2019-12-24,0.5461462739630579,0.5497844293257129,0.6746756076827913
2019-12-26,0.5494040513286268,0.5448580512019082,0.6755371057388735
2019-12-27,0.5490739477794999,0.5610276132884326,0.6768490489164226
2019-12-30,0.5584376697985466,0.5810946367408987,0.6764621278261839
2019-12-31,0.5435762765694989,0.5682372559937147,0.6794636929112093
2020-01-02,0.48256583533838265,0.4905403629204404,0.6750297104040744
2020-01-03,0.4877781735750919,0.5135724328089393,0.6768796057150352
2020-01-06,0.4673485524290122,0.5036753549979719,0.6757120374805708
2020-01-07,0.4641711668560563,0.5209393037550105,0.6763770004944877
2020-01-08,0.4071299151112013,0.47811208588484344,0.6762427598915526
2020-01-09,0.39951635588498097,0.4846896387607862,0.6778211206623775
2020-01-10,0.3968090427889226,0.48371685895063943,0.6821303885475861
2020-01-13,0.3867329309682829,0.4889039259467115,0.6826533282072553
2020-01-14,0.3871269154375096,0.5045580980136644,0.6821046564499008
2020-01-15,0.37422350975418056,0.4893351068916704,0.6799944309046849
2020-01-16,0.3852057665145009,0.5066164653586515,0.6827005349008984
2020-01-17,0.3859940287924856,0.510546946607264,0.6838382012174236
2020-01-21,0.37925313053253085,0.49780759867639784,0.6831818993990783
2020-01-22,0.377347801649898,0.4952443842084179,0.6827756701770906
2020-01-23,0.37978986205943194,0.48130029718429385,0.6820028180720064
2020-01-24,0.40169691326837753,0.5393705144077586,0.680779790241517
2020-01-27,0.47524651310762733,0.6525152677018696,0.692706579661973
2020-01-28,0.49415512050199417,0.6758362215193441,0.6952473745493388
2020-01-29,0.4976504064505707,0.6733052307166902,0.6963881223862881
2020-01-30,0.4975730075399149,0.6206915822958218,0.6901576891139553
2020-01-31,0.5437525045746348,0.6732842924168514,0.6971222241852378
2020-02-03,0.5435360668245788,0.6966273256604252,0.6959278852707341
2020-02-04,0.5590698992562741,0.7043737416869249,0.6729717551170281
2020-02-05,0.5717900624690587,0.6841104516868828,0.6651307701376483
2020-02-06,0.5713494128226443,0.6781523908273435,0.6677195503867588
2020-02-07,0.5777570010584386,0.6837918714866765,0.6552283986019548
2020-02-10,0.5882947211546051,0.6840946204455598,0.6549817097644353
2020-02-11,0.5840075484992117,0.6715040596226673,0.6478216865427333
2020-02-12,0.5817454996213316,0.6671103819506479,0.6403012403968665
2020-02-13,0.5796161793553761,0.6643797858423001,0.6022246280514533
2020-02-14,0.5840148100910901,0.6766897105302436,0.605120650165214
2020-02-18,0.5833385379647088,0.6633871509490107,0.5966519537339815
2020-02-19,0.5820458849361922,0.650494423502602,0.5897220163380549
2020-02-20,0.581791799375971,0.6559435089098151,0.5854233244224033
2020-02-21,0.5890466422634497,0.6548079920240323,0.5856800842896843
2020-02-24,0.689569846262467,0.7828950423928144,0.6365365065384588
2020-02-25,0.7374228603016717,0.8200036253335934,0.6445361725197402
2020-02-26,0.7337343956886753,0.8005060875936356,0.6388914603903931
2020-02-27,0.8096968380802076,0.8702539560884975,0.7046838831897306
2020-02-28,0.7814013608674713,0.8334835352284112,0.6874064991313895
2020-03-02,0.7839135438665907,0.8327627330942649,0.7004311853134341
2020-03-03,0.7966727255824322,0.8456345040940336,0.7154868548282731
2020-03-04,0.8175701577209975,0.8679240971855294,0.7405821975477221
2020-03-05,0.8246231098315469,0.8703959637659429,0.7506192580109906
2020-03-06,0.8172166517180917,0.8658406665538796,0.7493700984790924
2020-03-09,0.849761226828094,0.8818113604265109,0.7957948403105392
2020-03-10,0.8699450925370188,0.90530948974332,0.8202209975730252
2020-03-11,0.8781546089143232,0.9080018805197639,0.8327066340412362
2020-03-12,0.8982016363224522,0.9215574207719974,0.8615584556851343
2020-03-13,0.8775507355695983,0.8934897958856307,0.8490885652395214
2020-03-16,0.9149781343889517,0.9270929171029024,0.8914621508026799
2020-03-17,0.9044150146481656,0.916932337584537,0.8837971150604783
2020-03-18,0.9002601042903623,0.9120600783293226,0.8808896265143994
2020-03-19,0.887033726938196,0.8938097614629098,0.8692668934451813
2020-03-20,0.8848110801872031,0.8884059010854465,0.8682494867387838
2020-03-23,0.8756624512911241,0.8797878848604651,0.8603422130547802
2020-03-24,0.8765452855894496,0.8817269587971995,0.8628501130645043
2020-03-25,0.8724551630978414,0.8774143281153486,0.8592195739710047
2020-03-26,0.8767181402909536,0.8833022934638776,0.863795155249334
2020-03-27,0.873375753050961,0.8756410446749868,0.8610643080346208
2020-03-30,0.8729809638757776,0.8779411975196997,0.8609183871767406
2020-03-31,0.8723583713089806,0.8764375473270761,0.8607852102459607
2020-04-01,0.8773781561336906,0.8806070110586582,0.8664726861151623
2020-04-02,0.8766272293044804,0.8779077008410033,0.8648589027012793
2020-04-03,0.8765124558194471,0.8769451808344692,0.8646714086078948
2020-04-06,0.881989106856493,0.8849446866570229,0.8697163109907189
2020-04-07,0.8803539402086958,0.8763449023037462,0.8681931256888402
2020-04-08,0.8813753400203896,0.8699589696227008,0.8690644691174699
2020-04-09,0.8803443733796823,0.864258788324779,0.8678942425530656
2020-04-13,0.8789892804073435,0.8434569252774619,0.866567938841954
2020-04-14,0.8775308042490123,0.8375250061785353,0.8652347442317527
2020-04-15,0.8828037541523651,0.8254906624507438,0.8708523449709096
2020-04-16,0.8814006785974153,0.8341912344035487,0.8695385087019302
2020-04-17,0.8776822410120748,0.8182065069053339,0.8664939848868459
2020-04-20,0.8778587020232052,0.8405917670464066,0.8668605651056475
2020-04-21,0.8788977378128439,0.8461017558452951,0.8683322469305917
2020-04-22,0.8791747606693032,0.8611856907882084,0.8685240300189093
2020-04-23,0.8784464526835485,0.8458466042100528,0.8682592025961988
2020-04-24,0.8791342991036735,0.8643361580130196,0.8685605478258938
2020-04-27,0.8783474968344547,0.8468873356507737,0.868573259558962
2020-04-28,0.8756498142943132,0.8463576054026685,0.8666069002443508
2020-04-29,0.8737427389088135,0.8407642033850047,0.8648670141264118
2020-04-30,0.8737757293384765,0.8352554233052197,0.8649577869691863
2020-05-01,0.8747408529378453,0.8006199176554296,0.8660706020623986
2020-05-04,0.8740606679219827,0.8032888477559599,0.8653744705399322
2020-05-05,0.8741758251843333,0.7959609708514335,0.8655520299568449
2020-05-06,0.8737469578904093,0.7244692736390829,0.8654244052013175
2020-05-07,0.8735481782430425,0.7323996988390526,0.8651619860910895
2020-05-08,0.8726918646832122,0.701360171636149,0.8643852315415222
2020-05-11,0.8716670362973402,0.7048599919966224,0.8636755704563509
2020-05-12,0.8724048466927967,0.7262422541918974,0.8643150246623089
2020-05-13,0.8725592362817813,0.7429633077532277,0.8643676174871724
2020-05-14,0.8752491042023687,0.7421150261188405,0.8665003132993588
2020-05-15,0.8747584622263457,0.7582004246987653,0.8661586080057266
2020-05-18,0.8721281251384609,0.7596120601401561,0.8636171284308917
2020-05-19,0.8718293425306416,0.748239282637233,0.8637562850865856
2020-05-20,0.8719779421724344,0.7185442291051887,0.8636348743815451
2020-05-21,0.8722303440557166,0.7086025290621624,0.8635939997940308
2020-05-22,0.871267689973442,0.7141977003124818,0.8636495938192283
2020-05-26,0.8674496236490583,0.6872254016673722,0.861073867630514
2020-05-27,0.8666015102914489,0.6796753698275142,0.8601275986566622
2020-05-28,0.8608053031536663,0.6849466035011759,0.8589831495606745
2020-05-29,0.8623128249200348,0.6828073988503786,0.858731883069329
2020-06-01,0.8620591031507141,0.6731871980151645,0.8581421896707614
2020-06-02,0.8608593539452314,0.6114409789658938,0.8580748569001018
2020-06-03,0.8592171352644071,0.6133189093465617,0.8567590341266849
2020-06-04,0.8572472828433759,0.6195175829936702,0.8559909482080206
2020-06-05,0.8581068874829937,0.6544212081340637,0.8563957917602785
2020-06-08,0.8440435727199115,0.653555075638788,0.8556784932198124
2020-06-09,0.8363051430793463,0.647176943580649,0.8545551069622804
2020-06-10,0.8285087947592865,0.6420332203654702,0.8525464551970756
2020-06-11,0.8163756526964228,0.767341253077645,0.8565383198025088
2020-06-12,0.810947524595805,0.7589434660451176,0.8563460403040463
2020-06-15,0.8027182367584311,0.770516913875159,0.8587574619316883
2020-06-16,0.8116316300902634,0.7777465002855891,0.8591620146038056
2020-06-17,0.8020971080755435,0.7761022004254889,0.8590077398681767
2020-06-18,0.8139276376878656,0.7730557111049678,0.8589159544050228
2020-06-19,0.8113768122309162,0.772212765133652,0.8586861260111621
2020-06-22,0.8189238865305654,0.7678378336081888,0.8584645423489914
2020-06-23,0.7932865609756024,0.7681185538804451,0.8585252945025197
2020-06-24,0.8049439173528701,0.8099606848876754,0.8591352913531302
2020-06-25,0.7926529122967212,0.8187992159801692,0.8591696686531852
2020-06-26,0.7975331623104351,0.832084668335412,0.8587471037891982
2020-06-29,0.7996999803782402,0.8296911687490974,0.8581323476782984
2020-06-30,0.7991403206341776,0.8352607806696514,0.858166630830343
2020-07-01,0.7715435975557209,0.8238506223420738,0.8574119592174916
2020-07-02,0.772443814123028,0.835396772742739,0.8578320151702127
2020-07-06,0.7715320140955663,0.8488807915748893,0.8580380121314963
2020-07-07,0.742089878572721,0.8380635533466064,0.8578411690424487
2020-07-08,0.7458289400371113,0.8493406797849862,0.85771460010699
2020-07-09,0.7337125997772194,0.8483905368923257,0.8568927652748421
2020-07-10,0.7323443363784579,0.8507581764513044,0.8557070064558158
2020-07-13,0.7307026017839267,0.7025366033884968,0.854860160012521
2020-07-14,0.7359431592297179,0.6964667271809583,0.8543809630108526
2020-07-15,0.7307415697379505,0.6856633577593725,0.8527518905362389
2020-07-16,0.737912911358062,0.6623350598571494,0.8527156692024698
2020-07-17,0.7341961943615164,0.6514710485488688,0.8521337006950518
2020-07-20,0.7224284016474206,0.6265792927515645,0.8510571319160757
2020-07-21,0.7024536552263225,0.5966195402231403,0.8497301302539076
2020-07-22,0.7001081419766753,0.6035529542589166,0.8495909619322346
2020-07-23,0.7022313405509714,0.611460347161124,0.84931106621762
2020-07-24,0.7019604820012795,0.542722628322669,0.8495433450615509
2020-07-27,0.7000954259376996,0.5336313766337433,0.8491317495777146
2020-07-28,0.7080442592964331,0.44735384343809426,0.8486363828336096
2020-07-29,0.7143797377204598,0.45405573358667617,0.8489775456669708
2020-07-30,0.712327708161326,0.434783194844472,0.8489687967002298
2020-07-31,0.6918709591509349,0.4339004649585485,0.8483501919082399
2020-08-03,0.690202160374263,0.4190436730513817,0.8478314914038236
2020-08-04,0.690300848193807,0.37822767343208696,0.8476512024361627
2020-08-05,0.6905741772931774,0.3429831381124606,0.8475779914857723
2020-08-06,0.686098353234371,0.3276712631525194,0.8469835673662218
2020-08-07,0.680601664050541,0.3136704162812686,0.8460315187118412
2020-08-10,0.6822892036938446,0.30547626399519445,0.8451093856062795
2020-08-11,0.6706628283307355,0.31085905576418477,0.8447990833336072
2020-08-12,0.6618639909065569,0.32175984524720946,0.8450265450995327
2020-08-13,0.6631224365930968,0.3156951190010009,0.8438870994337435
2020-08-14,0.6661191609683099,0.3122049977257681,0.8438570911646874
2020-08-17,0.6557527175319057,0.3166035733948139,0.8436104253661993
2020-08-18,0.6524557231128172,0.33890235018509524,0.8436085939722456
2020-08-19,0.6510767254457934,0.3855817474545989,0.8438731965370739
2020-08-20,0.6472523879768147,0.3716594077181341,0.8439349651550024
2020-08-21,0.6465638651912835,0.32031953436251426,0.8426178700691267
2020-08-24,0.6546405595430127,0.29752947841156413,0.8410564833471533
2020-08-25,0.6542946406546779,0.2921575327561642,0.8411186346656537
2020-08-26,0.6537886052704476,0.25751953865336935,0.8356618892299109
2020-08-27,0.6525355613939149,0.20397166699036107,0.8365739385712484
2020-08-28,0.6562801803291083,0.18914392241159508,0.8368738265841437
2020-08-31,0.6556188864836504,0.22048203490715668,0.8354879920908218
2020-09-01,0.6583810160392107,0.24659041257836326,0.8347630256716833
2020-09-02,0.6619211328370328,0.28873153918987327,0.832639773111635
2020-09-03,0.6752340464867888,0.6054220238959375,0.8339215596793386
2020-09-04,0.6760775149455855,0.6214009260038292,0.8191438424817318
2020-09-08,0.6982732628740099,0.7359060268207727,0.8148563719523966
2020-09-09,0.716454864485655,0.7924710371104624,0.8104619037960532
2020-09-10,0.6403451042110403,0.8232247236231157,0.7917423921138951
2020-09-11,0.6378009138396394,0.8066206152031664,0.7846042471997955
2020-09-14,0.6316634710504843,0.7946278922091828,0.771057474043921
2020-09-15,0.6194752672347706,0.7870404346391199,0.7740922511603588
2020-09-16,0.6125148609522897,0.7692612504077434,0.7625109709005824
2020-09-17,0.6154501935275574,0.771280075884932,0.7718081905498548
2020-09-18,0.6212484455148013,0.77600667729251,0.7691041046536092
2020-09-21,0.6125602174538015,0.7398242291716702,0.77231983481503
2020-09-22,0.6107959716851188,0.7369772596018287,0.7429871718205565
2020-09-23,0.6131529981804651,0.7730996343515574,0.7519344493610695
2020-09-24,0.6100426358030608,0.773870292083486,0.7378529075595112
2020-09-25,0.6033489580479712,0.8158974928079133,0.7409668719527578
2020-09-28,0.6124813169418344,0.8365832713140836,0.7433969132175318
2020-09-29,0.610730320267489,0.8321189945531824,0.7430499356372017
2020-09-30,0.6141755076480774,0.8331346674251386,0.7228312731852619
2020-10-01,0.6109128599892086,0.826952709558467,0.7208396107529401
2020-10-02,0.5985839586108568,0.8140040408956746,0.7168487334916832
2020-10-05,0.6086945405448173,0.786503710601298,0.6918177271811722
2020-10-06,0.6164021203225049,0.7969040823774349,0.6964481366870726
2020-10-07,0.6325858068865106,0.7682402933779157,0.6912042819000094
2020-10-08,0.6392362173371918,0.7471647901452704,0.6926115977092306
2020-10-09,0.6435310304418034,0.7191054553321807,0.6947664779202399
2020-10-12,0.6505341643147403,0.7321527969576698,0.6981974222826143
2020-10-13,0.6503793422050891,0.7279962426552311,0.6937941735710633
2020-10-14,0.6517964240380346,0.7390583034997893,0.6985994192784852
2020-10-15,0.6545604082808308,0.759072609215792,0.6964452864401475
2020-10-16,0.6616880597543119,0.7483249002407749,0.6918683852405159
2020-10-19,0.6818099999516289,0.7564152640256183,0.6852821065859349
2020-10-20,0.6826029530115516,0.7991473562227932,0.6837155487766495
2020-10-21,0.6779154388392155,0.7994910358735596,0.6842514937747917
2020-10-22,0.6690794715175123,0.706804605392201,0.6809232480896324
2020-10-23,0.6695354149473572,0.7086016877978628,0.6800816056998473
2020-10-26,0.6796458252686021,0.7173625703850897,0.6886579960171444
2020-10-27,0.6697841410545907,0.6759353719125138,0.6880982082512336
2020-10-28,0.7033941950376109,0.7559527337103843,0.6987715050641143
2020-10-29,0.7031873823766173,0.7476895060992895,0.687990676596131
2020-10-30,0.705042605251801,0.7448425803351616,0.6880436980852811
2020-11-02,0.7004772707811054,0.74600653933703,0.6862624119879216
2020-11-03,0.7068735855445004,0.7354454907193761,0.689611680961178
2020-11-04,0.6907006626253476,0.6707957601049807,0.6785335619353051
2020-11-05,0.7029772598959443,0.6661554148878497,0.6805536869017987
2020-11-06,0.7090163430695975,0.6654619227618997,0.6832712496453847
2020-11-09,0.6601282634994254,0.5701343151594889,0.65936050193495
2020-11-10,0.6477212049926071,0.5420979158663665,0.6502101166176556
2020-11-11,0.6431917515536428,0.527669185191314,0.6477797001279327
2020-11-12,0.645200411924252,0.5325727019992637,0.6503954143513478
2020-11-13,0.6492801392843398,0.5429914353690315,0.6474472675339019
2020-11-16,0.6495423760882125,0.5491733307874828,0.6463205101650248
2020-11-17,0.6502387036193854,0.5339785957153543,0.6454145650534561
2020-11-18,0.6569000018347158,0.5472616444812073,0.6473558254817497
2020-11-19,0.6581136906343836,0.5516062408622037,0.6476274753422682
2020-11-20,0.6607489336178151,0.5631507870280278,0.6533909242873785
2020-11-23,0.656545992436966,0.5583624437530642,0.6508483788264182
2020-11-24,0.6679773141456471,0.5465085979222173,0.6563419364947004
2020-11-25,0.6698638044116374,0.552280724759225,0.6576052145145264
2020-11-27,0.6683243585590528,0.4163795356523162,0.6586155002444012
2020-11-30,0.6655928689701204,0.42938606299753485,0.6565319154499851
2020-12-01,0.6690130094492973,0.4198286552316298,0.6593008727948311
2020-12-02,0.6663143602990148,0.42252752085435646,0.6594831622509096
2020-12-03,0.6410128797794611,0.4090596992801906,0.6522365712769255
2020-12-04,0.6399057675477052,0.46744220222004607,0.651640236795826
2020-12-07,0.6168550663523682,0.4387801911588359,0.6529594851391354
2020-12-08,0.609705523520946,0.43752277131712,0.6582388256898623
2020-12-09,0.5998244712798358,0.54751909338416,0.6095028322441676
2020-12-10,0.6007838128962738,0.6029761047809666,0.6082391160484643
2020-12-11,0.596524850191525,0.6438058039410979,0.6058535724615963
2020-12-14,0.5985702144449995,0.6185531103615759,0.6005573308080236
2020-12-15,0.6088512947082977,0.6320542006357664,0.603368200529206
2020-12-16,0.606313659952216,0.6098372065213757,0.6032920986873773
2020-12-17,0.6005056732258836,0.589162295794815,0.6031875586790896
2020-12-18,0.60903365146062,0.5578578036279822,0.605299426097392
2020-12-21,0.6086705881241141,0.5307718674167258,0.6031670899620812
2020-12-22,0.5807084707883501,0.49547207213858696,0.589399905030128
2020-12-23,0.5792859272184475,0.503093665940031,0.586868348430806
2020-12-24,0.5721155475848494,0.42319759883542235,0.5779945040320129
2020-12-28,0.5635020363713513,0.43513836268195866,0.577853273683529
2020-12-29,0.5619374054696182,0.43971473050874516,0.5764327506955532
2020-12-30,0.562610307393009,0.4367838205570487,0.5785656590466012
2020-12-31,0.5656016704721174,0.3926860572704323,0.5779916262807913
2021-01-04,0.5792183111890038,0.5042380894047831,0.5786368741312128
2021-01-05,0.5679772177152985,0.5109827896319495,0.5774193842234129
2021-01-06,0.5400748186868615,0.4009854885815476,0.5680454328086736
2021-01-07,0.5323508083008562,0.4436296122440536,0.5717753515865545
2021-01-08,0.5276943360527089,0.4381852168762056,0.5726061670373891
2021-01-11,0.5246881065855118,0.4075027293512824,0.5724401528246478
2021-01-12,0.5118874988605956,0.3782637988253308,0.5676015496450876
2021-01-13,0.5078172577088805,0.3752999020660287,0.5664625295760835
2021-01-14,0.5054941991829911,0.37286828709532355,0.5663064932157781
2021-01-15,0.5076528546811185,0.3361927461932593,0.5684091793409015
2021-01-19,0.5092826379024616,0.34362692103663733,0.5730797208302847
2021-01-20,0.4968460718336225,0.3668946136182587,0.5772761626705896
2021-01-21,0.4917387745746555,0.33737173114757557,0.5752159194240792
2021-01-22,0.4961580848912389,0.3558859511398736,0.5750175746076617
2021-01-25,0.4971167285908343,0.35404495379224127,0.5729492676041115
2021-01-26,0.49511863684823165,0.35562126244730263,0.5718801367779102
2021-01-27,0.5063452659309765,0.4890572685567497,0.5828641993925623
2021-01-28,0.510512801595716,0.4899411015866557,0.5805358195977943
2021-01-29,0.4756171108428066,0.5516242296048159,0.5903826395008821
2021-02-01,0.4866787794996063,0.5827429843640682,0.596436529260703
2021-02-02,0.49309097172391547,0.6041351827621672,0.6023202121688289
2021-02-03,0.49295575186363877,0.5696669117279097,0.6014873299431611
2021-02-04,0.48826913701564484,0.5834540805484209,0.6043013468001079
2021-02-05,0.5072655730907827,0.6510606239079215,0.6058105467909929
2021-02-08,0.49568914674326864,0.6432903090963336,0.6096840953091456
2021-02-09,0.4966470448983165,0.6490988414847786,0.6125632268552745
2021-02-10,0.5378435673794351,0.6606062182563501,0.6123927023562258
2021-02-11,0.5540929720589933,0.6951134452020479,0.610235196039439
2021-02-12,0.5657528683868905,0.696012602823333,0.6106210669115338
2021-02-16,0.5537298526361483,0.6911175923742015,0.6088477792344873
2021-02-17,0.5441480643529344,0.6821951987236823,0.6096361735907296
2021-02-18,0.5419187845865834,0.6877472223819708,0.6106935716086935
2021-02-19,0.5278232487094348,0.6585198694772413,0.6066542383705172
2021-02-22,0.506539591270814,0.6518030572505763,0.6053655285498919
2021-02-23,0.5048196771688126,0.6470564366432099,0.6057446115084288
2021-02-24,0.5034041235309017,0.6692941087789586,0.6069733171887118
2021-02-25,0.5488724877990316,0.7439733149976551,0.6166699100520655
2021-02-26,0.5298568118934903,0.6810622518735064,0.6186037902620546
2021-03-01,0.564565745380872,0.7456356640188269,0.62990746295901
2021-03-02,0.568624231089888,0.7048809148710758,0.6302501130688823
2021-03-03,0.5758919289981153,0.6931698918548979,0.6305601698472659
2021-03-04,0.5720961099503791,0.6704098366886762,0.6308995522280074
2021-03-05,0.5856258768091204,0.6952667918746979,0.633641705626262
2021-03-08,0.5739897629750795,0.6502504975618414,0.6119782740079629
2021-03-09,0.5603429657407709,0.6061722938249491,0.6046048323628943
2021-03-10,0.5593111390405175,0.5994300827010812,0.5894890845305375
2021-03-11,0.5574524736193756,0.5902194508285914,0.5833956785460627
2021-03-12,0.549574807665914,0.5858083094286335,0.5742824094283634
2021-03-15,0.5487853889184451,0.5868600935011292,0.5744779521717932
2021-03-16,0.5323521972485245,0.5509624737706921,0.5600448940962988
2021-03-17,0.531903261841977,0.5572494050861507,0.5611533227225998
2021-03-18,0.5290684786722374,0.5725025494472511,0.5650466736416309
2021-03-19,0.52811653448931,0.5641991994331612,0.5634284352469343
2021-03-22,0.5240199262612044,0.5693800492789169,0.5580885732813734
2021-03-23,0.5246965845566895,0.5803923659375263,0.562275753807263
2021-03-24,0.521492008265631,0.5629002484249569,0.5599916811884464
2021-03-25,0.5236060203162748,0.5539099037304233,0.5453827575300175
2021-03-26,0.528525163476797,0.48950118781964935,0.5463108263027079
2021-03-29,0.5254077894602829,0.499536035604722,0.5409707417044884
2021-03-30,0.5210116053644493,0.4137658179542123,0.534520386319784
2021-03-31,0.5168342427088071,0.38972486164850406,0.5316490281496957
2021-04-01,0.5180621464166535,0.3667019287700889,0.5323506665688418
2021-04-05,0.5228602124651495,0.3541425195798955,0.5352359461719002
2021-04-06,0.5144766558008906,0.31500895480041163,0.5377495996625226
2021-04-07,0.5133397387123374,0.33128442488795995,0.531249705708708
2021-04-08,0.5359392062892855,0.3467827152101535,0.5248541732565767
2021-04-09,0.532697601887381,0.3621328339147173,0.5192030152777191
2021-04-12,0.5334468473974534,0.362391096981291,0.5176873511199878
2021-04-13,0.5329448010972038,0.3681486013131698,0.5157613803839058
2021-04-14,0.5394509085754057,0.36337550369164556,0.5117300001653908
2021-04-15,0.5221088707356687,0.366628879669285,0.49708307000574226
2021-04-16,0.5219120466858664,0.3746672704289807,0.4956801720532205
2021-04-19,0.5228515735338356,0.3287361655499864,0.4968609517425321
2021-04-20,0.5241112620645468,0.35343305479762804,0.4983176739652969
2021-04-21,0.5238530449305235,0.3762106656705477,0.49283858543140424
2021-04-22,0.5364138720307986,0.3948964111167803,0.49570951815291375
2021-04-23,0.5380373586242909,0.42831310772001063,0.4984687374446058
2021-04-26,0.5396707112474807,0.43688564661016643,0.4999096795147877
2021-04-27,0.5423921658923787,0.4076202132499342,0.4996862147204252
2021-04-28,0.508332412869359,0.4026290851601639,0.4891605184656124
2021-04-29,0.5019916538166532,0.383727736033331,0.4886221128481192
2021-04-30,0.471559544904929,0.41869981699355974,0.45517409206470144
2021-05-03,0.45656367613100124,0.398326308461661,0.454818912897461
2021-05-04,0.4458499000337795,0.3589309131173389,0.4534893446704503
2021-05-05,0.4477389319257559,0.35272230995670506,0.4535978172917307
2021-05-06,0.4438332301552503,0.3730233890116984,0.4476791617639135
2021-05-07,0.44745775992417575,0.3991896770288063,0.4574269619035038
2021-05-10,0.4448789820191153,0.3948499660514922,0.44887716592435967
2021-05-11,0.44903348981404767,0.41523480609158386,0.4522876713335356
2021-05-12,0.4792221987799349,0.5394244698455328,0.4919931614777693
2021-05-13,0.48904860907411074,0.5715970292647643,0.5022543659870349
2021-05-14,0.4920322540786166,0.5977963877895189,0.5060013920681343
2021-05-17,0.4958015972480569,0.5985664857286301,0.5026073917140106
2021-05-18,0.5026538099311563,0.6055935427107282,0.5016529961992464
2021-05-19,0.5003967927433944,0.6040611008828175,0.49872052759061214
2021-05-20,0.508185141351473,0.5929773096540115,0.49744983969075574
2021-05-21,0.5135847969557268,0.577100589240287,0.4921453273502125
2021-05-24,0.5161520890063066,0.5700565898092729,0.4931313756937143
2021-05-25,0.5134264778258728,0.5714034151933469,0.4907121731197294
2021-05-26,0.47698385462338067,0.5704167838363295,0.4927456500487132
2021-05-27,0.4801005379907803,0.5709876766628768,0.48593283727102193
2021-05-28,0.44721262220113067,0.5886278986461857,0.4860864359377842
2021-06-01,0.4355162855782071,0.5676990675419046,0.48329842135096945
2021-06-02,0.4265127388764648,0.576418380082911,0.48507875984110305
2021-06-03,0.4200763342389158,0.5860438709565661,0.48204714523149816
2021-06-04,0.4011385166009931,0.5965441222443727,0.48424780692817493
2021-06-07,0.41348977054194286,0.5880438594694785,0.483958778221913
2021-06-08,0.4271687744888048,0.5729734008885747,0.48339332677372504
2021-06-09,0.4280747795458527,0.5977665518611418,0.48274752902936896
2021-06-10,0.4247261137116204,0.5624009668504362,0.4802483943993418
2021-06-11,0.42739252822064516,0.42483806160482784,0.4774402388733978
2021-06-14,0.4254331676657889,0.37570148986319585,0.4762811906653877
2021-06-15,0.4280138323215387,0.26654900298518874,0.47374648493852156
2021-06-16,0.4335624213639209,0.2924448222620082,0.4751001319160449
2021-06-17,0.4057878530754454,0.18661428019261078,0.4625417146510305
2021-06-18,0.4281530250946449,0.3086010923894516,0.46999506576646444
2021-06-21,0.44853714604714356,0.36919095466692115,0.4759062854625844
2021-06-22,0.44469064883772763,0.38666029759344106,0.47540079235447846
2021-06-23,0.4538920424214883,0.36242834434532545,0.47709263715190425
2021-06-24,0.4580231654400518,0.36858356105806556,0.4793782158319226
2021-06-25,0.4487472647688639,0.37068782725916777,0.48098292870550535
2021-06-28,0.44768056495450675,0.3725333995621537,0.4784664223448797
2021-06-29,0.45136766695029523,0.36820048477895806,0.47658759696094294
2021-06-30,0.45647352154424525,0.3979708505958768,0.47621181956314607
2021-07-01,0.45638324962857435,0.41343195906156266,0.4772795223199209
2021-07-02,0.4498295204958862,0.4514777026960897,0.4784215360563322
2021-07-06,0.4464984053433796,0.44538095609171513,0.4705406261561597
2021-07-07,0.4479671605121919,0.44051181440013004,0.469924225851274
2021-07-08,0.4564903248556058,0.47316921266576634,0.48755738211343386
2021-07-09,0.4592829129738933,0.49862324686317383,0.4866020079374619
2021-07-12,0.46135021934957104,0.5150903712311725,0.4875363995362347
2021-07-13,0.4644953606726187,0.5163103916805911,0.48786735413404914
2021-07-14,0.46606127160234656,0.51749590202748,0.49188861193008593
2021-07-15,0.4623225393446962,0.518399695856892,0.49216789982864345
2021-07-16,0.46831978851445677,0.5243970844609526,0.49470043434938626
2021-07-19,0.4872042563688381,0.6404889750298249,0.5015293025900299
2021-07-20,0.49766142793930634,0.6084462774976317,0.5052366669813153
2021-07-21,0.49557863280439857,0.5624225299681975,0.5042265581488319
2021-07-22,0.4836171012586145,0.5522418802326936,0.5065943916936939
2021-07-23,0.4807588912423234,0.5602009561329084,0.5065926592213148
2021-07-26,0.4808732608286352,0.5438918384764267,0.5073986940460092
2021-07-27,0.48070194399158866,0.5381071679736805,0.5085293520945149
2021-07-28,0.4849919380153127,0.547617488014444,0.48835839080533283
2021-07-29,0.4894707260111723,0.543448027838064,0.4863038784118222
2021-07-30,0.49077512308169957,0.5494921805192771,0.4694754853465583
2021-08-02,0.49719882912652746,0.5465176568182164,0.4632006138235848
2021-08-03,0.5084597078076976,0.5522487364761913,0.4586159773872066
2021-08-04,0.5130631477379454,0.5607324217604933,0.4612440777032323
2021-08-05,0.5118926925393382,0.565376047833716,0.4584071106204499
2021-08-06,0.5032955205188999,0.5417665080344707,0.45768298375744443
2021-08-09,0.518523066006225,0.5237690662896572,0.45719525975836295
2021-08-10,0.5023553417027006,0.5007651709309389,0.4548994958716201
2021-08-11,0.45721596827460237,0.49257924305325224,0.45396225635738074
2021-08-12,0.4444060318472723,0.5054301858299866,0.45543461684286707
2021-08-13,0.42275399162022215,0.4986672172175665,0.45383395349343536
2021-08-16,0.4228557252698275,0.46790314921423826,0.4551802510013067
2021-08-17,0.40453611277967955,0.36130906430107984,0.455287664495866
2021-08-18,0.4193384273483527,0.35935283452538724,0.45871728584274735
2021-08-19,0.4094763755398869,0.32305639528312935,0.4606215604103912
2021-08-20,0.41735945417074394,0.35425844674432105,0.4666813354145179
2021-08-23,0.4157877963656981,0.3357968364458028,0.46802016272804775
2021-08-24,0.4116289975712661,0.3339822641080353,0.4649609483691243
2021-08-25,0.4124254172997476,0.333584065877723,0.4417252453758355
2021-08-26,0.4241669977495462,0.364453859796098,0.446236383288349
2021-08-27,0.4299876954667243,0.3974757242716621,0.42642570376401184
2021-08-30,0.4376605335157318,0.3682092291276273,0.42239073103688846
2021-08-31,0.440087504208552,0.3648404327218312,0.4195979456019233
2021-09-01,0.44230148347095394,0.3402066860145263,0.41586335331773
2021-09-02,0.43859567841255126,0.3146575939699899,0.40197254453415443
2021-09-03,0.43866632037195197,0.3030056614307651,0.41081767196308205
2021-09-07,0.4406387733525405,0.3222003926388412,0.41977493190542725
2021-09-08,0.4403116426147476,0.3178540688251372,0.4209500435553405
2021-09-09,0.445979986548543,0.34835534670390866,0.4225291462296419
2021-09-10,0.4572417741561435,0.40080743311065375,0.4297822831027029
2021-09-13,0.45959542087159955,0.3907552236955513,0.4296131362731516
2021-09-14,0.46555133586390174,0.40813041984132437,0.4344840202781067
2021-09-15,0.46993052430704363,0.4518330633641489,0.43911655552098067
2021-09-16,0.4915089179606098,0.49173763655158015,0.4353933914580182
2021-09-17,0.47433823420388216,0.4762921705731429,0.44196862034364115
2021-09-20,0.48374576024224986,0.5936993405641696,0.46017459459487525
2021-09-21,0.4836325908000513,0.5799988094762153,0.4584561534031494
2021-09-22,0.4916799974551378,0.5937418198964909,0.4672110099483419
2021-09-23,0.5020532005221613,0.6381187938789291,0.47367576355992613
2021-09-24,0.5015329305347822,0.6367466497058256,0.4686022653466976
2021-09-27,0.4958757994406226,0.5878538739347344,0.46566938872883884
2021-09-28,0.5309891157012298,0.629788505524795,0.4870919737529635
2021-09-29,0.5303129466438238,0.6432586708084878,0.4898798442725654
2021-09-30,0.5401685215762765,0.6535647396218612,0.49642100002850137
2021-10-01,0.5480309606189022,0.6928951261985599,0.49766850389762746
2021-10-04,0.5531644508199504,0.6871758200195505,0.5000358191922635
2021-10-05,0.559966449134095,0.7066062881426765,0.504184356494636
2021-10-06,0.5572273766490252,0.7185156820332594,0.5056647035549767
2021-10-07,0.5554025132775108,0.7312543977732231,0.5063243133673375
2021-10-08,0.5524191106108142,0.7316128622652383,0.5061644726861187
2021-10-11,0.5597245650406539,0.72723224990529,0.5113242693999774
2021-10-12,0.5620760557985417,0.7199654689921956,0.5130131590216683
2021-10-13,0.5631674655001937,0.72152542951617,0.511315586300293
2021-10-14,0.5809140044264658,0.7397893498658814,0.5227956831831685
2021-10-15,0.5680920860997075,0.7467771057119815,0.5235933462710513
2021-10-18,0.5543172856211275,0.7270090576763348,0.521321334686768
2021-10-19,0.5545191937833794,0.697085422061766,0.520210083926098
2021-10-20,0.5546672838386036,0.6782993385744644,0.513799292402729
2021-10-21,0.5485594805252061,0.6610947415529855,0.5089475153439774
2021-10-22,0.5405330986678031,0.628796135495692,0.505633178472117
2021-10-25,0.5395774707612998,0.6180359550994513,0.5043437910013923
2021-10-26,0.5404253832564997,0.6427795022583375,0.5067659916401347
2021-10-27,0.539461352725537,0.5460171775557197,0.5096229710578797
2021-10-28,0.5496470147082898,0.567381828550322,0.5144757119535248
2021-10-29,0.5467671507460425,0.5094125433488168,0.5166575905136798
2021-11-01,0.538920854970904,0.4862054061124616,0.518437032305334
2021-11-02,0.5381285580779729,0.41868522713901923,0.5195340565556362
2021-11-03,0.5358566225840163,0.40960568245922746,0.5181761283042884
2021-11-04,0.530222502545927,0.3774966645374266,0.5113387305526974
2021-11-05,0.5268556284715781,0.34956837953667425,0.5165353325275291
2021-11-08,0.5258429183640503,0.33163036906918564,0.5090855971201349
2021-11-09,0.5268069861380187,0.2722028692794026,0.48862296164848107
2021-11-10,0.5278642944019041,0.30716410999076016,0.48422341299294186
2021-11-11,0.5251301027584598,0.3116359792085099,0.46875480739689
2021-11-12,0.5308852694353823,0.21293651500980768,0.47133192509743377
2021-11-15,0.5365558401882838,0.19597816091903564,0.4653220829920911
2021-11-16,0.5207702813678587,0.19552908201874777,0.4627894309259816
2021-11-17,0.5280729697442822,0.19022416793740626,0.46144776007774385
2021-11-18,0.5213576987339151,0.19708258443991017,0.4609504554504299
2021-11-19,0.5141109678635128,0.19982910608895252,0.4568350346294049
2021-11-22,0.5072355944977304,0.19903830934459427,0.45199595947811877
2021-11-23,0.502175811488906,0.17803710457318436,0.4498586205399657
2021-11-24,0.4969803050856853,0.17986472441157805,0.45225135716619486
2021-11-26,0.5360039916729842,0.4347742464962191,0.4791469906901274
2021-11-29,0.5435887482000317,0.43144460183965283,0.48593007261004584
2021-11-30,0.5701817388586643,0.5283507297347776,0.505692859261774
2021-12-01,0.5752301081130542,0.5451571950578951,0.5100632684471874
2021-12-02,0.587881510436722,0.5760929485763333,0.5173744157425965
2021-12-03,0.5818282395115262,0.5562360122381909,0.5151474781212692
2021-12-06,0.5906869127479277,0.5951396630726434,0.5200574551402299
2021-12-07,0.6085847103249776,0.6442766384665076,0.5319609667909377
2021-12-08,0.6078614686064311,0.6538866009133036,0.5343979003301124
2021-12-09,0.6030534385502622,0.6588028477198856,0.5352975338506444
2021-12-10,0.6035136453319312,0.6623594454005786,0.5364803661116179
2021-12-13,0.5887640734884952,0.6374657113433838,0.5293773715867863
2021-12-14,0.5838485282745427,0.6257569470163179,0.5274311003011001
2021-12-15,0.5887102353770521,0.640107119058408,0.5401180475752619
2021-12-16,0.5663213042025957,0.6090730571052089,0.5212454356999623
2021-12-17,0.5560005930142025,0.6163344097522226,0.5193102978622532
2021-12-20,0.5602025592567336,0.62686282167986,0.5225865711889911
2021-12-21,0.5675465296998903,0.6561503827119705,0.5301360526757274
2021-12-22,0.5677561145034958,0.6763242827003123,0.5321222261725388
2021-12-23,0.5693421553511329,0.6856003349076523,0.5329996493186677
2021-12-27,0.587241603354421,0.6992863627295398,0.5415560007398732
2021-12-28,0.565674955818111,0.6568568279597944,0.5421023546565638
2021-12-29,0.5669369532616706,0.6589723350193002,0.5425309243156814
2021-12-30,0.5581692348440044,0.6447330891854536,0.5422417527911383
2021-12-31,0.5537534675618931,0.6335007657159947,0.5404524426276172
2022-01-03,0.5372424537777497,0.5863160792841098,0.535900652035301
2022-01-04,0.5156754149357572,0.5309975234938852,0.5262756455373783
2022-01-05,0.5344839119110137,0.5720314515694163,0.5333915272687818
2022-01-06,0.5256471932393296,0.5090987258032396,0.5286954738622955
2022-01-07,0.5243083022392233,0.5078687855380768,0.5264062895985624
2022-01-10,0.5166782588998818,0.49195803509610436,0.5253932013095404
2022-01-11,0.5189018862185404,0.49924211378877315,0.5285582010711679
2022-01-12,0.5181615059476005,0.5089127622263946,0.5280036973923035
2022-01-13,0.509185499780806,0.5260849422671916,0.5287607121626448
2022-01-14,0.5028849134934711,0.4945649900010862,0.519884912839171
2022-01-18,0.5253881841206327,0.5805235709516273,0.5274838200381593
2022-01-19,0.5290961644718555,0.5887138159735433,0.5299472435260724
2022-01-20,0.5393203043974159,0.5994905645819611,0.5361956717209047
2022-01-21,0.5615068844140599,0.6045652569890066,0.5476451828870041
2022-01-24,0.5671060571215676,0.587962037046612,0.5481302675181795
2022-01-25,0.5642594321161127,0.5630894554955199,0.5475506304459951
2022-01-26,0.5609048376879502,0.491587231895089,0.5461947384584379
2022-01-27,0.5602280951338005,0.47365319772087,0.5438336285013772
2022-01-28,0.571295480000061,0.5609455999448396,0.5535101829235297
2022-01-31,0.5810713558615753,0.5980854163459515,0.5581954891381689
2022-02-01,0.5826387790119233,0.6066529567229604,0.5568177392955953
2022-02-02,0.5851808933652577,0.6365610150244114,0.5590273819263699
2022-02-03,0.5918052024754343,0.6865583373407311,0.563507727203248
2022-02-04,0.5883373562026231,0.6455918983634121,0.5597019456817091
2022-02-07,0.5899967640550969,0.6562849696574656,0.5592662323422364
2022-02-08,0.5927829659497378,0.659483386879817,0.5610135109640684
2022-02-09,0.5980161138697111,0.6764260518831475,0.5652274730639562
2022-02-10,0.6068861233649148,0.6843878942770809,0.5719418936419971
2022-02-11,0.6125599904136974,0.6865663310377051,0.576883898121329
2022-02-14,0.6076982266173989,0.6820570813457707,0.5768003970441244
2022-02-15,0.6132806833448398,0.6997766976842926,0.5826723627847072
2022-02-16,0.6159382789542912,0.6897325734743154,0.5811137073803736
2022-02-17,0.6267834485817262,0.703727406072275,0.5916615535662426
2022-02-18,0.6292100671188259,0.6989705404356329,0.5913871455299777
2022-02-22,0.6361643232743646,0.6763931998267404,0.5926196068220757
2022-02-23,0.6438948434410154,0.6832283549000954,0.5969475071172556
2022-02-24,0.6352682704622683,0.6668779854155192,0.5898196731369143
2022-02-25,0.6399696776594203,0.6666968217131185,0.5937924254085553
2022-02-28,0.6255289267550861,0.6637442902140543,0.5898015553524181
2022-03-01,0.624354059038489,0.6492193403700095,0.5926488638633425
2022-03-02,0.6284789958461505,0.6572529313502019,0.5989952270492797
2022-03-03,0.6234595382669594,0.6482504534060975,0.5967717852012132
2022-03-04,0.6147808114388315,0.6294316956537067,0.5942098775836105
2022-03-07,0.6318585655020287,0.6578382165086871,0.6052674199085802
2022-03-08,0.6218742614305786,0.6588166025812496,0.6034754700801416
2022-03-09,0.621906937342896,0.6784979698214906,0.6107666321849662
2022-03-10,0.6175848964981466,0.6715308754737873,0.6081381550930242
2022-03-11,0.6204486109478629,0.6697666617879378,0.6091802691236385
2022-03-14,0.6145683705117447,0.6483385554315894,0.6062290180292695
2022-03-15,0.6222524548323104,0.6481507036433244,0.6072024357932218
2022-03-16,0.630549022179717,0.6660335984531975,0.6107942734868438
2022-03-17,0.632566487227752,0.669398495047873,0.613488802741166
2022-03-18,0.6409916920757199,0.6658264604441199,0.6120650266928114
2022-03-21,0.6389237121743383,0.644351861891572,0.6065449623241334
2022-03-22,0.639060601748888,0.6411706483936381,0.606949642704339
2022-03-23,0.6361536160952056,0.6416597017017048,0.6078195651203948
2022-03-24,0.6376102054374102,0.6325104437378527,0.6089569810947859
2022-03-25,0.6369766016641557,0.6582565121403516,0.6088679519809808
2022-03-28,0.6285650155266719,0.6435764831398854,0.6102674284245092
2022-03-29,0.6286052234924682,0.6467592019250205,0.6040112077702291
2022-03-30,0.6280076190024446,0.6374045441830818,0.6039204617338308
2022-03-31,0.6339979570491834,0.648498156209118,0.6070559820308588
2022-04-01,0.6329140591019726,0.6521047719706415,0.6044866515958814
2022-04-04,0.632957809657306,0.6447787218688277,0.5997449394010991
2022-04-05,0.6446722248040222,0.6036832043731407,0.6002142064576487
2022-04-06,0.6301839717036842,0.5925391464880151,0.5947734090944724
2022-04-07,0.6318404835487977,0.5583132479142655,0.5924400792088521
2022-04-08,0.6302692467994696,0.5605694557155991,0.5908101442248965
2022-04-11,0.6365010109852188,0.5760094007809753,0.5938061430648749
2022-04-12,0.6346729116517397,0.5838044752289324,0.5937098390358247
2022-04-13,0.6307492437557402,0.5682645179328226,0.590507009200038
2022-04-14,0.6316895184382607,0.5565509033163623,0.5871941218277061
2022-04-18,0.6322389858593506,0.5253046525046686,0.5852553910728827
2022-04-19,0.6294398953018885,0.5471672135810347,0.589409500082286
2022-04-20,0.6165313420800358,0.5119442712237975,0.5816418278977065
2022-04-21,0.6170497070785186,0.5264522631422124,0.5855082103671959
2022-04-22,0.6215804001520097,0.5857460291888509,0.5965782967292329
2022-04-25,0.6179594532227602,0.5528659552206973,0.5960978995077296
2022-04-26,0.6358088017794575,0.601268181439384,0.6070305622040013
2022-04-27,0.6336396621778747,0.5906445997464439,0.6043286111760012
2022-04-28,0.6449300210200202,0.6324938701844849,0.6125736858989899
2022-04-29,0.6678215757246613,0.7026871597049125,0.6309121798909484
2022-05-02,0.6579161560199172,0.6764664615327172,0.6270574313473722
2022-05-03,0.6585309180470915,0.67756211187217,0.6277250308811608
2022-05-04,0.6754339763502565,0.7431017299988271,0.640552697514199
2022-05-05,0.6920880849120473,0.7708427820326015,0.652985654399554
2022-05-06,0.6955855319012176,0.7902485177435806,0.6538858528043132
2022-05-09,0.7051216033193968,0.7991412902337341,0.6623943589510181
2022-05-10,0.7022054253374324,0.8002427647994675,0.6612897061305
2022-05-11,0.6968481944091721,0.785696084958103,0.6594005238414
2022-05-12,0.6920490382214038,0.7791224477578367,0.6581681823931038
2022-05-13,0.6955244288679351,0.790695441549966,0.6616203920946944
2022-05-16,0.6951782081419587,0.7881642075457418,0.6593975141758095
2022-05-17,0.6962602546630595,0.791903169340575,0.661740640738427
2022-05-18,0.7109972712156366,0.8019526496251671,0.673878789459425
2022-05-19,0.707499267374738,0.8206496637699324,0.6739880902699701
2022-05-20,0.7053933740457933,0.8215105886653703,0.6732185387190006
2022-05-23,0.7088191825741106,0.8294121970135366,0.6786327173977185
2022-05-24,0.7006140269894747,0.8208064340720616,0.6759085101967011
2022-05-25,0.7071313635193118,0.8048645643610007,0.6760264913426404
2022-05-26,0.7052528902379295,0.8077755587133602,0.676286665138416
2022-05-27,0.7149646827300186,0.8111753981777009,0.6780858898603356
2022-05-31,0.713914722800616,0.7711874236221486,0.6768276064164161
2022-06-01,0.7095513297054741,0.7836589869304745,0.6750156576057302
2022-06-02,0.7158262179237365,0.7881649512802779,0.6771418675100317
2022-06-03,0.7214231968081009,0.765993533345842,0.6774311994970648
2022-06-06,0.716794251494523,0.7356301409753784,0.6786065708645027
2022-06-07,0.7207667217812168,0.7420066251375788,0.6780059054121782
2022-06-08,0.7192378866638828,0.7254622584480155,0.6750575175675954
2022-06-09,0.728946337532779,0.7529939625129171,0.6792945356105551
2022-06-10,0.7337440610733127,0.7818292682456723,0.6842986684636533
2022-06-13,0.7476649550090027,0.8012931365813277,0.6918735377686882
2022-06-14,0.7495716814389649,0.7874645421814648,0.6960325939923264
2022-06-15,0.7461398504883532,0.7918700541223959,0.6960789249829836
2022-06-16,0.7527096535604596,0.8010714694977826,0.7025446752361061
2022-06-17,0.7470258154127115,0.7704289654179592,0.7034724898245422
2022-06-21,0.7581404179324445,0.7950521470489355,0.7098691210500706
2022-06-22,0.7536148874128753,0.7919090960051427,0.7074072779808457
2022-06-23,0.7479353351054343,0.7701866347351018,0.7019042138601989
2022-06-24,0.7576944779330165,0.8198389334685153,0.7091840840722896
2022-06-27,0.7569852766560657,0.8176157872103358,0.7083374420514938
2022-06-28,0.7569001449178518,0.8101398924214994,0.7063761804302093
2022-06-29,0.755304124290911,0.7921462623200973,0.7051352343759019
2022-06-30,0.7553690667979407,0.7939923956411373,0.7046892300979799
2022-07-01,0.7543224571162301,0.8033467043604555,0.7053691736029385
2022-07-05,0.7447464298570547,0.7673902879286776,0.6994560899495664
2022-07-06,0.7489025753288768,0.7718085468071705,0.7017485478800796
2022-07-07,0.750853736582539,0.7731523830674228,0.7075338378711679
2022-07-08,0.7588508992497911,0.7734050820492916,0.7064654782039139
2022-07-11,0.7588664480543578,0.7697478272023185,0.7075155930187738
2022-07-12,0.7619905229253687,0.7582148006624748,0.7084874214246055
2022-07-13,0.7608756251013352,0.7448045796706805,0.7088977308145517
2022-07-14,0.7586642365854188,0.6901831230341748,0.7067670484274229
2022-07-15,0.759967735302426,0.7051747825931834,0.708882336812499
2022-07-18,0.7586362268037378,0.6964493154717657,0.7081947937613902
2022-07-19,0.7655883204470681,0.6625512015337812,0.7136239051603342
2022-07-20,0.7606628844377745,0.6596461833303102,0.7099609777974336
2022-07-21,0.7685960921742082,0.6194510794636102,0.709267526841231
2022-07-22,0.7652954971856378,0.6264813696189083,0.7072229942797085
2022-07-25,0.758697409257654,0.6398362190974283,0.7029401720704314
2022-07-26,0.7596421437394174,0.5572997691396631,0.702328309954563
2022-07-27,0.7543638991616234,0.5872358040932499,0.7052283375190649
2022-07-28,0.7557233003534404,0.5675063865523962,0.7051512460853614
2022-07-29,0.7515515599357289,0.5696357805883051,0.7057032817471699
2022-08-01,0.732954950560884,0.5652267623038916,0.7042525595495169
2022-08-02,0.7390041211697426,0.5748878548524846,0.7033409468776212
2022-08-03,0.7377924069198062,0.6075587843458283,0.7030556294374882
2022-08-04,0.7250048773482194,0.6085738296595578,0.7015773860918685
2022-08-05,0.7103134978858207,0.5925372093187299,0.7003258764774494
2022-08-08,0.7117754897898719,0.5874055645009644,0.7024786703581246
2022-08-09,0.6990806127793362,0.5718745445236801,0.7018718857448895
2022-08-10,0.7069782448453517,0.5831669834287846,0.7046867844052584
2022-08-11,0.7095295736659601,0.5650672430163863,0.7030978894991996
2022-08-12,0.7162599141272569,0.5869108781439593,0.7040450168948039
2022-08-15,0.7119809559742116,0.580051805405254,0.7041649272539308
2022-08-16,0.7148108309150051,0.5720561868199308,0.7046566797407415
2022-08-17,0.7137403682427191,0.5363648442547646,0.7042914211106235
2022-08-18,0.693015593344461,0.5543884023927592,0.7039638411285113
2022-08-19,0.6958597306140141,0.5919116551331226,0.7027657715724099
2022-08-22,0.7039415332849768,0.629789029641659,0.7044425439858419
2022-08-23,0.6975153691396088,0.6279040539647966,0.7021120549080129
2022-08-24,0.7067684676980189,0.6262696711656144,0.7014968121333457
2022-08-25,0.7103848759484248,0.6198176853425412,0.7073313554806663
2022-08-26,0.7269960498073534,0.7331153328623773,0.7146808973057179
2022-08-29,0.7186085810574694,0.7347351374703447,0.715915709444109
2022-08-30,0.7217433656825459,0.7453688422344089,0.7171440331803869
2022-08-31,0.723875859251609,0.7469916270181195,0.7158035137789969
2022-09-01,0.7154146324758873,0.7416612765919675,0.7156049030956856
2022-09-02,0.7139201546365654,0.7555025380449781,0.7178461055375174
2022-09-06,0.7132039389076198,0.7615235118510031,0.7149521542232982
2022-09-07,0.7154372503159011,0.7678466088732161,0.717894864100352
2022-09-08,0.7138590873736749,0.7688746074303303,0.716229916889238
2022-09-09,0.7077159558636105,0.7631207066582464,0.7198678018412697
2022-09-12,0.699682175868482,0.7795273183019173,0.7198376364917178
2022-09-13,0.7097247529177475,0.8291193001341352,0.7342004479205595
2022-09-14,0.7111078326714243,0.832396874505027,0.7344138503680223
2022-09-15,0.7098725366292161,0.8189720301796025,0.7317257161515368
2022-09-16,0.6910384663884113,0.8144151048405509,0.7303669026059524
2022-09-19,0.6974015877545083,0.8157803814010594,0.7306940456278262
2022-09-20,0.6870407002083265,0.8161222547115811,0.7322783396208398
2022-09-21,0.6988983139053475,0.8201311971212822,0.733797869668564
2022-09-22,0.7066382136244945,0.8243510080844976,0.732845708232536
2022-09-23,0.6864740939905262,0.8098099014347845,0.7317873137739915
2022-09-26,0.6878426913322975,0.7921334493444085,0.7315119114489467
2022-09-27,0.6876302697436593,0.7559717116830316,0.7319231164062285
2022-09-28,0.6965752702296627,0.7813797233121357,0.7338824765782441
2022-09-29,0.7021491435862685,0.7806957490019928,0.7355335413195561
2022-09-30,0.704415867766474,0.7831669030154996,0.7350575673414088
2022-10-03,0.7298659991527778,0.8159023478963101,0.7395639798393923
2022-10-04,0.74659758922171,0.8443359413770513,0.7482982136850151
2022-10-05,0.7426880867361195,0.8406672857492007,0.7475348862098442
2022-10-06,0.7407341020643771,0.8387904933059159,0.7511846453590695
2022-10-07,0.7481089643047897,0.8421155725853771,0.7542366634361679
2022-10-10,0.7463804839570677,0.830791960297299,0.7554824377638203
2022-10-11,0.7428172041150359,0.8165385771182021,0.7533858100168973
2022-10-12,0.7459187734745648,0.7751138987479229,0.7528690278974993
2022-10-13,0.7511470000888498,0.7994485115080486,0.7558541243067841
2022-10-14,0.7585294668702838,0.8153483111134037,0.7582552850782005
2022-10-17,0.7578510120593012,0.827929467453228,0.7622173650745809
2022-10-18,0.7644788837935219,0.8318745946693757,0.761850524332823
2022-10-19,0.7635447769118593,0.8233364862030117,0.765255091769668
2022-10-20,0.7631787154910317,0.8106793310221018,0.7634650023155681
2022-10-21,0.7726776605282156,0.8271643792950503,0.7638277048166984
2022-10-24,0.7754527488883036,0.8314613744199209,0.7657008726045803
2022-10-25,0.7777061904425606,0.8268473703405704,0.7623928096897752
2022-10-26,0.7711772391362918,0.809828193410086,0.7605622832097124
2022-10-27,0.7642160462324002,0.7868229633468621,0.754826159274346
2022-10-28,0.7592012442350591,0.7575768722007585,0.7424254669591639
2022-10-31,0.7585506383591746,0.7480928983580253,0.7453696636525486
2022-11-01,0.7631913659663011,0.7355524558880627,0.7456680663661258
2022-11-02,0.7712314627364109,0.7212845897115193,0.7417994853186964
2022-11-03,0.7642486347200463,0.7097648739902759,0.7313689901699401
2022-11-04,0.7680614081443545,0.7247251064676781,0.7338875917499856
2022-11-07,0.7672705150584217,0.6887497375041931,0.7287129542773241
2022-11-08,0.7640901275464823,0.6895133025549731,0.7308105726526892
2022-11-09,0.7696457462011805,0.7153048723372325,0.7360244671654531
2022-11-10,0.7739704771739481,0.7556465265055508,0.7438723325179437
2022-11-11,0.7774756645359701,0.7446145267447052,0.7451506714326241
2022-11-14,0.7787232016502305,0.7323353655758464,0.7471297195989037
2022-11-15,0.7787750150905732,0.7176663840572197,0.7467109088865824
2022-11-16,0.7780213781423835,0.7163120334534777,0.739820449923538
2022-11-17,0.7769445107164701,0.724652470604702,0.7399898989836174
2022-11-18,0.7731350424043373,0.7308960709304899,0.7407161238631431
2022-11-21,0.7750928171274261,0.7181381617605412,0.738211173006238
2022-11-22,0.7758807862140262,0.7225450277033344,0.7427893351643022
2022-11-23,0.7729078365766057,0.7182755869529501,0.7435154371249924
2022-11-25,0.7613175818651703,0.7319506897977963,0.7441622005625599
2022-11-28,0.7645427941707564,0.7620300608941585,0.7423352700915823
2022-11-29,0.7624350721439375,0.767198077675281,0.7424837838739128
2022-11-30,0.7646769598807571,0.7787175609504231,0.7453786352293411
2022-12-01,0.7687691765565554,0.7779039771263949,0.7437292780499345
2022-12-02,0.769503948173287,0.7576731334995848,0.7432006344332778
2022-12-05,0.7725697092363062,0.7953794045554031,0.7449928403003317
2022-12-06,0.772561395231082,0.7911414403291667,0.7452518340582511
2022-12-07,0.7742035882771073,0.7981070789289019,0.7451388199912065
2022-12-08,0.7716071967714085,0.796671607211176,0.7412009020586964
2022-12-09,0.7693791706773444,0.7805916534323756,0.7375387636410502
2022-12-12,0.750736807101834,0.6879310553348066,0.7296334580125524
2022-12-13,0.7547584897570346,0.7325466172967198,0.7336165862944708
2022-12-14,0.7570537815537421,0.7323847742718362,0.7347364737043209
2022-12-15,0.7594641900792645,0.7451618889440552,0.7285604466157003
2022-12-16,0.7610682425538157,0.7492176548196418,0.732687213733446
2022-12-19,0.7594897475785087,0.748940233651972,0.727625901770249
2022-12-20,0.7554145070581492,0.7522715802920349,0.7297446259694413
2022-12-21,0.7599768072292818,0.7747805996720081,0.7361896405996029
2022-12-22,0.7612369342078343,0.7621635349113184,0.7278957026890007
2022-12-23,0.7618726481837527,0.7635508862711605,0.7286141075707452
2022-12-27,0.7628687952485019,0.7593521865519814,0.7285494655423587
2022-12-28,0.76476177309496,0.7576484910384913,0.7315696671059995
2022-12-29,0.761581596502525,0.7757040305011654,0.7330062516983771
2022-12-30,0.7585607814828327,0.7383835379803846,0.7329424471983947
2023-01-03,0.7488816165611453,0.7266872878547112,0.7387052900013182
2023-01-04,0.7360652411663029,0.7268108956741861,0.7388855750605373
2023-01-05,0.7374821967204231,0.7036126170565735,0.7377277887961106
2023-01-06,0.7458445976309697,0.734394764679216,0.7407180487794692
2023-01-09,0.7300708934724983,0.7115769482740973,0.7382514983127475
2023-01-10,0.7305090287992715,0.7199219126630938,0.7382951651796116
2023-01-11,0.7332573906965637,0.7187605493792105,0.7386505535971163
2023-01-12,0.7339750479162834,0.7101614869607705,0.740488930201706
2023-01-13,0.7338189814426718,0.7139122215762974,0.7437097780101652
2023-01-17,0.7244631085590476,0.7095946131683695,0.7448349239829876
2023-01-18,0.7175158535628217,0.7033670526824229,0.7415115235103075
2023-01-19,0.7129657743384243,0.6737905279127324,0.7422861394015297
2023-01-20,0.7214505511914304,0.7011903901192024,0.7451925432204087
2023-01-23,0.7246699570355619,0.7016477204737266,0.7455102482450837
2023-01-24,0.7182490801288469,0.6882642732139469,0.7471048189694203
2023-01-25,0.7182139105851999,0.685931449451889,0.7480021735860156
2023-01-26,0.7161128306765673,0.692977681617325,0.747035016466099
2023-01-27,0.7205971061368945,0.6980648819823821,0.7460405130336832
2023-01-30,0.7337500290655365,0.680858522442807,0.7486070998347631
2023-01-31,0.7404762633632952,0.6778258988728717,0.751350382518759
2023-02-01,0.7369921712221551,0.6580734060236169,0.7490503864966653
2023-02-02,0.716477565952661,0.5975599355544711,0.7402204723729818
2023-02-03,0.7047819170754712,0.6118679773569122,0.7415581537634661
2023-02-06,0.7153169321540872,0.6072407163514931,0.7426343676847237
2023-02-07,0.7108559373015773,0.5646119862476316,0.7424663357688926
2023-02-08,0.7168470406157926,0.6040270053192429,0.7445035446779593
2023-02-09,0.718299725830493,0.6177826906493367,0.7422113756360067
2023-02-10,0.7011197659391845,0.5713590886879371,0.7411270097209975
2023-02-13,0.6516206926480622,0.5834866203101106,0.7391931601803148
2023-02-14,0.6621790256501993,0.5889247258220399,0.7422926616862029
2023-02-15,0.6594202282212043,0.5864259206466467,0.7422500447055781
2023-02-16,0.6643409705856812,0.5851993473861544,0.7436809730147104
2023-02-17,0.6569130332944572,0.5742256650298924,0.7409618832844448
2023-02-21,0.6670681073510794,0.576256392478028,0.7424497678017008
2023-02-22,0.6710370667264121,0.5691784532060375,0.7403959191579018
2023-02-23,0.6721506808207173,0.56328798440037,0.7417329533031
2023-02-24,0.6676738177468572,0.568223357065974,0.7411435147848847
2023-02-27,0.6670745369256217,0.5554109665254434,0.7391184007454753
2023-02-28,0.6682074063757005,0.563888067651508,0.7300597579316174
2023-03-01,0.6582947828773792,0.5426388748063455,0.7295014225126546
2023-03-02,0.6602558018016534,0.5108661260835946,0.7282959881115351
2023-03-03,0.6447100767447881,0.5499230089422651,0.7294532924426905
2023-03-06,0.6440912732624644,0.6007639803504168,0.7320051047476566
2023-03-07,0.6512731623985635,0.6189655930367761,0.7338220097730005
2023-03-08,0.6404027551761009,0.6186818924528737,0.733247500451159
2023-03-09,0.6417037503529828,0.6274396357813126,0.7332119202489056
2023-03-10,0.6498619932344933,0.6375913542509063,0.7362103339472094
2023-03-13,0.631382466846833,0.5865046014182722,0.7273449833422172
2023-03-14,0.6382156762577234,0.6487100561797808,0.7277750808361115
2023-03-15,0.6190925671378243,0.5861032842660706,0.705138984896208
2023-03-16,0.6272575086003397,0.6311911037925108,0.709203504952683
2023-03-17,0.6265817370788841,0.6344830708452114,0.7093906987718303
2023-03-20,0.6168916639542722,0.6353623862733061,0.7099701397843127
2023-03-21,0.6122797557890992,0.6640564587728849,0.7089772428781013
2023-03-22,0.6258526522694131,0.6758901909968689,0.7107443187861628
2023-03-23,0.622400675089736,0.6643406248286616,0.7053713418239533
2023-03-24,0.6106242597211159,0.6593073465105945,0.7048468066476304
2023-03-27,0.6045531753735452,0.6518514106865756,0.7031585018072536
2023-03-28,0.6037559467469409,0.6472296399142736,0.7027899111553187
2023-03-29,0.613955606318297,0.6647218238837466,0.7052819923870475
2023-03-30,0.6082203140519826,0.6803723854258131,0.7041022563343519
2023-03-31,0.6052638857195308,0.692121885900496,0.7019007876625035
2023-04-03,0.5970030326736834,0.6569853337640623,0.6966911508403
2023-04-04,0.5994381145101864,0.6557841925801858,0.6902752051070519
2023-04-05,0.5856382154976862,0.5897081782306901,0.675497289910332
2023-04-06,0.5854303746309111,0.5941105476174318,0.6767186860776356
2023-04-10,0.5681060202757708,0.540932090171653,0.6772465535616097
2023-04-11,0.5703735100608949,0.48607054478878914,0.6685317681616225
2023-04-12,0.5681487257028964,0.5157621728804346,0.6687559968804766
2023-04-13,0.5691458400247259,0.5046496405457874,0.6715144439735593
2023-04-14,0.5679457945473708,0.524986275250666,0.6715923842292261
2023-04-17,0.5663281497332847,0.49653010776909773,0.6680099273024958
2023-04-18,0.5659966311513404,0.4644814523441712,0.6614258578911348
2023-04-19,0.5556948587893765,0.4543478497885185,0.6535861991801258
2023-04-20,0.5599709427518619,0.4571825125384427,0.6530872740170532
2023-04-21,0.5447603144828168,0.3212451499207724,0.6541241583777958
2023-04-24,0.5414894747554414,0.3597203327415599,0.6551777337829098
2023-04-25,0.5523881838410514,0.473542776022967,0.6521087092386554
2023-04-26,0.5428421182131284,0.43591147278135767,0.6467750779734479
2023-04-27,0.5525777903901227,0.49219665877067914,0.6474560833684602
2023-04-28,0.5593752357345727,0.4726643184893234,0.6531258189438232
2023-05-01,0.5538353037573114,0.4739678188275642,0.6582866227406889
2023-05-02,0.5479539685941416,0.45822949201028207,0.6581945164533716
2023-05-03,0.5521151541613623,0.4844728957685483,0.6587905716897317
2023-05-04,0.5732971193480991,0.49344957381553395,0.6589503777538203
2023-05-05,0.586695357592176,0.6040695671118292,0.6552403779054953
2023-05-08,0.5868302563526632,0.6022638779085487,0.6609681683492257
2023-05-09,0.586006301686283,0.605316983629538,0.6583681920118943
2023-05-10,0.5804012164024726,0.6136303334084268,0.6593126879251754
2023-05-11,0.5754328978638622,0.6149002507815238,0.6588010384022026
2023-05-12,0.5851235077722173,0.5952874949133552,0.6525932970847184
2023-05-15,0.5793764529262742,0.6034747143448004,0.6151628118897626
2023-05-16,0.5857996933799418,0.6101054255485243,0.622941236664001
2023-05-17,0.591532007245232,0.6287385414845064,0.6231732077388181
2023-05-18,0.5805903936394596,0.626877779634108,0.6211765581181418
2023-05-19,0.590943625216062,0.6238947672437557,0.6215018097620211
2023-05-22,0.5708236347197547,0.6281261200575138,0.6209184118173198
2023-05-23,0.5761087351479915,0.6523382945782202,0.6249622756570552
2023-05-24,0.5819153613858017,0.6330967607827767,0.6277907454578887
2023-05-25,0.5516249129757974,0.5774322059321247,0.6123022288552358
2023-05-26,0.5487373451098976,0.5324964747289326,0.6105584485279971
2023-05-30,0.5468453642232306,0.5237583685628121,0.6106171741804545
2023-05-31,0.5489253595522905,0.5156182211590773,0.604024067727971
2023-06-01,0.5534052644814087,0.5113722161190835,0.6075682112381108
2023-06-02,0.544083723836465,0.4941502821450694,0.5931710695161752
2023-06-05,0.5437544026533154,0.47955852427214907,0.5925578233661043
2023-06-06,0.5245690786373415,0.3992510885515103,0.5916282706651945
2023-06-07,0.5149093302877344,0.3645847584291773,0.5788062115379797
2023-06-08,0.4930464906077027,0.3559113667937888,0.5756864414025005
2023-06-09,0.477046983498045,0.3597275460557671,0.5766661490102176
2023-06-12,0.4888999874510374,0.3608002014893047,0.5756409345087974
2023-06-13,0.478329332205466,0.36413176763926436,0.5749988543790409
2023-06-14,0.4856807637992676,0.3571602449877515,0.5707494432268607
2023-06-15,0.47569330368894114,0.3489655073815394,0.5698672790261939
2023-06-16,0.46762040947889055,0.3369127554266153,0.5690691509420757
2023-06-20,0.46672597276125677,0.3473070869909245,0.5592530763507535
2023-06-21,0.4605460168059755,0.34173082829361934,0.5535953589103287
2023-06-22,0.4258042133622818,0.3360211658283385,0.5517817760981593
2023-06-23,0.4398660012967316,0.3109977390575998,0.5541220534164782
2023-06-26,0.4427143476734395,0.28439603258064405,0.547712923861778
2023-06-27,0.4511972346431663,0.37701300785646547,0.5460147801980513
2023-06-28,0.4506453334460806,0.3804553710202773,0.5459210278675191
2023-06-29,0.4342708134638916,0.3780776213786384,0.5459079339222592
2023-06-30,0.44323694725789575,0.3998299115685342,0.5441597028793862
2023-07-03,0.4270640827759175,0.3766729232370039,0.5365118961117659
2023-07-05,0.4337159842310746,0.3321967529377114,0.5349040561905493
2023-07-06,0.4400170597843247,0.3675081780551369,0.5387400933505145
2023-07-07,0.4548028922005061,0.3691324646149613,0.5368254226292903
2023-07-10,0.45270747603337763,0.40063870597223944,0.5346896886719943
2023-07-11,0.4522135185503534,0.3977543585775661,0.5220620516225053
2023-07-12,0.4612338317553078,0.41334259031212955,0.527396201867547
2023-07-13,0.4651412307295705,0.4404772103288922,0.5281166057241509
2023-07-14,0.44837955950364605,0.4050526413763522,0.5220878751385315
2023-07-17,0.4468386750665193,0.4064004465182703,0.5212539582136794
2023-07-18,0.4514434157822351,0.36991835177127363,0.5210932267465576
2023-07-19,0.44968280731635063,0.35830877929341026,0.52028468772937
2023-07-20,0.4241683205739564,0.28553822741871343,0.5008000978391661
2023-07-21,0.4183169893308358,0.27731400354477165,0.5005299774195568
2023-07-24,0.4212125717965376,0.296332336820282,0.4922308545541843
2023-07-25,0.4211574475444318,0.2437303455340537,0.48969598246814056
2023-07-26,0.3878222805678861,0.20900533006542657,0.4861850339810404
2023-07-27,0.40247596992001555,0.22899487032373322,0.48795494768625164
2023-07-28,0.38345538075604224,0.2531567582200996,0.488171206397193
2023-07-31,0.37745762732352744,0.2558105985811786,0.48977212126388414
2023-08-01,0.3797444821135455,0.21802786927335918,0.48559241071516157
2023-08-02,0.3850129639568521,0.3069998596790602,0.4834842131715775
2023-08-03,0.37872320266015413,0.313192565682174,0.48397919764049013
2023-08-04,0.37008149131310175,0.2766083403042288,0.4919756068340095
2023-08-07,0.34342459059025743,0.3059494536544203,0.4912316991756222
2023-08-08,0.344103891490253,0.3161314801105857,0.4903128251199323
2023-08-09,0.3448700820203741,0.32761536463652663,0.4891278917710874
2023-08-10,0.3477004929641217,0.30822132466001734,0.48540570457471405
2023-08-11,0.34573527558957595,0.28353357851387456,0.48098942500233993
2023-08-14,0.34312928869507425,0.2979416787204807,0.48505961940834064
2023-08-15,0.36319853636937754,0.3654665545975565,0.4875343589660094
2023-08-16,0.3704217102491255,0.35927427862424177,0.4923160597902593
2023-08-17,0.3647020079250595,0.3621856013671041,0.49377995328545704
2023-08-18,0.36333478470017205,0.4485153667537051,0.48675727679021796
2023-08-21,0.35974124020030335,0.45109157097095726,0.49001199954964564
2023-08-22,0.36296228780892414,0.4352089538035743,0.4763396935596853
2023-08-23,0.35736736318997214,0.4968095418263687,0.4795506782855431
2023-08-24,0.37096178498769394,0.5513843539070824,0.486103563452071
2023-08-25,0.4072887824780426,0.5719927194316745,0.48513465856356897
2023-08-28,0.4119536366070202,0.5620838598907848,0.4867060753450162
2023-08-29,0.43175329385616945,0.6228275606999679,0.49192054965536247
2023-08-30,0.4334747141711295,0.6361815176734742,0.4940654486678895
2023-08-31,0.4230438308504365,0.5927311287338303,0.49329851149145815
2023-09-01,0.40734848312274113,0.5822891345909849,0.48416401666694203
2023-09-05,0.40524189737647076,0.5874453985348066,0.48350307250374003
2023-09-06,0.4169863561659613,0.5971956813824741,0.4755494337484211
2023-09-07,0.4244483748772053,0.578739566960999,0.47396892353899944
2023-09-08,0.4241544739360495,0.5823248745654424,0.4609734663570452
2023-09-11,0.4209005422899749,0.5569456888281276,0.44929104651750806
2023-09-12,0.41582558134720093,0.5358539693741365,0.4556548534924325
2023-09-13,0.4103536141961429,0.5366257807065946,0.4472046120516889
2023-09-14,0.4242031475268431,0.5178808479956578,0.4571013554520169
2023-09-15,0.42513513996433244,0.542413067054836,0.45386508301213874
2023-09-18,0.4225886202695142,0.5278955468323122,0.4498635838861723
2023-09-19,0.4238395850168931,0.5327665633615687,0.44810651794114886
2023-09-20,0.43606685291383845,0.5736526204222974,0.4496513840234096
2023-09-21,0.4741136760370048,0.6417248767273239,0.44933603384745757
2023-09-22,0.46777306140843095,0.6104755682482679,0.45403750768750784
2023-09-25,0.47420612231481307,0.5931620942562685,0.4571118031743029
2023-09-26,0.49305180866359094,0.6287868743283258,0.47124095666629384
2023-09-27,0.489194410919027,0.5981659454106023,0.46951961736009645
2023-09-28,0.49386714097287476,0.5434639679977501,0.46189735801935206
2023-09-29,0.4735233881294626,0.5089627148353693,0.4601460271947004
2023-10-02,0.4612657863420236,0.4765111985219988,0.4453160763541176
2023-10-03,0.4780629872140594,0.5103446534273867,0.45684453728447727
2023-10-04,0.469796592786059,0.5289089295695569,0.4552731088210647
2023-10-05,0.4700700961214892,0.5076670762965905,0.46178705208397514
2023-10-06,0.4828266446291968,0.5588841518625839,0.46598385679857574
2023-10-09,0.4833535188181643,0.5596025164705569,0.4660348997596777
2023-10-10,0.4778473833203298,0.5739387587827044,0.4686154404513725
2023-10-11,0.4691557531015052,0.6056812346387787,0.4675057851813383
2023-10-12,0.4792701268249756,0.6067285769026227,0.46286673919544163
2023-10-13,0.4747779851601968,0.5485355266694592,0.4597181934042975
2023-10-16,0.4842842462610869,0.5713875196984501,0.4657088402020343
2023-10-17,0.48377492313374215,0.5678719790932796,0.46560699546668327
2023-10-18,0.5251381124915863,0.5819848911562284,0.4723120034554546
2023-10-19,0.5298659339956014,0.5794665219956682,0.47271577794488917
2023-10-20,0.5374105463565338,0.5433230627556259,0.4804891563200515
2023-10-23,0.5379824143309196,0.5390320930011142,0.48081447158544655
2023-10-24,0.5505566376373658,0.5443578119882545,0.4728958994999731
2023-10-25,0.5593495706117868,0.5289212333987918,0.48716276501363764
2023-10-26,0.553940092256269,0.5426945130912798,0.47978548929007614
2023-10-27,0.5369986737533737,0.49956655254810167,0.4705603292518372
2023-10-30,0.551488994062522,0.5426917231024961,0.4773746857352526
2023-10-31,0.5488663840712361,0.5807090304344521,0.4764168652916203
2023-11-01,0.558411861501708,0.5753562949978145,0.4786029725061705
2023-11-02,0.589753113893604,0.639895412716004,0.4915651551435654
2023-11-03,0.5902501852963289,0.6561925536988041,0.48123633732889476
2023-11-06,0.5913458033949792,0.6462400657992795,0.480429988191139
2023-11-07,0.5871051529219694,0.6378374776839776,0.4772002115495848
2023-11-08,0.5853946881242807,0.6350528913519004,0.4776254268908175
2023-11-09,0.585352173568954,0.6321145333387814,0.4778570823778686
2023-11-10,0.5995643330905392,0.6519076864930725,0.4857782412693952
2023-11-13,0.5888388740049159,0.6751998449225681,0.48509359694691573
2023-11-14,0.6040013560744869,0.6914274921662708,0.49587622388405395
2023-11-15,0.6038131606323438,0.6971418855638002,0.492293364702917
2023-11-16,0.5999929563654417,0.6718998071060834,0.4908745611849225
2023-11-17,0.6028287761691626,0.6617858429461383,0.49021548881223037
2023-11-20,0.6041841372268052,0.6364764880924906,0.492514777952794
2023-11-21,0.5965710477406871,0.630987359122761,0.48677437334299595
2023-11-22,0.5914336420838762,0.6317568302694297,0.4853425944844787
2023-11-24,0.5890554998855014,0.5864674619393586,0.5034339140571816
2023-11-27,0.5864569311562621,0.5608108946753693,0.5057301881255962
2023-11-28,0.5762056073131988,0.5911905775482753,0.5070000818971514
2023-11-29,0.5731746282647011,0.5880063588991807,0.5076482927322553
2023-11-30,0.571057266526188,0.5642256364401572,0.5018515205001166
2023-12-01,0.575285558306397,0.5586796707328732,0.49807046692336887
2023-12-04,0.5790953732361582,0.4884440001979881,0.49877126883279604
2023-12-05,0.5715735887240934,0.46732787398982745,0.49906038094202504
2023-12-06,0.5778916587425674,0.48390297553605177,0.5060012024233487
2023-12-07,0.5789091503634364,0.5037706736486789,0.50692601941495
2023-12-08,0.5831341859067805,0.5035528256610423,0.5070946362300963
2023-12-11,0.5923538390273138,0.4908997419891298,0.5077978267514948
2023-12-12,0.5941639308920571,0.43556644597958943,0.5066597811106309
2023-12-13,0.5962875911068831,0.4846661901475713,0.5146824821131237
2023-12-14,0.5761310078889438,0.29811563917997413,0.5005416282976345
2023-12-15,0.5754798876308036,0.29664680554662143,0.4991966726515737
2023-12-18,0.5759767713342211,0.3217090462360436,0.500756290504352
2023-12-19,0.5734192658456784,0.33741268937415814,0.5042561191072062
2023-12-20,0.5581108748099184,0.445941397145162,0.5131223152322808
2023-12-21,0.5600541340793338,0.46400944359826113,0.5122542822187346
2023-12-22,0.5585457623542227,0.4581377806539569,0.513707361935024
2023-12-26,0.5405810390670124,0.46212473652330627,0.514487086515095
2023-12-27,0.5452721446359716,0.4597312497721432,0.5152054663036054
2023-12-28,0.545535017613483,0.46075736619183066,0.5168908487183083
2023-12-29,0.5493328564278013,0.47142143590037267,0.5121706640756893
2024-01-02,0.5310276669100377,0.39062503356751993,0.4990290066010912
2024-01-03,0.5191299932091585,0.40802042104940034,0.5012516601231306
2024-01-04,0.5249593084503933,0.4031685296121417,0.4980635175168617
2024-01-05,0.5294507784109372,0.41963439372074135,0.501090599527701
2024-01-08,0.5314607422912964,0.43729972755090707,0.5067924910758198
2024-01-09,0.533531763535249,0.4418299671961031,0.5070343028698883
2024-01-10,0.5338916906945028,0.44635063329192676,0.5057743791048812
2024-01-11,0.5360353030816983,0.4520541518617904,0.5032622332147221
2024-01-12,0.5317145703914403,0.44482484714304793,0.5069390861022688
2024-01-16,0.5400596080201789,0.3911535676171306,0.5085064134215272
2024-01-17,0.5379727325118807,0.4499429093032175,0.5083316655998512
2024-01-18,0.5360258044734317,0.45840910559789866,0.5079775503783578
2024-01-19,0.5255653496149834,0.4751893236883264,0.5260885325797029
2024-01-22,0.5209160048692664,0.46905204117486016,0.5280005215714085
2024-01-23,0.5029322289681099,0.40001607252380916,0.527421743129439
2024-01-24,0.4963181338541606,0.35369253055385064,0.5259776480263123
2024-01-25,0.48915934714750486,0.343967389617804,0.5289683054696901
2024-01-26,0.46399351386413085,0.32063045716380945,0.5249011282639783
2024-01-29,0.4525744138386793,0.34110996659801296,0.525171829221472
2024-01-30,0.4580799764912972,0.3233087946232931,0.5236397056712194
2024-01-31,0.49134126679785317,0.4403442243399387,0.5361395100915682
2024-02-01,0.5001664208532112,0.5684492962875919,0.5372147723056887
2024-02-02,0.4888196523593067,0.5412436307793697,0.5355162801806488
2024-02-05,0.4576652187719903,0.5344189787061806,0.5363614631139743
2024-02-06,0.45001067771165754,0.5092795673927297,0.5328371852452435
2024-02-07,0.4562053050715893,0.4961790187723509,0.5359275201827488
2024-02-08,0.46295283749768745,0.49529464776946835,0.5356787964943047
2024-02-09,0.46083076026305086,0.4844037707358636,0.5344697362523079
2024-02-12,0.4554698721693715,0.4718588978687014,0.5347501989374273
2024-02-13,0.468356833214533,0.5440822212429628,0.544281262406328
2024-02-14,0.47262141571319216,0.5528383869706865,0.5392603110005242
2024-02-15,0.43175546061885306,0.4984555276690764,0.5291179449889241
2024-02-16,0.43312770880227286,0.5187562747087265,0.5276394380057695
2024-02-20,0.44190437632056834,0.5275858426122012,0.5285786914580436
2024-02-21,0.4404705199021485,0.5227826042804081,0.5300581446034923
2024-02-22,0.47877759201085435,0.5960715285194582,0.5449117325501339
2024-02-23,0.47820619307366313,0.6240507273821779,0.5418161622938708
2024-02-26,0.47834034918522783,0.6435177635055647,0.5368095457292091
2024-02-27,0.4772366630772344,0.6494433947262701,0.5356063685632124
2024-02-28,0.47636122052114205,0.6394757444535379,0.5338686848040395
2024-02-29,0.47141688028719675,0.6349412065462032,0.5265500982569921
2024-03-01,0.4722783164106138,0.5411097412062859,0.5263540249007856
2024-03-04,0.47352113903456067,0.5092426530228289,0.5259917107449412
2024-03-05,0.473969957013417,0.532619524817638,0.5257732186046172
2024-03-06,0.47171909029848086,0.5492583417494552,0.5279356109564678
2024-03-07,0.480315168918959,0.5738166542187342,0.5272223516036034
2024-03-08,0.4812255675523088,0.5713077602563874,0.5304550645915261
2024-03-11,0.48238123360505253,0.5743634328338758,0.5302861733150438
2024-03-12,0.4874599419650749,0.5996941812989846,0.5350407897042673
2024-03-13,0.4859720879991827,0.5922876189182293,0.5375133592854627
2024-03-14,0.4849489397007184,0.5237111211565484,0.5373753467604944
2024-03-15,0.4794783723869348,0.5443337923492293,0.5356838664949993
2024-03-18,0.4869650707834661,0.5600859736589352,0.5283136870340749
2024-03-19,0.49103330719444127,0.5601264271639385,0.5295855537282383
2024-03-20,0.4924252772717327,0.549524607591086,0.5305643455433174
2024-03-21,0.49059086825444087,0.5609217009884084,0.5271993026040724
2024-03-22,0.4706348106435517,0.3990380241450084,0.5103931260587312
2024-03-25,0.46845431937718574,0.4098948110756444,0.5101091221324434
2024-03-26,0.470323656456174,0.4084368427661026,0.5101197506357404
2024-03-27,0.46591804604365017,0.40482042465112594,0.4968919677718206
2024-03-28,0.4658143843830583,0.4084081421107855,0.4990815947519447
2024-04-01,0.46246803093774186,0.41706437196515855,0.4977930428589799
2024-04-02,0.4577422810504416,0.4142948869154034,0.4978773740203638
2024-04-03,0.487601614494537,0.43055594645735984,0.5041172923575759
2024-04-04,0.5012993415574292,0.5003557859670165,0.5033887943237273
2024-04-05,0.5115080043122288,0.5440855576878748,0.5112200046861047
2024-04-08,0.5094934870246465,0.5191278282697332,0.5126257940391212
2024-04-09,0.49982289633688437,0.5016432996906425,0.510192268481473
2024-04-10,0.5069156446580317,0.5253291580950831,0.5136874593523332
2024-04-11,0.49909440336973526,0.4813499842830807,0.5096935819299876
2024-04-12,0.5198846558262604,0.5572278521715727,0.5201454740580447
2024-04-15,0.540694882924436,0.6008537712481578,0.5275359417020805
2024-04-16,0.5433239797536975,0.5999729323557323,0.5321817096220145
2024-04-17,0.5330728652787851,0.5898922110580277,0.5255643284625604
2024-04-18,0.5336112220342522,0.5627552223052396,0.5239109874520781
2024-04-19,0.5262448730088317,0.49537131440219806,0.5151526120342723
2024-04-22,0.5380077453599955,0.547001583777727,0.5177586387102661
2024-04-23,0.5471447855664894,0.594974040229885,0.514285236381158
2024-04-24,0.553078211408967,0.5828238887272561,0.5144911645272036
2024-04-25,0.5443051481806412,0.5370451784083368,0.5073020266799826
2024-04-26,0.5510201825518399,0.5564711043857283,0.5006292514968007
2024-04-29,0.5393901920417191,0.5371594574923453,0.49140737005338275
2024-04-30,0.5621211940364391,0.5792663873101535,0.5112656500559963
2024-05-01,0.5320173690923343,0.5818803143229259,0.5055985667924633
2024-05-02,0.5269754444218478,0.6110551871294061,0.5073306046919178
2024-05-03,0.532839830771404,0.5916122503084769,0.5048804201905928
2024-05-06,0.5472551429417515,0.5911637952230537,0.4950237188979961
2024-05-07,0.5476165866119532,0.5826117252942173,0.4921186444861167
2024-05-08,0.5429253008415468,0.5851450134348948,0.4933568735053127
2024-05-09,0.543266384158906,0.5818659319100195,0.4968432393458115
2024-05-10,0.546492478444003,0.6035047507130724,0.49765826305463184
2024-05-13,0.5479787230619564,0.5717393296967944,0.4970767026052816
2024-05-14,0.529986989515339,0.5102845421009669,0.49091219789815466
2024-05-15,0.5330403601040582,0.5207812527043019,0.49376715797301174
2024-05-16,0.5339478900753617,0.5002428925424385,0.4754500189584142
2024-05-17,0.5329558535763905,0.5064405606387773,0.4746595703416205
2024-05-20,0.5200274721223035,0.47626890591682064,0.4722182476686227
2024-05-21,0.5240231771934922,0.45469207312120424,0.47337319593202726
2024-05-22,0.48203279581142117,0.43940727716917394,0.47288181413153213
2024-05-23,0.4791039758929096,0.43548917338168713,0.4716306532664952
2024-05-24,0.48233751082069676,0.47712341211192544,0.4721016982817396
2024-05-28,0.47374446566457357,0.445692714474351,0.467281512536911
2024-05-29,0.4786013375208361,0.4978632951663727,0.46953783149625217
2024-05-30,0.4725374985028518,0.3550800776255681,0.4648819937939972
2024-05-31,0.47070320039736363,0.35748145107850576,0.4652703097203293
2024-06-03,0.46774120242915296,0.3249006444539339,0.4643477056143997
2024-06-04,0.4690473955279097,0.3155809191399255,0.4640591545726183
2024-06-05,0.4759468039036808,0.31072937264071193,0.4667063548371589
2024-06-06,0.46870656684715056,0.3164373312493146,0.46823124194186566
2024-06-07,0.46715068970164325,0.31807932759627733,0.4676540203450038
2024-06-10,0.46821996917138914,0.31945942542392564,0.4682737750762532
2024-06-11,0.44714751499759137,0.2832140245058121,0.4611330474006033
2024-06-12,0.4453609652127932,0.26913230745419336,0.4584276172680729
2024-06-13,0.4433976260850807,0.26055941807185184,0.45677273141777125
2024-06-14,0.44001186745853704,0.21118670055167357,0.44908332692996344
2024-06-17,0.4191104725079318,0.2012500633082575,0.43208761709001364
2024-06-18,0.41701986855787615,0.20611456280837065,0.43285042406713037
2024-06-20,0.4051990601871012,0.20441857725111107,0.42946223247058757
2024-06-21,0.4049418013715492,0.2079164967831593,0.428584937691162
2024-06-24,0.3769803060589612,0.1275604481727618,0.4039758891859039
2024-06-25,0.3645807813450769,0.06931484274277519,0.3947063835639549
2024-06-26,0.3617851825282415,0.05217643424934223,0.39329392808380065
2024-06-27,0.36051148002791106,0.05941750494243592,0.3924630290099076
2024-06-28,0.3638958561163916,0.02974962793501217,0.3941548899096932
2024-07-01,0.36307537486138913,0.027917344081762715,0.39249508226900903
2024-07-02,0.3655261852007303,0.00678329000843682,0.3916309847928254
2024-07-03,0.3629756420201223,0.004097606863194568,0.40468777572516673
2024-07-05,0.34072476642452004,0.008675345363550005,0.4000611668162897
2024-07-08,0.32697494435123975,-0.05585372716764238,0.39928518821857095
2024-07-09,0.32653479878918074,-0.05601023002045643,0.39834230383061564
2024-07-10,0.3364628751651169,-0.017188618621895815,0.3969913871530957
2024-07-11,0.3127766433393486,0.0028085864452966876,0.38987248445105405
2024-07-12,0.3194631306080694,0.039815331270063946,0.3900917677018876
2024-07-15,0.28541118952674344,0.04209480171019483,0.3881694434847125
2024-07-16,0.24884903999937535,0.04761178743231158,0.38400317286826013
2024-07-17,0.24280758006567263,0.09183282811817667,0.3759526628569573
2024-07-18,0.24083589917655315,0.10627940353320356,0.3693871660647489
2024-07-19,0.2464217963769651,0.11522346357037402,0.37056759767400843
2024-07-22,0.24371035314817313,0.12659368938607102,0.3666400853475715
2024-07-23,0.2345433686649548,0.12641064956205536,0.36692652766842637
2024-07-24,0.2654178100042745,0.28293269639632934,0.3812234266778716
2024-07-25,0.26697405019977427,0.3127596963053312,0.38434309226473123
2024-07-26,0.2843310077657504,0.34215679308810837,0.3895332168065975
2024-07-29,0.27764743289938,0.33580034564914196,0.38999641819523617
2024-07-30,0.26683204201641836,0.3052485993507076,0.37833548519844146
2024-07-31,0.22734506952250425,0.2923360639086717,0.3731980470543176
2024-08-01,0.22474533314938772,0.27323493941225246,0.34932609318022995
2024-08-02,0.25003841075686684,0.3220161192644018,0.35324438125155805
2024-08-05,0.33413563355494885,0.4254008086340802,0.399394604487727
2024-08-06,0.3282760004806028,0.4374935612694759,0.40200231827339394
2024-08-07,0.32782729085024703,0.43280884977397827,0.4016707785003434
2024-08-08,0.357379966763671,0.46354910392656384,0.413168592809018
2024-08-09,0.35776932221173485,0.4819749314990716,0.41423985503001354
2024-08-12,0.35540418624616793,0.46969454167343816,0.41351660204447643
2024-08-13,0.3643527846826234,0.4887031816203134,0.4180361363138058
2024-08-14,0.36246081444838835,0.4940460537982951,0.40883699963461817
2024-08-15,0.3696693019645596,0.5380080283427638,0.4137595785301902
2024-08-16,0.3822850857751038,0.5665807070096884,0.4238538125523061
2024-08-19,0.38634993929271105,0.5732161340206711,0.42568422612389895
2024-08-20,0.3900715020172762,0.572215584486083,0.42347958277064834
2024-08-21,0.3895135193007483,0.572330856124234,0.4245956366120893
2024-08-22,0.3857491275724321,0.5460466984900461,0.4057099179179191
2024-08-23,0.3916588948101184,0.5549615894801412,0.40881042124362893
2024-08-26,0.38797076901355154,0.5469515452965276,0.4074494287373701
2024-08-27,0.3927250353401489,0.5506995857821619,0.4073181700088593
2024-08-28,0.3909034056412152,0.5814779835664031,0.408229021093114
2024-08-29,0.39225579687710277,0.6060048703871592,0.40828392572622046
2024-08-30,0.396493271409914,0.6613565481760084,0.41009907958242087
2024-09-03,0.40947685724116767,0.641708555737471,0.41577927721424124
2024-09-04,0.4107449050119696,0.5223031292120961,0.41631839611288907
2024-09-05,0.40041679855446966,0.5013401338018019,0.413311729973996
2024-09-06,0.41702610840732535,0.5612083533379953,0.4210722145749064
2024-09-09,0.423291899908394,0.5310534577833618,0.42374617268843373
2024-09-10,0.41749286238951155,0.5061804704438754,0.4204370253488256
2024-09-11,0.4128402542998971,0.4654434937346142,0.4093372665943465
2024-09-12,0.4196644967186407,0.4490036202305175,0.41315216698517476
2024-09-13,0.4223365620546168,0.4560082374857552,0.41419911091695744
2024-09-16,0.4206875949017196,0.3979905783405486,0.41142649615949506
2024-09-17,0.4253758524671408,0.39081694714191856,0.41604903627809836
2024-09-18,0.42511513895696973,0.37749766777301985,0.41503491532556924
2024-09-19,0.4376492666401522,0.4299273030987107,0.41963831953677244
2024-09-20,0.43638304831000096,0.4268939995286846,0.4187494983371808
2024-09-23,0.44921876757173085,0.43550464836855585,0.4187220117120232
2024-09-24,0.4564758551986114,0.41390831173724035,0.41765987179550323
2024-09-25,0.45577514377363354,0.4175978932365633,0.4164826887200923
2024-09-26,0.45197515138437966,0.40819945985746153,0.4141805647006239
2024-09-27,0.4488596655494951,0.39778905645635587,0.41277870799247013
2024-09-30,0.45272321870677934,0.4108685509492436,0.4146539331500926
2024-10-01,0.4502801904853848,0.39149692418565357,0.41398958752489207
2024-10-02,0.45085709538736624,0.3387889831416072,0.4135028133568185
2024-10-03,0.4492494204874581,0.3284929130810611,0.4053875964610755
2024-10-04,0.45375614138427467,0.3521383803545513,0.4027931997837299
2024-10-07,0.45769336935186294,0.2915737660478459,0.4064312646541269
2024-10-08,0.4524211188337214,0.2704623221335613,0.4071812572609162
2024-10-09,0.4603463660858661,0.28964923072881354,0.40498971463460537
2024-10-10,0.45827292457474267,0.35541855266594624,0.40670585697610545
2024-10-11,0.4603728751560301,0.3322601677729535,0.3982430513078118
2024-10-14,0.4688134522653929,0.34554965907441076,0.3923503226010914
2024-10-15,0.47304523819577315,0.3411553411917844,0.3892209730070744
2024-10-16,0.4756763900174105,0.35122559730999786,0.38823575448553294
2024-10-17,0.47503345222778304,0.34860125745819126,0.38895482875495113
2024-10-18,0.47655751670487484,0.27497594173704726,0.38952913577468135
2024-10-21,0.4721605196796943,0.2684042300069529,0.3838459958838977
2024-10-22,0.458223806738576,0.2716551951627669,0.37945268478752653
2024-10-23,0.46621004118040194,0.32216194021782096,0.38425291410369417
2024-10-24,0.456642012084835,0.2955937788799674,0.3879291801138738
2024-10-25,0.45609773472825405,0.3018011560016855,0.38654419477149865
2024-10-28,0.46868451822480656,0.313367705075953,0.38874522829237473
2024-10-29,0.4706605940316765,0.27935337624474676,0.3732738800583891
2024-10-30,0.4823856771800297,0.263973613085459,0.3718089833345007
2024-10-31,0.5033775845248114,0.4247661603104568,0.38869931379521633
2024-11-01,0.4278358146298602,0.4332230710411482,0.386259950578503
2024-11-04,0.42569824671156575,0.4036026005016013,0.3815785212812225
2024-11-05,0.4389072474548094,0.4314975018947598,0.3885100437978431
2024-11-06,0.42439621549826395,0.49104043936692315,0.3958782563747003
2024-11-07,0.41649250270974586,0.4701101950701177,0.39301780451761714
2024-11-08,0.4151606862203391,0.45868208474929806,0.3915142882241601
2024-11-11,0.403226054847873,0.45268789243817326,0.3888383491120184
2024-11-12,0.40243750496256425,0.4386389983788896,0.3873055667685494
2024-11-13,0.3874100467436806,0.462375259400922,0.3845716682112959
2024-11-14,0.3820132151799909,0.46671507321149935,0.3784082570485971
2024-11-15,0.3801680253903911,0.4570435921437292,0.37953149157521554
2024-11-18,0.3819875435067042,0.4564619749818801,0.38233652495385667
2024-11-19,0.3813967519325287,0.4642856279259143,0.381769780990698
2024-11-20,0.3835380598989352,0.45418614557307657,0.38036774178447663
2024-11-21,0.37395502397175706,0.42654257964648523,0.37955246455401653
2024-11-22,0.37595077450055137,0.4349175270300177,0.3778084409650329
2024-11-25,0.3748115786707473,0.43450323059527096,0.37946150979578447
2024-11-26,0.37632774320948925,0.43806731978693747,0.3783217389144997
2024-11-27,0.3763679412478256,0.4563839161212209,0.37948832895493184
2024-11-29,0.3733213484233633,0.47225066866651694,0.38022503337557734
2024-12-02,0.3596811897676098,0.35034084558705486,0.3795075267132631
2024-12-03,0.35755492395437183,0.3541442210072216,0.37913951236388826
2024-12-04,0.3540582812066587,0.3293860184644455,0.3736179570178338
2024-12-05,0.32456755974244184,0.3005779898043379,0.3727066945467445
2024-12-06,0.3127848245069787,0.1417899204319155,0.3708129711438158
2024-12-09,0.31564047860175337,0.1513601843999821,0.3686431744992895
2024-12-10,0.3300212190763424,0.1329994257239204,0.37052930770927145
2024-12-11,0.3216482738987365,0.15455874844549858,0.37091362591508903
2024-12-12,0.3257024414566185,0.1727946245393957,0.3737897337746985
2024-12-13,0.32761526149982434,0.16888457746271154,0.3733326552528729
2024-12-16,0.32308952748981606,0.13540712497130866,0.3674266926323643
2024-12-17,0.32560329291723444,0.08006847393184197,0.3681578208440832
2024-12-18,0.40906462234597185,0.49402342338216404,0.40692327345909507
2024-12-19,0.40965855475778845,0.48931578312668195,0.40632079959379286
2024-12-20,0.42160629314715525,0.5331380188121118,0.4194776252677285
2024-12-23,0.42284003840665607,0.5525840415589349,0.4242167327471008
2024-12-24,0.4349576957881539,0.5951104800092148,0.429339701033564
2024-12-26,0.4398934339615386,0.605769647730901,0.42948554666987004
2024-12-27,0.4556715170806037,0.6254063520406439,0.4341345255074527
2024-12-30,0.4662195931466637,0.6713806014204902,0.4402265326102316
2024-12-31,0.4734283559639442,0.6496227135032839,0.43962883141830494
2025-01-02,0.4754942985911818,0.6595741782806088,0.4408440460711357
2025-01-03,0.4908464853583459,0.6937697332136237,0.44745047754569955
2025-01-06,0.48400587513882753,0.710868287872545,0.4472138236083762
2025-01-07,0.4822506629999867,0.7159206108197053,0.4504521803594647
2025-01-08,0.4826783246154412,0.7345074074503185,0.447385595634728
2025-01-10,0.495752281864523,0.7623584246354789,0.4585889007899125
2025-01-13,0.4887863064778713,0.7679697793748625,0.4548580847909451
2025-01-14,0.4861732329653546,0.779827812711143,0.45460016559952343
2025-01-15,0.5104838528952123,0.8313290046825191,0.4686712665513748
2025-01-16,0.5163194944586766,0.8163473452687283,0.47475206605154663
2025-01-17,0.506739288571078,0.8263219615094176,0.46302179187889125
2025-01-21,0.5090010851956128,0.8220668971668139,0.4646083657157822
2025-01-22,0.4921058704042835,0.634514351562482,0.459115354597559
2025-01-23,0.496089873074682,0.6410278536160421,0.4593646510341789
2025-01-24,0.4929393933739419,0.6055968828924351,0.45349648796340836
2025-01-27,0.43142295069985637,0.4435665572745658,0.430221385116278
2025-01-28,0.4247705003511675,0.3793119713241309,0.4223110423218094
2025-01-29,0.4292715261822531,0.3833240186574551,0.42458167786373363
2025-01-30,0.42846264799175515,0.35500297183563806,0.43076966141223866
2025-01-31,0.4378341051815354,0.3261246397688474,0.43777824076701255
2025-02-03,0.443708252352866,0.3335198005768637,0.44713149322925577
2025-02-04,0.4135617676003929,0.32412455739480805,0.44036599820859834
2025-02-05,0.40740650850788157,0.2735155357180956,0.4008952866174327
2025-02-06,0.40727672749251137,0.2758067569397307,0.3994461281384932
2025-02-07,0.40737947914581984,0.27830004693490906,0.40669323704346777
2025-02-10,0.39112768659325986,0.2754010689853299,0.3927248372360164
2025-02-11,0.39623191274544267,0.20723483065551013,0.39134481634727747
2025-02-12,0.39941329000341314,0.22798709530951936,0.3937045969144093
2025-02-13,0.41511184024031395,0.2591555402284427,0.3938917792205916
2025-02-14,0.4151475537591656,0.162368825467699,0.3937534341082787
2025-02-18,0.41303358294360776,0.1630868460454918,0.38548025851959833
2025-02-19,0.39982540816359624,0.12404094242103039,0.3731218743221217
2025-02-20,0.399664293937535,0.09974038489829469,0.3710152123243935
2025-02-21,0.41677116450947393,0.2171980225664182,0.3811438734431299
2025-02-24,0.4146043110294411,0.19700130124465445,0.3800508273822516
2025-02-25,0.410463906220872,0.19086064516744028,0.3806060541518662
2025-02-26,0.4067123446585516,0.31038402757994416,0.37441006193433163
2025-02-27,0.40849473361747846,0.3414823935903924,0.37756331905019974
2025-02-28,0.4317720333225494,0.4371701565682937,0.38933310926313336
2025-03-03,0.44343927234661,0.48163458328314,0.3986098385645415
2025-03-04,0.4452257743154333,0.46456460396957006,0.4017375351442471
2025-03-05,0.4487443852829574,0.48826486840811956,0.40217830198736093
2025-03-06,0.4662495126008998,0.519342306058868,0.4109026263948308
2025-03-07,0.4644683928499662,0.5313009271443075,0.40904450116016894
2025-03-10,0.49590114405104846,0.5796769085417085,0.4299364869405671
2025-03-11,0.49851577461000474,0.5619828623780543,0.4249297472062907
2025-03-12,0.49748442401139953,0.5409426515225417,0.41833052098710766
2025-03-13,0.506396614838498,0.5390721962734645,0.42507974666667553
2025-03-14,0.5309094459229555,0.5929301516800988,0.44610501157148125
2025-03-17,0.5378119934183563,0.5809480488486068,0.44492520936507307
2025-03-18,0.5407258597374062,0.5944185865986839,0.4474220308747761
2025-03-19,0.548386450911654,0.6142614940070159,0.45291425317042144
2025-03-20,0.552352122253491,0.6118023092432449,0.45267303044140866
2025-03-21,0.551242564723573,0.6124985828640728,0.4525275052838684
2025-03-24,0.5247625382854864,0.643472426716922,0.4577006613896191
2025-03-25,0.5204135681123196,0.6369637504570268,0.4562910193767329
2025-03-26,0.5150505247312922,0.6536470781235316,0.4586986735555565
2025-03-27,0.5124264808271773,0.6653016496544762,0.45845222934289215
2025-03-28,0.5182869675169699,0.7008388997804885,0.4695878276507863
2025-03-31,0.5204922983776571,0.6727329425981712,0.4728291208308823
2025-04-01,0.5089538242535705,0.6593530947782522,0.4716895781721217
2025-04-02,0.5039652845232071,0.6807259781304492,0.4711942189514213
2025-04-03,0.583437868395314,0.7634351241790522,0.528447189750447
2025-04-04,0.6435976236944324,0.7840255997289398,0.5837063491780341
2025-04-07,0.6350419188347509,0.7831864789234724,0.5835719383054703
2025-04-08,0.6388975839319433,0.7878166885687962,0.5854612770235702
2025-04-09,0.8680259377922296,1.0332456747758405,0.7716632972168191
2025-04-10,0.9021449134002668,1.079077071801231,0.8038857342033372
2025-04-11,0.9082092689803117,1.0849787112959681,0.8081576938576189
2025-04-14,0.9113830219623736,1.0888908193532036,0.8084325230543341
2025-04-15,0.9130779304923853,1.0917782282216593,0.8092233099563443
2025-04-16,0.9092279062990583,1.0876702994116998,0.8088333990165436
2025-04-17,0.9088295969721658,1.083211912465465,0.8102330615911258
2025-04-21,0.8724284380101707,1.0312125140449966,0.7788685796591044
2025-04-22,0.8767901487458875,1.029889449753835,0.783848414552192
2025-04-23,0.8800133199890955,1.0245554185839878,0.781686453275379
2025-04-24,0.876793334315139,1.0203071115521358,0.7818417958084524
2025-04-25,0.8762065055792868,1.0197475752248204,0.7806595449734753
2025-04-28,0.9020400376199597,1.0202030322627897,0.7805307641771411
2025-04-29,0.9084978510848812,1.0245072095776646,0.7838881188312579
2025-04-30,0.9066185343366527,1.0242470171168798,0.7834146128243459
2025-05-01,0.9023580334961299,1.020162194259349,0.7798708249074005
2025-05-02,0.9024362378146253,1.0190559057379784,0.7829471791580566
2025-05-05,0.9035128204794729,1.0434795614320702,0.7848800485379436
2025-05-06,0.9020264743105708,1.104006078357645,0.7806152063032601
2025-05-07,0.9049475679888589,1.1091603158425662,0.7812033229987498
2025-05-08,0.9048427717577892,1.1168757488037373,0.7815453341768793
2025-05-09,0.9030122581372342,0.9162296284092066,0.779908763856099
2025-05-12,0.9056480131398659,0.7542330914373235,0.7928714673070092
2025-05-13,0.8950420981898004,0.702401613498605,0.7880514448209879
2025-05-14,0.8916336225127156,0.6968689142256738,0.7866069099933414
2025-05-15,0.889088964728037,0.6721208665349916,0.7874912842784101
2025-05-16,0.8872710823116453,0.6417401156476188,0.7872925271362418
2025-05-19,0.8879042223051589,0.6513751701790207,0.7870807828877099
2025-05-20,0.8864610124720728,0.5736535939412816,0.7841549021930968
2025-05-21,0.886459961677337,0.5787172046217087,0.7872535936363954
2025-05-22,0.8882459859789948,0.5837576507901131,0.7874416707114248
2025-05-23,0.8903126623826028,0.5902902702081642,0.7880677529776718
2025-05-27,0.8970655670232452,0.6505283637767371,0.7924694296549452
2025-05-28,0.899126047782387,0.6619188743739884,0.7939851245966183
2025-05-29,0.9052983487119871,0.6521328051896487,0.7947061458782011
2025-05-30,0.9032942685967662,0.6631425560295464,0.7955024224746187
2025-06-02,0.9064007947991732,0.6821659194712468,0.7953848177669252
2025-06-03,0.9095797641752491,0.6691173485426236,0.7956923034140336
2025-06-04,0.9096418616503875,0.6513661508506018,0.7945533756503997
2025-06-05,0.9114199907878493,0.6347501679542349,0.7954718495263027
2025-06-06,0.9132709358644803,0.6408847424851024,0.79629858491906
2025-06-09,0.9174443769862916,0.6432934963435861,0.7982240463773067
2025-06-10,0.9159309525705497,0.6360372664811855,0.7979289134591525
2025-06-11,0.9188319150764126,0.5065578611448414,0.7999467439379185
2025-06-12,0.9204286303307385,0.5888291141667285,0.8015832926418808
2025-06-13,0.9213157968543761,0.6366964190458448,0.8037545711089223
2025-06-16,0.9211989728609008,0.6261083788739131,0.8050549255650234
2025-06-17,0.9208661505958021,0.6447288165934443,0.8043080803393657
2025-06-18,0.9213736122744041,0.653451596148,0.8052539431251474
2025-06-20,0.9232488097958739,0.6498060689322839,0.8088574834823781
2025-06-23,0.920970329828347,0.5946261215584022,0.8074214835356232
2025-06-24,0.91983865310982,0.5943519868299794,0.80377694853003
2025-06-25,0.9192720785363027,0.5591737875702142,0.8024081472054638
2025-06-26,0.9211190340345796,0.4520579748558274,0.8019895689185529
2025-06-27,0.9213628129869508,0.4145268304903182,0.801481415789478
2025-06-30,0.9225922692570646,0.41502355618017356,0.8002858589570069
2025-07-01,0.9192482549322532,0.3710394864506337,0.7973303229400395
2025-07-02,0.9195289930109606,0.35253878500390373,0.795104078653331
2025-07-03,0.9208108469870041,0.37168386141233317,0.7945758537415805
2025-07-07,0.9310813572473984,0.4020179174916127,0.7947483111720292
2025-07-08,0.9488517782136736,0.3901243166614341,0.793848788464498
2025-07-09,0.9528796209406724,0.37370194804495854,0.7936953895060066
2025-07-10,0.9545789691150119,0.3635011569400604,0.79423354616379
2025-07-11,0.740877172001893,0.3724656931234311,0.7943927648917096
2025-07-14,0.6143031193234023,0.35624699101483326,0.7939759488431838
2025-07-15,0.5901928900766444,0.34210532514071146,0.790311497351754
2025-07-16,0.587276177921572,0.28576635580591736,0.7923536166112503
2025-07-17,0.5836048120474384,0.2848496659702487,0.7933135187361304
2025-07-18,0.5688335730194861,0.22944309528714454,0.7911530396800827
2025-07-21,0.5745637998653039,0.21604994071636446,0.7923972162528521
2025-07-22,0.5263201975293507,0.18289478881791593,0.7901392369335614
2025-07-23,0.48716659910961463,0.1865738330417681,0.7902484934845817
2025-07-24,0.4869429539108312,0.15788661570635387,0.7940874188377424
2025-07-25,0.4783703594038659,0.17063173955148195,0.7935606578011949
2025-07-28,0.4779120503038351,0.14001543318661566,0.792867515305596
2025-07-29,0.477269557562498,0.1527414807711988,0.8115076135749257
2025-07-30,0.4752107584391515,0.15831023402945882,0.815308900393699
2025-07-31,0.4710038931241389,0.17517657476006213,0.8113934865215575
2025-08-01,0.4979683223306979,0.30949451362760005,0.8132922685326788
2025-08-04,0.4995715082136558,0.36975422640027633,0.8145358635017063
2025-08-05,0.4964611533499227,0.35581766156869366,0.8151715096043923
2025-08-06,0.48585375371119083,0.36696071493184035,0.8148777840626689
2025-08-07,0.48526237995156174,0.34817664244234725,0.8168222225082914
2025-08-08,0.48869370356723957,0.3729948491985532,0.8178968104676391
2025-08-11,0.48796665061708294,0.36653246391988775,0.8163469849522382
2025-08-12,0.41796884319138466,0.3816409692678679,0.8164783027521773
2025-08-13,0.4382167729143991,0.393187684891473,0.8151015066588646
2025-08-14,0.44355070478624414,0.3919065239590694,0.8148291387609262
2025-08-15,0.4417043314869778,0.38079843553880754,0.8128694060386031
2025-08-18,0.4424757770891186,0.3825037773772765,0.8132829197816456
2025-08-19,0.4328227412099436,0.3686919288616803,0.81178887418262
2025-08-20,0.43003436982210086,0.39275261507339765,0.797566864837715
2025-08-21,0.4002131586303646,0.379282720506909,0.7986532656818767
2025-08-22,0.42095335498288783,0.4535800586977352,0.8007676825989789
2025-08-25,0.4173723544992349,0.4577693799007671,0.8014256043234428
2025-08-26,0.37059277473297986,0.4784102199187502,0.8041171246694506
2025-08-27,0.36217607661116596,0.4846138161065621,0.8060938990321429
2025-08-28,0.3615649996863098,0.4875700930089852,0.8111667069622156
2025-08-29,0.35730092550478965,0.5058330714123421,0.8074889627489487
2025-09-02,0.36476387366754526,0.4561634422588746,0.8096906463487274
2025-09-03,0.36802222177268784,0.3802531331772015,0.8115900265792587
2025-09-04,0.37654976812507235,0.38799145841494675,0.8123361311414494
2025-09-05,0.374899426723409,0.39520621307544496,0.8125478697897481
2025-09-08,0.3631946414040826,0.40344870151954454,0.8141096454933934
2025-09-09,0.36401484503960424,0.38193188575224934,0.8160512926781813
2025-09-10,0.34448714261182733,0.3036679389250264,0.8117612346814295
2025-09-11,0.3413147933755163,0.289330071067708,0.8120349481565821
2025-09-12,0.34307995465835545,0.289229813014844,0.8130536469101207
2025-09-15,0.32451678037404574,0.2861538355138588,0.8126697768044888
2025-09-16,0.3228309108503074,0.2951558755119135,0.8130514308879857
2025-09-17,0.30884884248857475,0.2958701652006285,0.8129866397956155
2025-09-18,0.2967639474374829,0.2915408109101125,0.8107064764394771
2025-09-19,0.28888119429095066,0.29114709403218997,0.8007479922807639
2025-09-22,0.27856391984366696,0.2500262264156806,0.7992856499558925
2025-09-23,0.2773930286999967,0.16005826554484665,0.799028102143382
2025-09-24,0.2843395609713037,0.13889540658902721,0.7999165903161252
2025-09-25,0.28013357045996434,0.15227641552407514,0.8005139735034125
2025-09-26,0.2818483157922743,0.15951105670337815,0.8008008365794294
2025-09-29,0.2830722447302688,0.15795616086224035,0.801168109253629
2025-09-30,0.289353463817954,0.1610503903305651,0.8000419624906846
2025-10-01,0.2805836347230792,0.09095910530520415,0.7964078778699962
2025-10-02,0.2750209756936283,0.08595540469941518,0.7968082512096148
2025-10-03,0.2611341591891048,0.04113645116326866,0.7976551985976995
2025-10-06,0.2612764455990304,0.02436653485385088,0.7862796765381438
2025-10-07,0.25439688422837475,0.03177785706347036,0.7862609557292866
2025-10-08,0.24899577945442658,0.0242268191920568,0.7835809286005867
2025-10-09,0.24875472157079204,0.07028289440586376,0.5751515658776277
2025-10-10,0.3331306511529403,0.34996611255795584,0.4992801809229376
2025-10-13,0.35693027087211593,0.40983898996720847,0.49118186893839305
2025-10-14,0.34441449089019993,0.3773985154931952,0.4829162117891638
2025-10-15,0.3426065008706006,0.3849917206993794,0.48104593428599185
2025-10-16,0.3441332433215967,0.38638162974409546,0.47036795374935386
2025-10-17,0.34864191825251367,0.4073026877339411,0.4748446113793645
2025-10-20,0.36120277423569513,0.420079408583806,0.4439783207842441
2025-10-21,0.3530027619314291,0.4274320471857394,0.4157439440895478
2025-10-22,0.35529334687313724,0.4196916609357924,0.41609299456839793
2025-10-23,0.35432140269804435,0.4216243590902284,0.41151935278444596
2025-10-24,0.36033941220035187,0.42691967277141535,0.4132889112877335
2025-10-27,0.3695223025268033,0.44872815659353543,0.41652468541533233
2025-10-28,0.3648689634282117,0.43679826927024135,0.4126803503328403
2025-10-29,0.36073367970528075,0.41655266587911877,0.40838769083709514
2025-10-30,0.34611876108162043,0.47819481370648564,0.417312107206246
2025-10-31,0.31999425799421505,0.4601205666770531,0.4069558756628732
2025-11-03,0.3143718009744593,0.468380808489766,0.4026809554730359
2025-11-04,0.31264153447614645,0.4522402165013233,0.39462703319610615
2025-11-05,0.3150455635009815,0.45905785610143385,0.39539638911039066
2025-11-06,0.31126031976561086,0.46867546974879093,0.3948669988571459
2025-11-07,0.3084639065101123,0.45983398972250034,0.3928063718205158
2025-11-10,0.3222689560893451,0.3555628776458791,0.3607719097028787
2025-11-11,0.315864467810778,0.2915322997398847,0.36721498239286976
2025-11-12,0.31398862099372316,0.31388833626228824,0.3685407097347096
2025-11-13,0.34088341197979133,0.3843894007288251,0.38091457591429634
2025-11-14,0.33819657938746694,0.37945537230298276,0.37921038394820117
2025-11-17,0.34876806029583907,0.3776004774444876,0.3804482943743391
2025-11-18,0.34579675892379014,0.34525875860242283,0.3744684597564943
2025-11-19,0.3426965652626901,0.35325515450720796,0.35845325390477195
2025-11-20,0.32270852089446095,0.35804626807516726,0.35843876383320494
2025-11-21,0.3270202288060006,0.3721083087177837,0.35782444396002056
2025-11-24,0.3411671599712095,0.40504710546397327,0.34327802179615247
2025-11-25,0.34325652679691526,0.39601695616866356,0.34129187728024163
2025-11-26,0.3444291014713106,0.4107821868356841,0.34123180281784
2025-11-28,0.347285345318522,0.4423804665933633,0.34149758286612475
2025-12-01,0.34148135984035877,0.41138143093036555,0.34164732979495693
2025-12-02,0.3392437206929846,0.4076133292336041,0.34149963632952596
2025-12-03,0.3318881060286804,0.4107096799342534,0.34115412565397646
2025-12-04,0.3327673138649711,0.4098743082943271,0.3411011300257501
2025-12-05,0.33078575136093363,0.4009793205281192,0.3350578148376961
2025-12-08,0.3280745659888426,0.38472628237056866,0.3339957461387088
2025-12-09,0.34169433078354083,0.39350382671844586,0.3341777974583676
2025-12-10,0.3425485708110665,0.3516308351485852,0.33332004466934206
2025-12-11,0.3387990306605061,0.3582846855328157,0.3311959093540711
2025-12-12,0.3309566197184631,0.3398627698339008,0.31908224507515953
2025-12-15,0.32786877347450255,0.2724157730268746,0.31620455301351497
2025-12-16,0.32659186460541784,0.2804640683409787,0.31116233226033047
2025-12-17,0.33509485019397184,0.2828933912143258,0.31200723007919123
2025-12-18,0.3280639715540593,0.2652267552361189,0.3065623457685325
2025-12-19,0.3292064314089652,0.25435987945641075,0.3025350849073885
2025-12-22,0.33008844807592347,0.23605253147230923,0.30177211983467295
2025-12-23,0.3326174638184924,0.22321015355503074,0.3053876172857593
2025-12-24,0.3336304677387413,0.1670142716617614,0.30290446382988445
2025-12-26,0.3340124821645775,0.14062897611629446,0.303508990299534
2025-12-29,0.33579494971512863,0.1341839480784365,0.30519697952098757
2025-12-30,0.3388014126184829,0.12403374926915162,0.30922615973006506
2025-12-31,0.35663479258058145,0.14310706262083747,0.31443115052325676
2026-01-02,0.35475789742850994,0.1513251584245594,0.31111341633767226
2026-01-05,0.35406350402313763,0.16188463240421988,0.30636818811877736
2026-01-06,0.349780366401391,0.15113562078214343,0.3045503162073106
2026-01-07,0.34853199226548714,0.1590315437095044,0.30124130250034936
2026-01-08,0.3367450725237962,0.12327885505853148,0.29148931085668534
2026-01-09,0.33435645956699256,0.12175945550813655,0.2902013758583603
2026-01-12,0.27286155519636174,0.10404873321672477,0.2900092267497736
2026-01-13,0.25553175428705627,0.10652062204355285,0.2917044844241383
2026-01-14,0.2604782441343361,0.11204532057388672,0.289182574512232
2026-01-15,0.26073351703176356,0.12408100628521464,0.28837458045340414
2026-01-16,0.2585820003160721,0.11932710227091739,0.28845196272548196
2026-01-20,0.30083869437360056,0.28819717213801577,0.3126277860958046
2026-01-21,0.2997985341438766,0.32459685930162474,0.3223471324551627
2026-01-22,0.30007118603625216,0.33904626612448735,0.31836252191058306
2026-01-23,0.2973243315088806,0.32074607751884804,0.31851474211110803
2026-01-26,0.29955711700990995,0.3182956405021065,0.31921873232857223
2026-01-27,0.29087700291501006,0.28950345037090713,0.31736459577048276
2026-01-28,0.27880332687121107,0.2778330240286076,0.3159106692868508
2026-01-29,0.2665678385573106,0.21817473420713782,0.30648310816189167
2026-01-30,0.26181546090945307,0.17674422602293016,0.30091157685099423
2026-02-02,0.24706481924099846,0.149401638687687,0.28551012161407174
2026-02-03,0.2416114400300943,0.14152907011821766,0.2692177281995444
2026-02-04,0.22063495524475052,0.08273054613689147,0.25260904012459057
2026-02-05,0.23273985579081768,0.13531127177377458,0.26045232122562056
2026-02-06,0.2331533825463491,0.15697804202622484,0.2605758865388643
2026-02-09,0.22213939758174642,0.1693852455407729,0.2541731992146821
2026-02-10,0.22305138660064816,0.16759661573704138,0.25412056825757606
2026-02-11,0.20264772370323805,0.163346763529283,0.24907030061663218
2026-02-12,0.22031336918587763,0.20141794491494672,0.25638188902364745
2026-02-13,0.22161795223400566,0.2034661997161111,0.2561257036231574
2026-02-17,0.19780959593336067,0.2003136003811818,0.2565485301366734
2026-02-18,0.19921570482639014,0.20055640581942258,0.2561144947285761
2026-02-19,0.1940322063727089,0.09059376317104488,0.258794599308548
2026-02-20,0.21000717385819997,0.09262518125178831,0.2749073466502959
2026-02-23,0.208975350410395,0.10102728587093893,0.2708353628340109
2026-02-24,0.19997476595609798,0.10816437548739391,0.2600873808103336
2026-02-25,0.19040470870835288,0.10071034142387127,0.25785005386454474
2026-02-26,0.17405007312466436,0.11177877189564837,0.25683073975126836
2026-02-27,0.15902225245916798,0.10940234857211664,0.2515208399759808
2026-03-02,0.15262602185466323,0.12220964343985787,0.2494979616975735
2026-03-03,0.1568949471452425,0.15497926811015286,0.25297702609539235
2026-03-04,0.15204262122180906,0.149657173953853,0.24733457174700155
2026-03-05,0.1571235458382724,0.16473839765655898,0.24810066059783126
2026-03-06,0.17140531072120538,0.24585212572680817,0.25141347525961144
2026-03-09,0.17543567657986694,0.23412712463117538,0.2532251984120345
2026-03-10,0.17767738455008805,0.2047849505268147,0.25360644563122164
2026-03-11,0.17868982231706843,0.2077606921513372,0.25234477453061055
2026-03-12,0.19939685010044206,0.25509225206348013,0.26807971296755917
2026-03-13,0.19911706947112082,0.26804043403616706,0.26888012118846555
2026-03-16,0.21095815461840475,0.2890706546939074,0.27405287947755597
2026-03-17,0.21613600551993664,0.29352942503882307,0.2742894938784096
2026-03-18,0.2383630953025761,0.3382883006291117,0.28411678173751886
2026-03-19,0.2399047203261792,0.33294628046312863,0.2843748240057599
2026-03-20,0.24978998608606337,0.3482846977626827,0.29361428483829793
2026-03-23,0.25413099272179723,0.35717065156160616,0.2929952430137011
2026-03-24,0.25360743835457994,0.38307880115006576,0.29394514439716196
2026-03-25,0.2529473360570454,0.39253571272632104,0.2947672385061127
2026-03-26,0.26139189205919555,0.39131572397482167,0.3009529254338628
2026-03-27,0.27800173630620806,0.42778921956239496,0.3110096206336362
2026-03-30,0.2674547256156296,0.43710151002985786,0.30440206404391285
2026-03-31,0.320642380451067,0.5635488700822002,0.3317848426809427
2026-04-01,0.31787003727248103,0.5535720441844615,0.33124019022327816
2026-04-02,0.3114338883984892,0.5566585421321656,0.3340967533329818
2026-04-06,0.3143888046821676,0.5730317888114791,0.3353485774791362
2026-04-07,0.3121662748739855,0.5616926626705149,0.3348688526695264
2026-04-08,0.3560760716799537,0.6112612725907313,0.3571785846165754
2026-04-09,0.3602865294887125,0.6113530184485092,0.35858622911765736
2026-04-10,0.37043752160807,0.6112021917074193,0.3594680602597393
2026-04-13,0.36795231769974523,0.5846349641481191,0.35768783356206
2026-04-14,0.374212111459901,0.5809559518747284,0.3387574484109466
2026-04-15,0.37482552127952684,0.5675876447871591,0.33222738727480416
2026-04-16,0.37462522268126613,0.5573431422820797,0.3333136367467152
2026-04-17,0.3781274379560684,0.5281167104068226,0.33618290600467365
2026-04-20,0.3793184523490582,0.5304549237206629,0.3362398022481852
2026-04-21,0.35658199741829605,0.5265905454578671,0.3367601522427311
2026-04-22,0.3777075507473117,0.5493222648942127,0.3582556789080176
2026-04-23,0.37058344994674586,0.5205268789550442,0.3544746707598753
2026-04-24,0.3576933660209634,0.4796432532092938,0.3454556353003239
2026-04-27,0.3558122741428403,0.45611005757305995,0.34497795326637937
2026-04-28,0.3549239136270429,0.372264251963844,0.34143481723314617
2026-04-29,0.3547343064467269,0.4219812665252957,0.33654450077787024
2026-04-30,0.3702606999716461,0.2956341012136099,0.3401402556120099
2026-05-01,0.3774744249596959,0.29818859749371157,0.34098239073218983
2026-05-04,0.38114646525723983,0.3195871919349955,0.33726966907024775
2026-05-05,0.38836288344719155,0.30985973213611884,0.33702238666706863
2026-05-06,0.41062881393439316,0.3086340414695661,0.33779158672204407
2026-05-07,0.4032249434957036,0.1903749479247158,0.3383157120664675
2026-05-08,0.38586159969259665,0.14905180298397522,0.32694392996061006
2026-05-11,0.3837403916485836,0.1393846716053021,0.32254399711009907
2026-05-12,0.3728070519266346,0.09446633854139495,0.31837599987042436
2026-05-13,0.37674708333399864,0.06555451183771957,0.31102257894376845
2026-05-14,0.3741023444951162,0.07157216575346115,0.31577510009328436
2026-05-15,0.3821678231463354,0.1339022028048091,0.3208044833230494
2026-05-18,0.3761810532663504,0.07848184847983111,0.3087346853170447
2026-05-19,0.3784793978866363,0.09411298921194787,0.31077470517575817
2026-05-20,0.37455585528412844,0.0649293006206119,0.3066910154823334
2026-05-21,0.37896181446855565,0.05813629658096679,0.31235403433463677
2026-05-22,0.38686552002776164,0.07408140955379704,0.3116749715644257
2026-05-26,0.3756832182209465,0.07821663358231208,0.30239344485807534
2026-05-27,0.37222364015939924,0.07121837214128784,0.2991428497523291
2026-05-28,0.37427916652794874,0.08973413073671924,0.2916963766941853
2026-05-29,0.3772108538425946,0.06526996871945487,0.28372036744699247
2026-06-01,0.3640564998569471,0.025949131527325326,0.2732994759018995
2026-06-02,0.3558495834761309,0.02324026982724113,0.26933784607940897
2026-06-03,0.35855786868217665,0.026700617862471562,0.26975564327951257
2026-06-04,0.334348636743595,-0.02003474171254905,0.2618940348896269
2026-06-05,0.2999331810932029,-0.03108733061654213,0.2527069363483083
2026-06-08,0.2907814708695142,-0.04757564049541832,0.24811583840067328
2026-06-09,0.2795405024657581,-0.04296432893216916,0.2439019456383214
2026-06-10,0.2938315634786572,0.017125744887221645,0.2529972317867977
2026-06-11,0.2807603401355218,0.06440341328611975,0.25323396388867625
2026-06-12,0.2779103613943654,0.06522400653838464,0.25311290229341954
2026-06-15,0.27829410429001433,0.09065819689943817,0.2580358086095967
2026-06-16,0.26437683193192135,0.038778477059969355,0.2523973131136593
2026-06-17,0.25951567702040795,0.08268014974626609,0.25883138638848596
2026-06-18,0.2525163255903358,0.07365337068340877,0.25529768768343103
2026-06-22,0.2394939020964506,0.06392960785568924,0.2517902570350391
2026-06-23,0.24605388698080224,0.07636466071739671,0.26295167122887503
2026-06-24,0.2436973305639634,0.07040867561440539,0.26099596376882966
2026-06-25,0.23932004057378203,0.07645868898911828,0.2576203160612178
2026-06-26,0.22091472537573237,0.07414345581039088,0.25378279695233397
2026-06-29,0.21389791355285934,0.11994844333940671,0.2619532540338838
2026-06-30,0.21514384394561742,0.12598269099091405,0.25742042182220487
2026-07-01,0.14649916549448916,0.11940984819244131,0.24514914790432635
2026-07-02,0.12712972588968416,0.10695920600712432,0.23467567418527938
2026-07-06,0.12989791852221502,0.10660876316573134,0.2334056942617408
2026-07-07,0.12045241972407626,0.10322768630834213,0.22850525461675228
2026-07-08,0.11857837378158304,0.06712806772461609,0.22581439467482636
2026-07-09,0.07431109400957123,0.08024750364506618,0.2253237544364578
2026-07-10,0.07339320045379912,0.09157687444750508,0.22621458203801645
2026-07-13,0.07092164744641868,0.03759145477195488,0.22817319522311577
2026-07-14,0.06734369378490093,0.015159657903373295,0.22652743356649213
2026-07-15,0.054499645648086605,0.008574240465563933,0.22436177736347143
2026-07-16,0.04723668155235045,-0.0270846649372651,0.22045809272035402
2026-07-17,0.057995012564218726,0.008431810772605975,0.2243892594030292
2026-07-20,0.048639748723211404,-0.03138680691667843,0.22440130905114533
2026-07-21,0.04402552042117039,-0.0394352061727462,0.22131769059142228
2026-07-22,0.038480265950279036,-0.03722771720793111,0.20530497648465476
2026-07-23,0.0502117409621539,-0.00828357263954351,0.2074464796230693
2026-07-24,0.048233657100127156,-0.013673830869723087,0.20469493224824786
2026-07-27,0.050498466351384316,-0.011785770242522831,0.20284166789406058
2026-07-28,0.042693912974396564,-0.03249337061348291,0.19574063264226566
2026-07-29,0.05898658752186956,-0.03239651405756809,0.20302313908109523
2026-07-30,0.04622211183114936,-0.05263649659151382,0.1913807587180568
2026-07-31,0.04093653138589574,-0.021423412770594612,0.19555188237834134
2026-08-03,0.054537863486729,0.03848599653930471,0.20347075247467789
2026-08-04,0.05281257256366101,0.02746042608750155,0.2012776063003165
2026-08-05,0.05275157549184613,0.04089659876314009,0.20246964929898575
2026-08-06,0.046115623862444284,0.04783419888962406,0.2087270529851659
2026-08-07,0.04560042967814691,0.05035903780462555,0.2033981519969824
2026-08-10,0.05185325273611596,0.044759689668118406,0.19703488637303054
2026-08-11,0.05566946806009029,0.05101705291241899,0.19888726438691706
2026-08-12,0.05662664372151849,0.04841984336883745,0.19761015026967055
2026-08-13,0.05696608683545339,0.058783586725294545,0.19861824552374646
2026-08-14,0.05451982713575628,0.07440437797257893,0.19314501038314402
2026-08-17,0.0456535851560997,0.05283263133200911,0.19357529273365273
2026-08-18,0.044610170334336924,0.04081272860934645,0.19070968344787015
2026-08-19,0.03755035653463979,0.04327839598957265,0.18689258816234106
2026-08-20,0.04208071048800679,0.06556853276940469,0.1901486957183645
2026-08-21,0.04918368914980134,0.04746533941221892,0.19176785734020502
2026-08-24,0.04582808335464121,0.04838016543467755,0.1892171048721627
2026-08-25,0.050259316276641215,0.05296625922001833,0.18830971744293268
2026-08-26,0.05065185278680818,0.07855638865276994,0.18770531033925827
2026-08-27,0.041382644453026356,-0.01241813315694064,0.1817158605465637
2026-08-28,0.04423640418786131,0.020016314014906656,0.18171308537286285
2026-08-31,0.05260965703738241,0.021650768106216307,0.1823849913174161
2026-09-01,0.05723909022339462,-0.03431110686899988,0.179955663896684
2026-09-02,0.05524089897941401,-0.0558840188994329,0.18021080859101288
2026-09-03,0.06636524024399654,-0.0055582513052148015,0.18213195916251096
2026-09-04,0.05372383746258475,-0.004628094050791755,0.17659245544013966
2026-09-08,0.06188248332231574,-0.0008153985613060288,0.17611345542808443
2026-09-09,0.06809422930380912,0.013818922791736625,0.17687919532271335
2026-09-10,0.05064881924321863,0.012569352664641625,0.17746140248443956
2026-09-11,0.04631552957721007,0.05404258951424945,0.17115070127262313
2026-09-14,0.041122211754740415,0.016581294238103998,0.16591123437795982
2026-09-15,0.029798474272451168,0.019657720898287056,0.16359612833975629
